날짜,지점명,평균기온,최고기온,최저기온,일강수량,평균습도,품목,품종,등급,단위,당일가격(원),1년전가격(원)
2021-03-01,서울,4.7,9.0,0.5,67.5,91.0,토마토,토마토(5kg),상품,5kg,16990.0,15200.0
2021-03-02,서울,2.3,6.9,0.2,0.1,75.9,토마토,토마토(5kg),상품,5kg,16990.0,15170.0
2021-03-03,서울,4.4,9.9,-1.2,0,64.4,토마토,토마토(5kg),상품,5kg,17090.0,15570.0
2021-03-04,서울,7.2,13.0,2.5,0,62.4,토마토,토마토(5kg),상품,5kg,17190.0,16320.0
2021-03-05,서울,9.0,16.2,3.0,0,70.3,토마토,토마토(5kg),상품,5kg,16790.0,15120.0
2021-03-06,서울,6.6,11.6,3.2,0,69.5,토마토,토마토(5kg),상품,5kg,16790.0,15120.0
2021-03-07,서울,6.2,12.2,2.1,0,62.9,토마토,토마토(5kg),상품,5kg,16790.0,15120.0
2021-03-08,서울,7.0,13.9,1.5,0,60.3,토마토,토마토(5kg),상품,5kg,16690.0,15220.0
2021-03-09,서울,6.6,12.2,2.1,0,58.5,토마토,토마토(5kg),상품,5kg,16990.0,15620.0
2021-03-10,서울,8.8,17.1,1.7,0,61.8,토마토,토마토(5kg),상품,5kg,17190.0,15820.0
2021-03-11,서울,10.2,17.1,4.7,0,50.8,토마토,토마토(5kg),상품,5kg,17570.0,16290.0
2021-03-12,서울,10.5,14.9,7.2,0.0,57.0,토마토,토마토(5kg),상품,5kg,18270.0,16590.0
2021-03-13,서울,9.2,14.2,4.6,0,62.8,토마토,토마토(5kg),상품,5kg,18270.0,16590.0
2021-03-14,서울,9.1,14.7,4.9,0,71.4,토마토,토마토(5kg),상품,5kg,18270.0,16590.0
2021-03-15,서울,10.6,15.7,5.1,1.7,68.8,토마토,토마토(5kg),상품,5kg,18840.0,16590.0
2021-03-16,서울,8.4,13.1,4.9,1.3,52.5,토마토,토마토(5kg),상품,5kg,21570.0,16990.0
2021-03-17,서울,8.8,17.5,1.8,0,44.9,토마토,토마토(5kg),상품,5kg,21570.0,17090.0
2021-03-18,서울,11.7,18.4,5.0,0,50.1,토마토,토마토(5kg),상품,5kg,20590.0,17190.0
2021-03-19,서울,15.3,20.2,11.4,0,47.9,토마토,토마토(5kg),상품,5kg,20990.0,16790.0
2021-03-20,서울,9.9,14.7,7.4,5.1,74.6,토마토,토마토(5kg),상품,5kg,20990.0,16790.0
2021-03-21,서울,5.8,8.6,3.1,0.3,65.9,토마토,토마토(5kg),상품,5kg,20990.0,16790.0
2021-03-22,서울,6.2,11.1,1.1,0,55.3,토마토,토마토(5kg),상품,5kg,20470.0,16690.0
2021-03-23,서울,9.1,16.4,2.5,0,63.5,토마토,토마토(5kg),상품,5kg,20040.0,16990.0
2021-03-24,서울,10.8,16.9,5.7,0,61.5,토마토,토마토(5kg),상품,5kg,19040.0,17190.0
2021-03-25,서울,11.9,19.0,6.8,0,68.5,토마토,토마토(5kg),상품,5kg,18920.0,17570.0
2021-03-26,서울,12.6,20.6,4.8,0,58.4,토마토,토마토(5kg),상품,5kg,18920.0,18270.0
2021-03-27,서울,12.1,15.0,10.2,25.5,70.9,토마토,토마토(5kg),상품,5kg,18920.0,18270.0
2021-03-28,서울,9.0,13.0,7.7,9.2,95.8,토마토,토마토(5kg),상품,5kg,18920.0,18270.0
2021-03-29,서울,10.2,14.6,7.3,0.2,62.3,토마토,토마토(5kg),상품,5kg,18470.0,18840.0
2021-03-30,서울,10.8,18.2,4.1,0,47.3,토마토,토마토(5kg),상품,5kg,17670.0,21570.0
2021-03-31,서울,14.5,22.9,5.9,0,41.0,토마토,토마토(5kg),상품,5kg,17670.0,21570.0
2021-04-01,서울,17.7,24.0,12.0,0,33.0,토마토,토마토(5kg),상품,5kg,17870.0,20590.0
2021-04-02,서울,17.8,23.0,12.5,0.0,35.6,토마토,토마토(5kg),상품,5kg,18170.0,20990.0
2021-04-03,서울,14.9,18.0,10.9,56.2,80.8,토마토,토마토(5kg),상품,5kg,18170.0,20990.0
2021-04-04,서울,11.9,15.8,9.0,0.6,65.8,토마토,토마토(5kg),상품,5kg,18170.0,20990.0
2021-04-05,서울,11.9,19.3,5.4,0,47.9,토마토,토마토(5kg),상품,5kg,17970.0,20470.0
2021-04-06,서울,13.9,19.2,9.4,0,50.9,토마토,토마토(5kg),상품,5kg,17970.0,20040.0
2021-04-07,서울,14.1,20.4,8.1,0,47.5,토마토,토마토(5kg),상품,5kg,17970.0,19040.0
2021-04-08,서울,13.0,18.0,7.2,0,34.0,토마토,토마토(5kg),상품,5kg,17970.0,18920.0
2021-04-09,서울,13.6,19.6,7.6,0,39.3,토마토,토마토(5kg),상품,5kg,17970.0,18920.0
2021-04-10,서울,12.6,18.8,7.7,0,50.0,토마토,토마토(5kg),상품,5kg,17970.0,18920.0
2021-04-11,서울,15.0,21.8,7.5,0,45.4,토마토,토마토(5kg),상품,5kg,17970.0,18920.0
2021-04-12,서울,13.8,17.8,11.9,22.0,70.4,토마토,토마토(5kg),상품,5kg,17190.0,18470.0
2021-04-13,서울,10.4,13.5,5.7,8.0,74.0,토마토,토마토(5kg),상품,5kg,17220.0,17670.0
2021-04-14,서울,8.4,13.3,3.1,0,58.5,토마토,토마토(5kg),상품,5kg,17220.0,17670.0
2021-04-15,서울,11.6,18.3,6.3,0,62.3,토마토,토마토(5kg),상품,5kg,16770.0,17870.0
2021-04-16,서울,11.3,14.8,8.1,0.7,60.0,토마토,토마토(5kg),상품,5kg,16570.0,18170.0
2021-04-17,서울,9.6,14.6,6.0,0.0,56.6,토마토,토마토(5kg),상품,5kg,16570.0,18170.0
2021-04-18,서울,9.9,15.3,5.6,0,64.3,토마토,토마토(5kg),상품,5kg,16570.0,18170.0
2021-04-19,서울,12.2,19.4,5.8,0,65.3,토마토,토마토(5kg),상품,5kg,16570.0,17970.0
2021-04-20,서울,14.8,22.0,8.1,0,55.1,토마토,토마토(5kg),상품,5kg,16570.0,17970.0
2021-04-21,서울,19.1,28.2,10.3,0,43.1,토마토,토마토(5kg),상품,5kg,16470.0,17970.0
2021-04-22,서울,20.9,27.5,16.1,0,37.9,토마토,토마토(5kg),상품,5kg,17670.0,17970.0
2021-04-23,서울,19.0,21.7,17.0,0.0,41.4,토마토,토마토(5kg),상품,5kg,16670.0,17970.0
2021-04-24,서울,18.3,22.2,15.3,0.0,43.0,토마토,토마토(5kg),상품,5kg,16670.0,17970.0
2021-04-25,서울,18.2,24.0,12.6,0,50.0,토마토,토마토(5kg),상품,5kg,16670.0,17970.0
2021-04-26,서울,16.2,20.6,12.3,0,51.8,토마토,토마토(5kg),상품,5kg,16490.0,17190.0
2021-04-27,서울,15.4,20.0,12.5,1.7,62.4,토마토,토마토(5kg),상품,5kg,16440.0,17220.0
2021-04-28,서울,14.5,18.2,11.2,4.7,64.1,토마토,토마토(5kg),상품,5kg,15940.0,17220.0
2021-04-29,서울,14.6,20.1,10.9,3.9,54.1,토마토,토마토(5kg),상품,5kg,16240.0,16770.0
2021-04-30,서울,11.3,14.6,8.6,26.3,81.8,토마토,토마토(5kg),상품,5kg,14970.0,16570.0
2021-05-01,서울,10.2,15.3,8.5,8.0,80.8,토마토,토마토(5kg),상품,5kg,14970.0,16570.0
2021-05-02,서울,12.4,18.7,7.3,1.7,67.9,토마토,토마토(5kg),상품,5kg,14970.0,16570.0
2021-05-03,서울,14.1,20.3,8.4,0,56.4,토마토,토마토(5kg),상품,5kg,14970.0,16570.0
2021-05-04,서울,13.8,15.8,11.4,19.6,82.6,토마토,토마토(5kg),상품,5kg,14570.0,16570.0
2021-05-05,서울,13.9,18.4,10.3,0.1,64.4,토마토,토마토(5kg),상품,5kg,14570.0,16470.0
2021-05-06,서울,15.7,23.1,7.9,0,46.4,토마토,토마토(5kg),상품,5kg,13090.0,17670.0
2021-05-07,서울,14.4,17.2,10.7,8.8,60.3,토마토,토마토(5kg),상품,5kg,13090.0,16670.0
2021-05-08,서울,14.3,21.0,8.9,0,66.1,토마토,토마토(5kg),상품,5kg,13090.0,16670.0
2021-05-09,서울,15.7,21.8,10.0,0,51.3,토마토,토마토(5kg),상품,5kg,13090.0,16670.0
2021-05-10,서울,13.2,14.6,11.7,0.0,67.9,토마토,토마토(5kg),상품,5kg,12090.0,16490.0
2021-05-11,서울,18.5,25.7,9.4,0,48.9,토마토,토마토(5kg),상품,5kg,12290.0,16440.0
2021-05-12,서울,22.0,27.7,16.9,0,39.5,토마토,토마토(5kg),상품,5kg,12190.0,15940.0
2021-05-13,서울,22.9,29.6,16.6,0,54.4,토마토,토마토(5kg),상품,5kg,12190.0,16240.0
2021-05-14,서울,24.1,30.8,18.0,0,60.3,토마토,토마토(5kg),상품,5kg,12190.0,14970.0
2021-05-15,서울,22.1,26.2,20.8,15.0,79.5,토마토,토마토(5kg),상품,5kg,12190.0,14970.0
2021-05-16,서울,18.4,20.8,14.8,66.9,97.6,토마토,토마토(5kg),상품,5kg,12190.0,14970.0
2021-05-17,서울,15.3,16.7,14.2,3.1,93.0,토마토,토마토(5kg),상품,5kg,11740.0,14970.0
2021-05-18,서울,17.9,24.5,13.6,0,70.5,토마토,토마토(5kg),상품,5kg,11740.0,14570.0
2021-05-19,서울,19.9,26.6,12.4,0,52.3,토마토,토마토(5kg),상품,5kg,11740.0,14570.0
2021-05-20,서울,18.7,22.9,15.6,0.9,59.8,토마토,토마토(5kg),상품,5kg,11640.0,13090.0
2021-05-21,서울,16.0,18.2,14.2,6.9,86.5,토마토,토마토(5kg),상품,5kg,11140.0,13090.0
2021-05-22,서울,18.6,23.8,13.8,0.2,69.3,토마토,토마토(5kg),상품,5kg,11140.0,13090.0
2021-05-23,서울,19.5,25.1,14.3,0,64.4,토마토,토마토(5kg),상품,5kg,11140.0,13090.0
2021-05-24,서울,19.4,24.5,16.4,0,61.0,토마토,토마토(5kg),상품,5kg,9170.0,12090.0
2021-05-25,서울,15.3,19.3,11.9,8.3,72.3,토마토,토마토(5kg),상품,5kg,8350.0,12290.0
2021-05-26,서울,18.0,23.0,11.5,0.0,58.5,토마토,토마토(5kg),상품,5kg,8350.0,12190.0
2021-05-27,서울,15.8,18.7,13.9,8.9,83.0,토마토,토마토(5kg),상품,5kg,8550.0,12190.0
2021-05-28,서울,15.3,19.7,12.4,12.3,86.0,토마토,토마토(5kg),상품,5kg,8920.0,12190.0
2021-05-29,서울,15.4,19.1,12.8,0.3,79.8,토마토,토마토(5kg),상품,5kg,8920.0,12190.0
2021-05-30,서울,18.4,26.3,10.8,18.1,73.0,토마토,토마토(5kg),상품,5kg,8920.0,12190.0
2021-05-31,서울,19.9,23.8,16.5,4.0,78.9,토마토,토마토(5kg),상품,5kg,8720.0,11740.0
2021-06-01,서울,20.2,23.9,15.9,3.2,74.6,토마토,토마토(5kg),상품,5kg,9120.0,11740.0
2021-06-02,서울,23.2,29.7,16.6,0,64.4,토마토,토마토(5kg),상품,5kg,9120.0,11740.0
2021-06-03,서울,19.1,22.7,14.6,18.1,80.8,토마토,토마토(5kg),상품,5kg,8240.0,11640.0
2021-06-04,서울,18.5,23.6,13.3,0,69.4,토마토,토마토(5kg),상품,5kg,9720.0,11140.0
2021-06-05,서울,20.8,25.7,17.0,0,68.1,토마토,토마토(5kg),상품,5kg,9720.0,11140.0
2021-06-06,서울,23.0,28.2,18.4,0,69.6,토마토,토마토(5kg),상품,5kg,9720.0,11140.0
2021-06-07,서울,21.1,24.0,19.4,0.0,71.5,토마토,토마토(5kg),상품,5kg,10820.0,9170.0
2021-06-08,서울,23.6,29.5,18.8,0.1,69.6,토마토,토마토(5kg),상품,5kg,11270.0,8350.0
2021-06-09,서울,25.8,31.6,19.5,0,59.1,토마토,토마토(5kg),상품,5kg,11270.0,8350.0
2021-06-10,서울,24.9,29.8,20.5,6.1,68.5,토마토,토마토(5kg),상품,5kg,10870.0,8550.0
2021-06-11,서울,21.5,24.4,19.9,4.6,84.5,토마토,토마토(5kg),상품,5kg,10370.0,8920.0
2021-06-12,서울,24.2,30.2,18.2,0,74.6,토마토,토마토(5kg),상품,5kg,10370.0,8920.0
2021-06-13,서울,24.8,29.7,20.9,0,72.6,토마토,토마토(5kg),상품,5kg,10370.0,8920.0
2021-06-14,서울,24.8,30.2,18.9,0,68.8,토마토,토마토(5kg),상품,5kg,9670.0,8720.0
2021-06-15,서울,22.5,25.3,21.5,1.9,79.1,토마토,토마토(5kg),상품,5kg,9470.0,9120.0
2021-06-16,서울,24.3,28.9,20.3,0,59.9,토마토,토마토(5kg),상품,5kg,9470.0,9120.0
2021-06-17,서울,21.9,25.0,19.6,0.0,71.4,토마토,토마토(5kg),상품,5kg,9940.0,8240.0
2021-06-18,서울,20.0,21.4,19.0,6.3,92.1,토마토,토마토(5kg),상품,5kg,10890.0,9720.0
2021-06-19,서울,22.3,27.4,17.5,0,74.0,토마토,토마토(5kg),상품,5kg,10890.0,9720.0
2021-06-20,서울,22.9,29.0,17.6,0,73.3,토마토,토마토(5kg),상품,5kg,10890.0,9720.0
2021-06-21,서울,23.6,28.5,19.2,0,67.0,토마토,토마토(5kg),상품,5kg,10340.0,10820.0
2021-06-22,서울,22.8,28.6,19.7,0.0,67.9,토마토,토마토(5kg),상품,5kg,9090.0,11270.0
2021-06-23,서울,22.4,27.9,18.8,7.5,70.5,토마토,토마토(5kg),상품,5kg,9090.0,11270.0
2021-06-24,서울,23.0,28.0,18.5,0,71.1,토마토,토마토(5kg),상품,5kg,8890.0,10870.0
2021-06-25,서울,24.1,29.5,19.5,0,69.0,토마토,토마토(5kg),상품,5kg,8890.0,10370.0
2021-06-26,서울,22.8,26.7,19.9,4.5,78.5,토마토,토마토(5kg),상품,5kg,8890.0,10370.0
2021-06-27,서울,24.5,30.8,19.8,38.2,72.1,토마토,토마토(5kg),상품,5kg,8890.0,10370.0
2021-06-28,서울,23.7,29.2,21.0,0.1,76.4,토마토,토마토(5kg),상품,5kg,9170.0,9670.0
2021-06-29,서울,23.9,28.4,21.3,8.0,78.6,토마토,토마토(5kg),상품,5kg,9770.0,9470.0
2021-06-30,서울,24.3,28.8,21.0,6.0,77.9,토마토,토마토(5kg),상품,5kg,9970.0,9470.0
2021-07-01,서울,26.3,31.0,21.4,0,70.9,토마토,토마토(5kg),상품,5kg,9970.0,9940.0
2021-07-02,서울,27.1,31.8,23.6,0,64.1,토마토,토마토(5kg),상품,5kg,11220.0,10890.0
2021-07-03,서울,22.6,25.7,19.6,60.0,80.0,토마토,토마토(5kg),상품,5kg,11220.0,10890.0
2021-07-04,서울,21.4,23.1,19.8,21.4,96.8,토마토,토마토(5kg),상품,5kg,11220.0,10890.0
2021-07-05,서울,23.3,26.9,20.1,0,80.3,토마토,토마토(5kg),상품,5kg,13870.0,10340.0
2021-07-06,서울,25.3,30.1,21.0,0,73.4,토마토,토마토(5kg),상품,5kg,13870.0,9090.0
2021-07-07,서울,26.4,29.1,23.9,12.7,78.5,토마토,토마토(5kg),상품,5kg,13670.0,9090.0
2021-07-08,서울,26.0,29.8,23.8,2.9,81.6,토마토,토마토(5kg),상품,5kg,14370.0,8890.0
2021-07-09,서울,25.5,29.2,23.6,0.0,77.3,토마토,토마토(5kg),상품,5kg,13970.0,8890.0
2021-07-10,서울,25.9,29.2,23.1,0.5,80.4,토마토,토마토(5kg),상품,5kg,13970.0,8890.0
2021-07-11,서울,25.7,27.5,24.1,0.4,86.8,토마토,토마토(5kg),상품,5kg,13970.0,8890.0
2021-07-12,서울,28.1,32.5,23.8,0,75.1,토마토,토마토(5kg),상품,5kg,13870.0,9170.0
2021-07-13,서울,28.8,31.5,26.3,0,76.1,토마토,토마토(5kg),상품,5kg,11980.0,9770.0
2021-07-14,서울,29.7,33.5,26.1,0,71.4,토마토,토마토(5kg),상품,5kg,11980.0,9970.0
2021-07-15,서울,29.1,34.5,25.9,0.0,71.1,토마토,토마토(5kg),상품,5kg,11430.0,9970.0
2021-07-16,서울,28.8,35.2,24.2,0,68.4,토마토,토마토(5kg),상품,5kg,10930.0,11220.0
2021-07-17,서울,29.1,32.8,24.7,0.0,63.1,토마토,토마토(5kg),상품,5kg,10930.0,11220.0
2021-07-18,서울,29.6,34.1,25.7,0,62.5,토마토,토마토(5kg),상품,5kg,10930.0,11220.0
2021-07-19,서울,26.4,30.5,24.0,67.4,80.1,토마토,토마토(5kg),상품,5kg,10930.0,13870.0
2021-07-20,서울,27.9,31.8,23.6,0.0,75.8,토마토,토마토(5kg),상품,5kg,11030.0,13870.0
2021-07-21,서울,30.5,35.3,25.3,0,64.0,토마토,토마토(5kg),상품,5kg,11030.0,13670.0
2021-07-22,서울,31.2,35.9,26.5,0,59.8,토마토,토마토(5kg),상품,5kg,11030.0,14370.0
2021-07-23,서울,31.2,35.8,27.2,0,61.8,토마토,토마토(5kg),상품,5kg,11180.0,13970.0
2021-07-24,서울,31.7,36.5,26.9,0,57.4,토마토,토마토(5kg),상품,5kg,11180.0,13970.0
2021-07-25,서울,31.5,35.9,27.2,0,55.8,토마토,토마토(5kg),상품,5kg,11180.0,13970.0
2021-07-26,서울,31.2,35.4,27.4,0,54.9,토마토,토마토(5kg),상품,5kg,10380.0,13870.0
2021-07-27,서울,31.1,35.7,27.8,0,60.5,토마토,토마토(5kg),상품,5kg,10230.0,11980.0
2021-07-28,서울,30.4,34.7,27.1,0.0,67.4,토마토,토마토(5kg),상품,5kg,10230.0,11980.0
2021-07-29,서울,29.6,33.3,27.0,0,69.9,토마토,토마토(5kg),상품,5kg,10230.0,11430.0
2021-07-30,서울,30.5,35.4,25.8,0,63.1,토마토,토마토(5kg),상품,5kg,10430.0,10930.0
2021-07-31,서울,29.8,34.3,26.8,3.0,69.9,토마토,토마토(5kg),상품,5kg,10430.0,10930.0
2021-08-01,서울,27.1,28.8,25.1,21.0,81.8,토마토,토마토(5kg),상품,5kg,10430.0,10930.0
2021-08-02,서울,26.5,28.6,25.0,1.7,82.6,토마토,토마토(5kg),상품,5kg,9440.0,10930.0
2021-08-03,서울,28.0,31.4,24.1,0.0,76.9,토마토,토마토(5kg),상품,5kg,9370.0,11030.0
2021-08-04,서울,28.9,33.2,26.3,0,70.6,토마토,토마토(5kg),상품,5kg,8970.0,11030.0
2021-08-05,서울,29.4,33.7,25.6,0,68.1,토마토,토마토(5kg),상품,5kg,8970.0,11030.0
2021-08-06,서울,28.1,32.2,26.0,0,68.4,토마토,토마토(5kg),상품,5kg,9000.0,11180.0
2021-08-07,서울,28.0,32.3,23.4,0,65.0,토마토,토마토(5kg),상품,5kg,9000.0,11180.0
2021-08-08,서울,26.8,32.1,24.4,12.7,74.8,토마토,토마토(5kg),상품,5kg,9000.0,11180.0
2021-08-09,서울,28.3,33.6,23.3,0,62.4,토마토,토마토(5kg),상품,5kg,9000.0,10380.0
2021-08-10,서울,27.7,32.2,24.3,0,62.5,토마토,토마토(5kg),상품,5kg,9800.0,10230.0
2021-08-11,서울,27.4,31.6,24.1,0.0,70.3,토마토,토마토(5kg),상품,5kg,9550.0,10230.0
2021-08-12,서울,26.8,31.7,24.0,0.0,67.1,토마토,토마토(5kg),상품,5kg,9830.0,10230.0
2021-08-13,서울,26.6,30.1,23.4,0,70.4,토마토,토마토(5kg),상품,5kg,9730.0,10430.0
2021-08-14,서울,26.1,30.5,23.4,0,63.9,토마토,토마토(5kg),상품,5kg,9730.0,10430.0
2021-08-15,서울,26.9,32.4,21.7,0,59.6,토마토,토마토(5kg),상품,5kg,9730.0,10430.0
2021-08-16,서울,27.3,32.8,22.5,0.0,61.1,토마토,토마토(5kg),상품,5kg,9730.0,9440.0
2021-08-17,서울,25.9,31.3,21.9,9.3,65.0,토마토,토마토(5kg),상품,5kg,10450.0,9370.0
2021-08-18,서울,24.3,31.0,20.6,5.6,69.6,토마토,토마토(5kg),상품,5kg,10050.0,8970.0
2021-08-19,서울,26.0,31.5,21.0,0,57.1,토마토,토마토(5kg),상품,5kg,10770.0,8970.0
2021-08-20,서울,26.6,30.7,22.6,0.0,63.6,토마토,토마토(5kg),상품,5kg,12270.0,9000.0
2021-08-21,서울,23.8,25.5,21.0,62.8,88.1,토마토,토마토(5kg),상품,5kg,12270.0,9000.0
2021-08-22,서울,24.4,27.0,22.4,0.0,81.5,토마토,토마토(5kg),상품,5kg,12270.0,9000.0
2021-08-23,서울,22.4,24.0,21.0,7.4,89.3,토마토,토마토(5kg),상품,5kg,12520.0,9000.0
2021-08-24,서울,23.4,26.4,21.1,10.5,93.6,토마토,토마토(5kg),상품,5kg,12620.0,9800.0
2021-08-25,서울,25.0,27.3,23.5,0.3,85.5,토마토,토마토(5kg),상품,5kg,13320.0,9550.0
2021-08-26,서울,25.5,27.9,22.9,0.7,84.9,토마토,토마토(5kg),상품,5kg,13720.0,9830.0
2021-08-27,서울,22.4,25.5,20.4,0.9,83.5,토마토,토마토(5kg),상품,5kg,14150.0,9730.0
2021-08-28,서울,23.6,28.2,19.7,0,80.4,토마토,토마토(5kg),상품,5kg,14150.0,9730.0
2021-08-29,서울,23.7,26.3,21.9,0.9,82.6,토마토,토마토(5kg),상품,5kg,14150.0,9730.0
2021-08-30,서울,24.2,27.7,21.2,0.0,77.5,토마토,토마토(5kg),상품,5kg,13220.0,9730.0
2021-08-31,서울,20.5,23.1,18.1,77.4,93.3,토마토,토마토(5kg),상품,5kg,13470.0,10450.0
2021-09-01,서울,21.4,23.9,18.5,0.8,83.1,토마토,토마토(5kg),상품,5kg,13470.0,10050.0
2021-09-02,서울,23.5,26.7,20.7,0,70.3,토마토,토마토(5kg),상품,5kg,14200.0,10770.0
2021-09-03,서울,24.3,29.2,20.6,0,60.3,토마토,토마토(5kg),상품,5kg,14480.0,12270.0
2021-09-04,서울,23.2,28.6,18.5,0,57.0,토마토,토마토(5kg),상품,5kg,14480.0,12270.0
2021-09-05,서울,23.1,27.3,19.4,0,61.1,토마토,토마토(5kg),상품,5kg,14480.0,12270.0
2021-09-06,서울,22.3,26.4,18.0,12.0,70.1,토마토,토마토(5kg),상품,5kg,14380.0,12520.0
2021-09-07,서울,19.6,20.9,17.6,29.6,98.1,토마토,토마토(5kg),상품,5kg,13970.0,12620.0
2021-09-08,서울,22.2,26.9,19.0,1.6,81.3,토마토,토마토(5kg),상품,5kg,13970.0,13320.0
2021-09-09,서울,23.5,29.1,19.1,0,76.5,토마토,토마토(5kg),상품,5kg,13420.0,13720.0
2021-09-10,서울,23.6,28.9,19.5,0,76.0,토마토,토마토(5kg),상품,5kg,13420.0,14150.0
2021-09-11,서울,24.0,29.4,19.9,0,73.1,토마토,토마토(5kg),상품,5kg,13420.0,14150.0
2021-09-12,서울,24.2,29.8,19.2,0,64.6,토마토,토마토(5kg),상품,5kg,13420.0,14150.0
2021-09-13,서울,24.8,30.3,20.8,0,67.1,토마토,토마토(5kg),상품,5kg,13820.0,13220.0
2021-09-14,서울,24.6,29.5,20.0,0,63.3,토마토,토마토(5kg),상품,5kg,13820.0,13470.0
2021-09-15,서울,23.6,28.9,19.5,0,57.5,토마토,토마토(5kg),상품,5kg,13420.0,13470.0
2021-09-16,서울,22.9,27.3,18.0,0,61.1,토마토,토마토(5kg),상품,5kg,13520.0,14200.0
2021-09-17,서울,23.5,28.2,20.5,0,61.4,토마토,토마토(5kg),상품,5kg,13520.0,14480.0
2021-09-18,서울,23.9,29.8,18.9,0,65.1,토마토,토마토(5kg),상품,5kg,13520.0,14480.0
2021-09-19,서울,23.7,27.8,20.8,0,62.9,토마토,토마토(5kg),상품,5kg,13520.0,14480.0
2021-09-20,서울,23.7,28.4,19.0,0,63.6,토마토,토마토(5kg),상품,5kg,13520.0,14380.0
2021-09-21,서울,22.0,26.2,17.4,68.1,85.1,토마토,토마토(5kg),상품,5kg,13520.0,13970.0
2021-09-22,서울,20.2,24.3,16.8,4.5,79.0,토마토,토마토(5kg),상품,5kg,13520.0,13970.0
2021-09-23,서울,20.9,25.9,16.9,0,67.3,토마토,토마토(5kg),상품,5kg,13520.0,13420.0
2021-09-24,서울,21.8,26.9,16.7,0,67.5,토마토,토마토(5kg),상품,5kg,13650.0,13420.0
2021-09-25,서울,21.2,23.1,18.7,0,72.6,토마토,토마토(5kg),상품,5kg,13650.0,13420.0
2021-09-26,서울,22.6,27.3,18.4,0,63.0,토마토,토마토(5kg),상품,5kg,13650.0,13420.0
2021-09-27,서울,21.6,25.0,18.7,0.0,66.0,토마토,토마토(5kg),상품,5kg,13630.0,13820.0
2021-09-28,서울,21.5,24.4,19.6,1.3,75.1,토마토,토마토(5kg),상품,5kg,14400.0,13820.0
2021-09-29,서울,20.2,21.4,17.8,13.1,93.5,토마토,토마토(5kg),상품,5kg,14400.0,13420.0
2021-09-30,서울,20.3,25.9,16.0,0,83.9,토마토,토마토(5kg),상품,5kg,14300.0,13520.0
2021-10-01,서울,21.1,27.5,16.9,13.3,75.8,토마토,토마토(5kg),상품,5kg,14100.0,13520.0
2021-10-02,서울,20.7,26.6,16.4,0,77.1,토마토,토마토(5kg),상품,5kg,14100.0,13520.0
2021-10-03,서울,22.3,28.8,17.1,0,69.5,토마토,토마토(5kg),상품,5kg,14100.0,13520.0
2021-10-04,서울,22.9,25.6,19.2,3.6,81.0,토마토,토마토(5kg),상품,5kg,14100.0,13520.0
2021-10-05,서울,23.6,26.5,21.7,0.0,82.4,토마토,토마토(5kg),상품,5kg,14380.0,13520.0
2021-10-06,서울,18.8,21.7,17.9,6.4,91.5,토마토,토마토(5kg),상품,5kg,14850.0,13520.0
2021-10-07,서울,19.4,21.9,17.9,4.6,85.5,토마토,토마토(5kg),상품,5kg,15050.0,13520.0
2021-10-08,서울,18.8,20.0,17.5,3.5,91.3,토마토,토마토(5kg),상품,5kg,15050.0,13650.0
2021-10-09,서울,20.9,24.1,18.5,0.4,83.5,토마토,토마토(5kg),상품,5kg,15050.0,13650.0
2021-10-10,서울,19.9,24.3,14.9,14.2,89.0,토마토,토마토(5kg),상품,5kg,15050.0,13650.0
2021-10-11,서울,15.2,17.8,12.6,0.3,78.6,토마토,토마토(5kg),상품,5kg,15050.0,13630.0
2021-10-12,서울,17.9,21.3,15.8,0,67.1,토마토,토마토(5kg),상품,5kg,15050.0,14400.0
2021-10-13,서울,19.6,25.2,14.9,0,66.6,토마토,토마토(5kg),상품,5kg,14250.0,14400.0
2021-10-14,서울,19.7,23.9,17.4,0,73.6,토마토,토마토(5kg),상품,5kg,13650.0,14300.0
2021-10-15,서울,19.0,21.4,17.0,0.0,74.4,토마토,토마토(5kg),상품,5kg,13750.0,14100.0
2021-10-16,서울,10.7,18.1,4.2,0.0,47.5,토마토,토마토(5kg),상품,5kg,13750.0,14100.0
2021-10-17,서울,5.6,10.8,1.3,0,37.4,토마토,토마토(5kg),상품,5kg,13750.0,14100.0
2021-10-18,서울,9.6,16.1,2.8,5.6,60.4,토마토,토마토(5kg),상품,5kg,13970.0,14100.0
2021-10-19,서울,10.9,15.0,7.1,4.4,72.8,토마토,토마토(5kg),상품,5kg,13970.0,14380.0
2021-10-20,서울,9.5,15.8,4.6,0,64.9,토마토,토마토(5kg),상품,5kg,13970.0,14850.0
2021-10-21,서울,9.8,16.2,4.9,0,64.1,토마토,토마토(5kg),상품,5kg,13670.0,15050.0
2021-10-22,서울,10.8,17.2,5.2,0,58.4,토마토,토마토(5kg),상품,5kg,14870.0,15050.0
2021-10-23,서울,11.4,18.4,5.7,0,57.3,토마토,토마토(5kg),상품,5kg,14870.0,15050.0
2021-10-24,서울,11.4,18.1,6.0,0,63.1,토마토,토마토(5kg),상품,5kg,14870.0,15050.0
2021-10-25,서울,11.7,17.6,6.3,0,64.5,토마토,토마토(5kg),상품,5kg,14670.0,15050.0
2021-10-26,서울,13.0,19.0,7.7,0,74.5,토마토,토마토(5kg),상품,5kg,14670.0,15050.0
2021-10-27,서울,13.4,18.1,9.8,0.0,63.4,토마토,토마토(5kg),상품,5kg,14670.0,14250.0
2021-10-28,서울,12.7,20.0,7.1,0,54.6,토마토,토마토(5kg),상품,5kg,17520.0,13650.0
2021-10-29,서울,14.6,20.6,10.5,0,55.9,토마토,토마토(5kg),상품,5kg,17350.0,13750.0
2021-10-30,서울,13.8,18.0,11.0,0,62.4,토마토,토마토(5kg),상품,5kg,17350.0,13750.0
2021-10-31,서울,14.1,20.3,9.2,0.7,73.3,토마토,토마토(5kg),상품,5kg,17350.0,13750.0
2021-11-01,서울,12.9,16.9,10.3,0,77.3,토마토,토마토(5kg),상품,5kg,18680.0,13970.0
2021-11-02,서울,11.5,16.9,7.9,0,76.6,토마토,토마토(5kg),상품,5kg,20020.0,13970.0
2021-11-03,서울,12.1,17.1,7.6,0,71.1,토마토,토마토(5kg),상품,5kg,20020.0,13970.0
2021-11-04,서울,12.1,16.3,8.4,0.0,80.4,토마토,토마토(5kg),상품,5kg,19990.0,13670.0
2021-11-05,서울,13.0,20.2,7.8,0,68.5,토마토,토마토(5kg),상품,5kg,20490.0,14870.0
2021-11-06,서울,14.1,21.3,8.8,0,61.1,토마토,토마토(5kg),상품,5kg,20490.0,14870.0
2021-11-07,서울,15.3,21.3,9.7,0,57.5,토마토,토마토(5kg),상품,5kg,20490.0,14870.0
2021-11-08,서울,8.6,15.5,4.5,25.7,82.1,토마토,토마토(5kg),상품,5kg,20490.0,14670.0
2021-11-09,서울,4.9,6.5,3.0,2.0,80.3,토마토,토마토(5kg),상품,5kg,19120.0,14670.0
2021-11-10,서울,4.2,7.7,0.7,0.3,73.4,토마토,토마토(5kg),상품,5kg,19120.0,14670.0
2021-11-11,서울,5.3,9.7,2.1,0.0,60.6,토마토,토마토(5kg),상품,5kg,19120.0,17520.0
2021-11-12,서울,4.5,8.6,1.3,0,55.4,토마토,토마토(5kg),상품,5kg,19290.0,17350.0
2021-11-13,서울,7.3,13.4,0.5,0,66.1,토마토,토마토(5kg),상품,5kg,19290.0,17350.0
2021-11-14,서울,11.3,16.4,7.8,0,69.8,토마토,토마토(5kg),상품,5kg,19290.0,17350.0
2021-11-15,서울,10.1,15.7,5.8,0,71.3,토마토,토마토(5kg),상품,5kg,20140.0,18680.0
2021-11-16,서울,8.5,13.6,4.4,0,65.5,토마토,토마토(5kg),상품,5kg,19070.0,20020.0
2021-11-17,서울,7.5,12.5,2.7,0,64.1,토마토,토마토(5kg),상품,5kg,19070.0,20020.0
2021-11-18,서울,11.9,16.2,7.7,0.0,70.8,토마토,토마토(5kg),상품,5kg,19070.0,19990.0
2021-11-19,서울,12.9,16.7,10.2,0,84.8,토마토,토마토(5kg),상품,5kg,19070.0,20490.0
2021-11-20,서울,10.4,15.6,6.8,0,77.0,토마토,토마토(5kg),상품,5kg,19070.0,20490.0
2021-11-21,서울,10.4,13.1,7.6,5.9,74.4,토마토,토마토(5kg),상품,5kg,19070.0,20490.0
2021-11-22,서울,2.7,7.5,-0.6,1.3,61.8,토마토,토마토(5kg),상품,5kg,18470.0,20490.0
2021-11-23,서울,-0.6,2.3,-3.7,0,60.9,토마토,토마토(5kg),상품,5kg,18470.0,19120.0
2021-11-24,서울,4.1,9.1,-2.6,0.0,64.3,토마토,토마토(5kg),상품,5kg,18200.0,19120.0
2021-11-25,서울,5.7,9.9,2.6,0,55.0,토마토,토마토(5kg),상품,5kg,18200.0,19120.0
2021-11-26,서울,2.9,7.2,-0.5,0.0,57.5,토마토,토마토(5kg),상품,5kg,18200.0,19290.0
2021-11-27,서울,3.4,10.1,-1.4,0,53.0,토마토,토마토(5kg),상품,5kg,18200.0,19290.0
2021-11-28,서울,5.1,12.4,-1.3,0,52.4,토마토,토마토(5kg),상품,5kg,18200.0,19290.0
2021-11-29,서울,7.6,13.7,2.5,0,62.0,토마토,토마토(5kg),상품,5kg,18200.0,20140.0
2021-11-30,서울,5.7,8.9,0.7,27.2,80.4,토마토,토마토(5kg),상품,5kg,17130.0,19070.0
2021-12-01,서울,-1.3,1.5,-3.0,0,51.8,토마토,토마토(5kg),상품,5kg,17130.0,19070.0
2021-12-02,서울,1.3,5.0,-4.6,0.1,68.9,토마토,토마토(5kg),상품,5kg,17130.0,19070.0
2021-12-03,서울,1.9,4.6,-1.8,0.4,53.3,토마토,토마토(5kg),상품,5kg,17130.0,19070.0
2021-12-04,서울,1.4,7.0,-2.7,0,48.5,토마토,토마토(5kg),상품,5kg,17130.0,19070.0
2021-12-05,서울,2.9,9.6,-2.3,0,50.4,토마토,토마토(5kg),상품,5kg,17130.0,19070.0
2021-12-06,서울,5.4,12.1,-0.7,0,61.4,토마토,토마토(5kg),상품,5kg,16770.0,18470.0
2021-12-07,서울,6.8,13.3,2.6,0,68.3,토마토,토마토(5kg),상품,5kg,16350.0,18470.0
2021-12-08,서울,6.7,13.3,1.9,0,70.0,토마토,토마토(5kg),상품,5kg,16350.0,18200.0
2021-12-09,서울,6.5,9.7,2.7,0,70.3,토마토,토마토(5kg),상품,5kg,16800.0,18200.0
2021-12-10,서울,7.0,8.2,5.8,0.7,81.5,토마토,토마토(5kg),상품,5kg,16800.0,18200.0
2021-12-11,서울,6.0,9.8,4.4,0,83.6,토마토,토마토(5kg),상품,5kg,16800.0,18200.0
2021-12-12,서울,1.2,5.1,-3.8,0,61.8,토마토,토마토(5kg),상품,5kg,16800.0,18200.0
2021-12-13,서울,-2.2,1.9,-5.9,0,43.8,토마토,토마토(5kg),상품,5kg,17000.0,18200.0
2021-12-14,서울,3.7,8.2,-0.7,1.2,64.9,토마토,토마토(5kg),상품,5kg,17100.0,17130.0
2021-12-15,서울,7.2,10.0,5.4,2.1,84.8,토마토,토마토(5kg),상품,5kg,16600.0,17130.0
2021-12-16,서울,6.4,9.8,3.3,0.0,71.6,토마토,토마토(5kg),상품,5kg,18040.0,17130.0
2021-12-17,서울,-5.6,3.2,-10.1,0,50.5,토마토,토마토(5kg),상품,5kg,18040.0,17130.0
2021-12-18,서울,-5.7,-1.8,-11.2,2.8,64.1,토마토,토마토(5kg),상품,5kg,18040.0,17130.0
2021-12-19,서울,-0.8,4.2,-5.8,0.2,63.8,토마토,토마토(5kg),상품,5kg,18040.0,17130.0
2021-12-20,서울,5.2,11.1,-0.9,0.0,77.9,토마토,토마토(5kg),상품,5kg,19000.0,16770.0
2021-12-21,서울,5.2,8.9,0.8,0,70.9,토마토,토마토(5kg),상품,5kg,19000.0,16350.0
2021-12-22,서울,2.2,8.2,-2.6,0,47.4,토마토,토마토(5kg),상품,5kg,18770.0,16350.0
2021-12-23,서울,2.7,8.3,-1.5,0,53.5,토마토,토마토(5kg),상품,5kg,18670.0,16800.0
2021-12-24,서울,-0.3,3.2,-7.3,0.2,65.3,토마토,토마토(5kg),상품,5kg,19270.0,16800.0
2021-12-25,서울,-11.7,-7.3,-14.4,0,42.4,토마토,토마토(5kg),상품,5kg,19270.0,16800.0
2021-12-26,서울,-12.1,-7.3,-15.5,0,43.5,토마토,토마토(5kg),상품,5kg,19270.0,16800.0
2021-12-27,서울,-7.6,-3.9,-12.9,0.0,60.9,토마토,토마토(5kg),상품,5kg,19500.0,17000.0
2021-12-28,서울,-4.1,-0.9,-8.5,0,73.8,토마토,토마토(5kg),상품,5kg,18820.0,17100.0
2021-12-29,서울,0.4,5.9,-3.8,0.2,72.9,토마토,토마토(5kg),상품,5kg,19190.0,16600.0
2021-12-30,서울,-3.9,0.2,-6.8,0.0,48.5,토마토,토마토(5kg),상품,5kg,19190.0,18040.0
2021-12-31,서울,-6.7,-3.9,-8.8,0,35.9,토마토,토마토(5kg),상품,5kg,19770.0,18040.0
2022-01-01,서울,-4.3,2.3,-10.2,0,46.3,토마토,토마토(5kg),상품,5kg,19770.0,18040.0
2022-01-02,서울,-1.3,3.0,-5.2,0.3,57.9,토마토,토마토(5kg),상품,5kg,19770.0,18040.0
2022-01-03,서울,-1.9,2.5,-8.0,0.0,58.3,토마토,토마토(5kg),상품,5kg,22700.0,19000.0
2022-01-04,서울,-2.5,1.0,-5.6,0.0,51.8,토마토,토마토(5kg),상품,5kg,22600.0,19000.0
2022-01-05,서울,-2.8,1.9,-7.8,0,47.6,토마토,토마토(5kg),상품,5kg,22600.0,18770.0
2022-01-06,서울,-2.2,3.3,-5.9,0,47.1,토마토,토마토(5kg),상품,5kg,21630.0,18670.0
2022-01-07,서울,-1.6,4.5,-5.9,0,47.1,토마토,토마토(5kg),상품,5kg,21250.0,19270.0
2022-01-08,서울,0.3,3.7,-5.0,0.0,64.3,토마토,토마토(5kg),상품,5kg,21250.0,19270.0
2022-01-09,서울,1.3,5.6,-1.2,0,71.5,토마토,토마토(5kg),상품,5kg,21250.0,19270.0
2022-01-10,서울,0.5,4.4,-3.4,0.9,68.3,토마토,토마토(5kg),상품,5kg,20800.0,19500.0
2022-01-11,서울,-7.4,0.3,-10.3,0.2,55.5,토마토,토마토(5kg),상품,5kg,20340.0,18820.0
2022-01-12,서울,-7.7,-3.4,-11.3,0,47.8,토마토,토마토(5kg),상품,5kg,20520.0,19190.0
2022-01-13,서울,-6.4,-3.1,-8.9,0,45.8,토마토,토마토(5kg),상품,5kg,20520.0,19190.0
2022-01-14,서울,-4.8,1.3,-10.1,0,41.8,토마토,토마토(5kg),상품,5kg,20900.0,19770.0
2022-01-15,서울,-1.0,1.8,-5.3,0.0,48.3,토마토,토마토(5kg),상품,5kg,20900.0,19770.0
2022-01-16,서울,-2.0,2.4,-7.2,0.0,54.5,토마토,토마토(5kg),상품,5kg,20900.0,19770.0
2022-01-17,서울,-5.8,0.1,-9.2,0.5,59.9,토마토,토마토(5kg),상품,5kg,20900.0,22700.0
2022-01-18,서울,-5.6,-0.7,-9.9,0,47.9,토마토,토마토(5kg),상품,5kg,20900.0,22600.0
2022-01-19,서울,-5.3,-2.7,-7.7,1.7,72.3,토마토,토마토(5kg),상품,5kg,20900.0,22600.0
2022-01-20,서울,-5.0,0.9,-9.8,0,63.5,토마토,토마토(5kg),상품,5kg,21280.0,21630.0
2022-01-21,서울,-2.7,4.6,-8.7,0,55.6,토마토,토마토(5kg),상품,5kg,21280.0,21250.0
2022-01-22,서울,0.3,7.1,-5.0,0,52.4,토마토,토마토(5kg),상품,5kg,21280.0,21250.0
2022-01-23,서울,2.0,6.7,-0.6,0,52.4,토마토,토마토(5kg),상품,5kg,21280.0,21250.0
2022-01-24,서울,4.6,8.4,1.3,0,56.0,토마토,토마토(5kg),상품,5kg,20030.0,20800.0
2022-01-25,서울,2.8,4.5,1.9,0.7,80.0,토마토,토마토(5kg),상품,5kg,20030.0,20340.0
2022-01-26,서울,1.3,6.8,-1.9,0,62.8,토마토,토마토(5kg),상품,5kg,20450.0,20520.0
2022-01-27,서울,-1.1,4.0,-4.6,0,50.0,토마토,토마토(5kg),상품,5kg,20450.0,20520.0
2022-01-28,서울,-2.7,2.1,-5.9,0,51.6,토마토,토마토(5kg),상품,5kg,20830.0,20900.0
2022-01-29,서울,-3.6,0.9,-7.2,0,48.9,토마토,토마토(5kg),상품,5kg,20830.0,20900.0
2022-01-30,서울,-2.8,2.4,-8.0,0,45.4,토마토,토마토(5kg),상품,5kg,20830.0,20900.0
2022-01-31,서울,-0.7,4.8,-6.8,1.2,59.0,토마토,토마토(5kg),상품,5kg,20830.0,20900.0
2022-02-01,서울,-1.3,0.9,-2.7,1.7,76.6,토마토,토마토(5kg),상품,5kg,20830.0,20900.0
2022-02-02,서울,-3.4,0.0,-6.0,0,60.5,토마토,토마토(5kg),상품,5kg,20830.0,20900.0
2022-02-03,서울,-3.4,0.4,-6.9,0,52.4,토마토,토마토(5kg),상품,5kg,20830.0,21280.0
2022-02-04,서울,-5.2,-0.7,-8.2,0.0,53.3,토마토,토마토(5kg),상품,5kg,19480.0,21280.0
2022-02-05,서울,-6.6,-2.0,-9.7,0,48.8,토마토,토마토(5kg),상품,5kg,19480.0,21280.0
2022-02-06,서울,-3.9,1.7,-8.4,0,50.3,토마토,토마토(5kg),상품,5kg,19480.0,21280.0
2022-02-07,서울,-2.5,1.9,-7.3,0,51.3,토마토,토마토(5kg),상품,5kg,19560.0,20030.0
2022-02-08,서울,-0.1,5.6,-4.1,0,53.8,토마토,토마토(5kg),상품,5kg,18660.0,20030.0
2022-02-09,서울,1.0,7.2,-4.3,0,52.3,토마토,토마토(5kg),상품,5kg,18530.0,20450.0
2022-02-10,서울,1.4,6.7,-3.2,0,57.8,토마토,토마토(5kg),상품,5kg,18490.0,20450.0
2022-02-11,서울,2.9,8.8,-2.6,0,61.1,토마토,토마토(5kg),상품,5kg,18670.0,20830.0
2022-02-12,서울,4.8,10.4,-0.1,0,50.4,토마토,토마토(5kg),상품,5kg,18670.0,20830.0
2022-02-13,서울,4.8,9.5,1.6,0,44.9,토마토,토마토(5kg),상품,5kg,18670.0,20830.0
2022-02-14,서울,2.5,8.1,-1.3,1.7,68.3,토마토,토마토(5kg),상품,5kg,19270.0,20830.0
2022-02-15,서울,-4.7,-1.3,-7.7,0.0,58.0,토마토,토마토(5kg),상품,5kg,19440.0,20830.0
2022-02-16,서울,-7.3,-4.1,-9.6,0.0,50.4,토마토,토마토(5kg),상품,5kg,19820.0,20830.0
2022-02-17,서울,-6.2,-0.5,-10.7,0,41.6,토마토,토마토(5kg),상품,5kg,19620.0,20830.0
2022-02-18,서울,-1.2,5.7,-8.0,0,40.4,토마토,토마토(5kg),상품,5kg,19620.0,19480.0
2022-02-19,서울,-1.7,3.7,-6.2,0.1,52.9,토마토,토마토(5kg),상품,5kg,19620.0,19480.0
2022-02-20,서울,-4.8,-0.5,-8.4,0,41.1,토마토,토마토(5kg),상품,5kg,19620.0,19480.0
2022-02-21,서울,-3.0,3.6,-8.1,0.1,56.3,토마토,토마토(5kg),상품,5kg,19820.0,19560.0
2022-02-22,서울,-4.5,0.5,-8.0,0,43.3,토마토,토마토(5kg),상품,5kg,19620.0,18660.0
2022-02-23,서울,-5.6,-0.6,-10.0,0,38.5,토마토,토마토(5kg),상품,5kg,19800.0,18530.0
2022-02-24,서울,-2.4,3.7,-8.5,0,52.4,토마토,토마토(5kg),상품,5kg,20200.0,18490.0
2022-02-25,서울,3.0,8.4,-3.6,0,77.5,토마토,토마토(5kg),상품,5kg,19630.0,18670.0
2022-02-26,서울,5.4,9.3,1.0,1.1,78.4,토마토,토마토(5kg),상품,5kg,19630.0,18670.0
2022-02-27,서울,3.7,9.1,-1.6,0,56.6,토마토,토마토(5kg),상품,5kg,19630.0,18670.0
2022-02-28,서울,6.8,11.5,2.7,0,62.3,토마토,토마토(5kg),상품,5kg,19630.0,19270.0
2022-03-01,서울,5.8,9.7,0.3,2.3,70.5,토마토,토마토(5kg),상품,5kg,19630.0,19440.0
2022-03-02,서울,3.5,8.8,-2.3,0,55.9,토마토,토마토(5kg),상품,5kg,19890.0,19820.0
2022-03-03,서울,5.8,12.4,0.9,0,52.9,토마토,토마토(5kg),상품,5kg,19890.0,19620.0
2022-03-04,서울,6.9,14.6,0.6,0,60.5,토마토,토마토(5kg),상품,5kg,19890.0,19620.0
2022-03-05,서울,2.3,6.7,-0.7,0,38.4,토마토,토마토(5kg),상품,5kg,19890.0,19620.0
2022-03-06,서울,1.4,6.8,-3.0,0,39.5,토마토,토마토(5kg),상품,5kg,19890.0,19620.0
2022-03-07,서울,2.8,8.7,-2.7,0,45.8,토마토,토마토(5kg),상품,5kg,19450.0,19820.0
2022-03-08,서울,6.0,12.3,1.1,0,56.1,토마토,토마토(5kg),상품,5kg,18000.0,19620.0
2022-03-09,서울,7.1,14.8,1.7,0,69.6,토마토,토마토(5kg),상품,5kg,18000.0,19800.0
2022-03-10,서울,9.3,15.8,4.2,0,51.4,토마토,토마토(5kg),상품,5kg,18360.0,20200.0
2022-03-11,서울,11.2,18.4,5.1,0,58.4,토마토,토마토(5kg),상품,5kg,18360.0,19630.0
2022-03-12,서울,12.8,19.5,6.3,2.6,72.1,토마토,토마토(5kg),상품,5kg,18360.0,19630.0
2022-03-13,서울,11.7,12.6,10.7,42.1,95.5,토마토,토마토(5kg),상품,5kg,18360.0,19630.0
2022-03-14,서울,8.2,13.2,4.9,8.7,90.3,토마토,토마토(5kg),상품,5kg,17800.0,19630.0
2022-03-15,서울,7.2,13.3,2.3,0,72.6,토마토,토마토(5kg),상품,5kg,17700.0,19630.0
2022-03-16,서울,10.3,16.8,3.6,0,62.6,토마토,토마토(5kg),상품,5kg,17670.0,19890.0
2022-03-17,서울,10.7,15.1,7.8,1.2,62.0,토마토,토마토(5kg),상품,5kg,18470.0,19890.0
2022-03-18,서울,7.5,9.6,5.5,0.0,60.8,토마토,토마토(5kg),상품,5kg,18240.0,19890.0
2022-03-19,서울,3.4,6.1,0.9,14.6,84.6,토마토,토마토(5kg),상품,5kg,18240.0,19890.0
2022-03-20,서울,5.4,9.3,2.2,0.0,66.1,토마토,토마토(5kg),상품,5kg,18240.0,19890.0
2022-03-21,서울,5.0,10.9,-0.3,0,49.5,토마토,토마토(5kg),상품,5kg,18220.0,19450.0
2022-03-22,서울,7.1,13.6,1.1,0,48.9,토마토,토마토(5kg),상품,5kg,18220.0,18000.0
2022-03-23,서울,6.2,8.2,4.9,0,56.8,토마토,토마토(5kg),상품,5kg,18220.0,18000.0
2022-03-24,서울,8.2,12.4,3.9,0,70.6,토마토,토마토(5kg),상품,5kg,18320.0,18360.0
2022-03-25,서울,12.0,17.2,6.3,10.9,70.0,토마토,토마토(5kg),상품,5kg,18320.0,18360.0
2022-03-26,서울,11.8,14.7,9.5,19.8,80.9,토마토,토마토(5kg),상품,5kg,18320.0,18360.0
2022-03-27,서울,8.1,12.6,5.0,0,49.1,토마토,토마토(5kg),상품,5kg,18320.0,18360.0
2022-03-28,서울,8.2,15.1,1.5,0,35.6,토마토,토마토(5kg),상품,5kg,18200.0,17800.0
2022-03-29,서울,9.7,15.6,3.3,0,52.9,토마토,토마토(5kg),상품,5kg,18200.0,17700.0
2022-03-30,서울,10.8,15.7,5.9,0.4,76.5,토마토,토마토(5kg),상품,5kg,17720.0,17670.0
2022-03-31,서울,10.9,14.7,7.6,0,63.5,토마토,토마토(5kg),상품,5kg,17460.0,18470.0
2022-04-01,서울,9.2,14.9,4.5,0,50.5,토마토,토마토(5kg),상품,5kg,18630.0,18240.0
2022-04-02,서울,8.2,14.2,3.7,0,55.0,토마토,토마토(5kg),상품,5kg,18630.0,18240.0
2022-04-03,서울,9.6,17.0,3.5,0,55.0,토마토,토마토(5kg),상품,5kg,18630.0,18240.0
2022-04-04,서울,10.3,16.4,5.1,0,50.3,토마토,토마토(5kg),상품,5kg,18120.0,18220.0
2022-04-05,서울,10.3,15.8,4.9,0,41.1,토마토,토마토(5kg),상품,5kg,17800.0,18220.0
2022-04-06,서울,11.7,17.0,8.0,0,52.3,토마토,토마토(5kg),상품,5kg,17000.0,18220.0
2022-04-07,서울,10.9,15.7,7.4,0,43.5,토마토,토마토(5kg),상품,5kg,15440.0,18320.0
2022-04-08,서울,12.9,20.0,5.1,0,49.0,토마토,토마토(5kg),상품,5kg,15440.0,18320.0
2022-04-09,서울,17.8,24.2,12.4,0.5,43.8,토마토,토마토(5kg),상품,5kg,15440.0,18320.0
2022-04-10,서울,18.2,25.1,12.7,0,46.0,토마토,토마토(5kg),상품,5kg,15440.0,18320.0
2022-04-11,서울,19.6,26.6,13.4,0,60.4,토마토,토마토(5kg),상품,5kg,15520.0,18200.0
2022-04-12,서울,19.3,26.4,15.9,0.5,77.9,토마토,토마토(5kg),상품,5kg,15120.0,18200.0
2022-04-13,서울,13.1,15.9,12.0,1.3,69.3,토마토,토마토(5kg),상품,5kg,14800.0,17720.0
2022-04-14,서울,13.2,15.3,11.4,0,53.4,토마토,토마토(5kg),상품,5kg,13080.0,17460.0
2022-04-15,서울,13.3,19.3,7.5,0,46.8,토마토,토마토(5kg),상품,5kg,12960.0,18630.0
2022-04-16,서울,13.2,20.2,7.1,0,48.5,토마토,토마토(5kg),상품,5kg,12960.0,18630.0
2022-04-17,서울,14.0,21.9,7.2,0,53.8,토마토,토마토(5kg),상품,5kg,12960.0,18630.0
2022-04-18,서울,15.2,21.6,11.4,0,46.1,토마토,토마토(5kg),상품,5kg,13100.0,18120.0
2022-04-19,서울,15.2,22.1,8.9,0,51.9,토마토,토마토(5kg),상품,5kg,13100.0,17800.0
2022-04-20,서울,15.7,22.1,9.7,0,48.8,토마토,토마토(5kg),상품,5kg,12900.0,17000.0
2022-04-21,서울,16.3,22.7,9.6,0,48.4,토마토,토마토(5kg),상품,5kg,12720.0,15440.0
2022-04-22,서울,15.0,16.8,13.2,0,76.8,토마토,토마토(5kg),상품,5kg,12720.0,15440.0
2022-04-23,서울,17.7,25.3,10.4,0,57.3,토마토,토마토(5kg),상품,5kg,12720.0,15440.0
2022-04-24,서울,18.5,24.5,15.0,0.3,72.5,토마토,토마토(5kg),상품,5kg,12720.0,15440.0
2022-04-25,서울,20.0,23.6,17.0,1.3,80.5,토마토,토마토(5kg),상품,5kg,11980.0,15520.0
2022-04-26,서울,21.9,28.7,17.0,1.0,57.9,토마토,토마토(5kg),상품,5kg,12280.0,15120.0
2022-04-27,서울,17.7,23.9,12.6,0,31.5,토마토,토마토(5kg),상품,5kg,12280.0,14800.0
2022-04-28,서울,18.2,25.9,11.6,0.0,44.0,토마토,토마토(5kg),상품,5kg,12220.0,13080.0
2022-04-29,서울,13.4,16.5,10.7,15.5,70.6,토마토,토마토(5kg),상품,5kg,13300.0,12960.0
2022-04-30,서울,13.0,17.8,10.5,0,68.0,토마토,토마토(5kg),상품,5kg,13300.0,12960.0
2022-05-01,서울,13.4,19.2,7.9,0,54.8,토마토,토마토(5kg),상품,5kg,13300.0,12960.0
2022-05-02,서울,14.2,19.4,9.1,0,56.5,토마토,토마토(5kg),상품,5kg,13340.0,13100.0
2022-05-03,서울,14.8,20.8,9.1,0,45.9,토마토,토마토(5kg),상품,5kg,13340.0,13100.0
2022-05-04,서울,17.8,25.2,10.0,0,43.3,토마토,토마토(5kg),상품,5kg,14280.0,12900.0
2022-05-05,서울,18.9,25.8,12.5,0,48.1,토마토,토마토(5kg),상품,5kg,14280.0,12720.0
2022-05-06,서울,19.6,25.6,13.7,0,67.1,토마토,토마토(5kg),상품,5kg,14880.0,12720.0
2022-05-07,서울,18.4,23.1,15.3,0.5,52.4,토마토,토마토(5kg),상품,5kg,14880.0,12720.0
2022-05-08,서울,15.3,18.2,11.7,2.0,51.8,토마토,토마토(5kg),상품,5kg,14880.0,12720.0
2022-05-09,서울,17.9,25.3,11.0,0,56.4,토마토,토마토(5kg),상품,5kg,15080.0,11980.0
2022-05-10,서울,19.9,26.3,13.6,0.0,39.0,토마토,토마토(5kg),상품,5kg,15200.0,12280.0
2022-05-11,서울,19.7,25.2,16.6,0.0,50.4,토마토,토마토(5kg),상품,5kg,14400.0,12280.0
2022-05-12,서울,20.9,28.1,14.1,0,51.5,토마토,토마토(5kg),상품,5kg,14400.0,12220.0
2022-05-13,서울,19.4,25.2,15.0,0,45.8,토마토,토마토(5kg),상품,5kg,14140.0,13300.0
2022-05-14,서울,15.7,20.0,11.9,0,45.5,토마토,토마토(5kg),상품,5kg,14140.0,13300.0
2022-05-15,서울,16.2,22.4,10.5,0,39.8,토마토,토마토(5kg),상품,5kg,14140.0,13300.0
2022-05-16,서울,17.3,23.7,10.9,0,56.3,토마토,토마토(5kg),상품,5kg,13140.0,13340.0
2022-05-17,서울,20.0,27.4,13.0,0,60.1,토마토,토마토(5kg),상품,5kg,13100.0,13340.0
2022-05-18,서울,20.0,25.4,15.7,1.5,59.4,토마토,토마토(5kg),상품,5kg,12900.0,14280.0
2022-05-19,서울,19.9,24.2,16.1,0,53.6,토마토,토마토(5kg),상품,5kg,12280.0,14280.0
2022-05-20,서울,20.6,25.8,15.6,0,52.8,토마토,토마토(5kg),상품,5kg,12280.0,14880.0
2022-05-21,서울,20.1,26.0,16.1,0,70.8,토마토,토마토(5kg),상품,5kg,12280.0,14880.0
2022-05-22,서울,20.3,25.8,15.7,0,70.9,토마토,토마토(5kg),상품,5kg,12280.0,14880.0
2022-05-23,서울,23.0,30.7,17.8,0,63.5,토마토,토마토(5kg),상품,5kg,11880.0,15080.0
2022-05-24,서울,22.9,30.2,16.7,0,56.8,토마토,토마토(5kg),상품,5kg,12280.0,15200.0
2022-05-25,서울,21.0,26.7,16.7,3.5,66.6,토마토,토마토(5kg),상품,5kg,12240.0,14400.0
2022-05-26,서울,18.7,23.5,14.1,0.0,59.9,토마토,토마토(5kg),상품,5kg,11880.0,14400.0
2022-05-27,서울,20.0,25.6,16.0,0.0,62.5,토마토,토마토(5kg),상품,5kg,11680.0,14140.0
2022-05-28,서울,22.3,29.3,15.0,0,54.1,토마토,토마토(5kg),상품,5kg,11680.0,14140.0
2022-05-29,서울,23.1,29.7,19.3,0,66.4,토마토,토마토(5kg),상품,5kg,11680.0,14140.0
2022-05-30,서울,20.8,24.7,17.2,0.0,71.0,토마토,토마토(5kg),상품,5kg,11680.0,13140.0
2022-05-31,서울,20.7,27.2,14.2,0,42.4,토마토,토마토(5kg),상품,5kg,11600.0,13100.0
2022-06-01,서울,22.1,28.6,16.2,0,41.6,토마토,토마토(5kg),상품,5kg,11600.0,12900.0
2022-06-02,서울,21.5,26.9,17.1,0,67.4,토마토,토마토(5kg),상품,5kg,11480.0,12280.0
2022-06-03,서울,24.5,32.6,18.7,0,62.8,토마토,토마토(5kg),상품,5kg,10990.0,12280.0
2022-06-04,서울,25.6,29.7,20.3,0,57.0,토마토,토마토(5kg),상품,5kg,10990.0,12280.0
2022-06-05,서울,22.7,27.0,20.2,0.0,59.8,토마토,토마토(5kg),상품,5kg,10990.0,12280.0
2022-06-06,서울,19.7,24.5,16.7,4.3,69.0,토마토,토마토(5kg),상품,5kg,10990.0,11880.0
2022-06-07,서울,20.6,25.1,15.1,0.0,54.5,토마토,토마토(5kg),상품,5kg,10960.0,12280.0
2022-06-08,서울,21.2,25.8,16.2,0,61.6,토마토,토마토(5kg),상품,5kg,10960.0,12240.0
2022-06-09,서울,20.9,24.5,18.5,2.6,76.1,토마토,토마토(5kg),상품,5kg,11140.0,11880.0
2022-06-10,서울,20.9,26.6,17.2,1.2,75.8,토마토,토마토(5kg),상품,5kg,11340.0,11680.0
2022-06-11,서울,24.6,32.7,17.7,0,59.6,토마토,토마토(5kg),상품,5kg,11340.0,11680.0
2022-06-12,서울,24.6,31.5,18.9,0,58.9,토마토,토마토(5kg),상품,5kg,11340.0,11680.0
2022-06-13,서울,23.6,29.2,19.6,18.0,68.5,토마토,토마토(5kg),상품,5kg,11860.0,11680.0
2022-06-14,서울,21.5,27.1,17.7,0.0,56.4,토마토,토마토(5kg),상품,5kg,12260.0,11600.0
2022-06-15,서울,17.5,20.1,14.9,18.5,92.4,토마토,토마토(5kg),상품,5kg,12060.0,11600.0
2022-06-16,서울,20.3,24.8,17.6,0.7,78.4,토마토,토마토(5kg),상품,5kg,12260.0,11480.0
2022-06-17,서울,22.5,28.1,16.5,0,76.4,토마토,토마토(5kg),상품,5kg,12380.0,10990.0
2022-06-18,서울,23.3,25.1,22.0,0.0,79.6,토마토,토마토(5kg),상품,5kg,12380.0,10990.0
2022-06-19,서울,23.4,25.1,22.3,0,81.6,토마토,토마토(5kg),상품,5kg,12380.0,10990.0
2022-06-20,서울,25.2,29.0,22.0,0,76.6,토마토,토마토(5kg),상품,5kg,11980.0,10990.0
2022-06-21,서울,26.5,32.6,21.2,0,72.6,토마토,토마토(5kg),상품,5kg,12180.0,10960.0
2022-06-22,서울,25.9,31.0,21.9,0,71.1,토마토,토마토(5kg),상품,5kg,12080.0,10960.0
2022-06-23,서울,24.3,26.4,23.3,103.0,89.1,토마토,토마토(5kg),상품,5kg,12160.0,11140.0
2022-06-24,서울,22.6,24.9,20.6,19.1,90.9,토마토,토마토(5kg),상품,5kg,11900.0,11340.0
2022-06-25,서울,26.0,30.5,21.5,0,80.4,토마토,토마토(5kg),상품,5kg,11900.0,11340.0
2022-06-26,서울,26.5,28.1,24.8,0,82.1,토마토,토마토(5kg),상품,5kg,11900.0,11340.0
2022-06-27,서울,26.8,28.1,25.4,6.1,84.4,토마토,토마토(5kg),상품,5kg,11280.0,11860.0
2022-06-28,서울,26.9,27.9,25.7,6.3,81.9,토마토,토마토(5kg),상품,5kg,11280.0,12260.0
2022-06-29,서울,25.1,26.1,24.4,37.8,95.5,토마토,토마토(5kg),상품,5kg,11080.0,12060.0
2022-06-30,서울,22.3,24.5,21.2,176.2,99.3,토마토,토마토(5kg),상품,5kg,10620.0,12260.0
2022-07-01,서울,26.6,30.9,21.9,0,83.3,토마토,토마토(5kg),상품,5kg,10036.0,12380.0
2022-07-02,서울,28.8,33.8,24.0,0,72.8,토마토,토마토(5kg),상품,5kg,10036.0,12380.0
2022-07-03,서울,29.3,34.2,24.4,0,68.6,토마토,토마토(5kg),상품,5kg,10036.0,12380.0
2022-07-04,서울,29.3,32.6,26.4,0.0,71.8,토마토,토마토(5kg),상품,5kg,10236.0,11980.0
2022-07-05,서울,29.2,33.1,26.7,0.0,73.8,토마토,토마토(5kg),상품,5kg,10270.0,12180.0
2022-07-06,서울,29.5,33.3,26.2,16.1,76.0,토마토,토마토(5kg),상품,5kg,10016.0,12080.0
2022-07-07,서울,28.2,31.0,26.4,0.0,82.3,토마토,토마토(5kg),상품,5kg,10740.0,12160.0
2022-07-08,서울,25.8,27.9,24.0,1.7,84.4,토마토,토마토(5kg),상품,5kg,12240.0,11900.0
2022-07-09,서울,26.9,30.9,24.0,0.1,82.1,토마토,토마토(5kg),상품,5kg,12240.0,11900.0
2022-07-10,서울,29.2,35.1,24.6,0.0,68.0,토마토,토마토(5kg),상품,5kg,12240.0,11900.0
2022-07-11,서울,27.0,30.6,24.7,9.0,75.0,토마토,토마토(5kg),상품,5kg,13160.0,11280.0
2022-07-12,서울,26.8,29.4,23.2,0,73.1,토마토,토마토(5kg),상품,5kg,13360.0,11280.0
2022-07-13,서울,25.0,27.1,24.0,114.5,93.9,토마토,토마토(5kg),상품,5kg,13940.0,11080.0
2022-07-14,서울,25.7,29.9,23.3,0.9,84.6,토마토,토마토(5kg),상품,5kg,14560.0,10620.0
2022-07-15,서울,26.0,30.3,23.0,0,76.5,토마토,토마토(5kg),상품,5kg,17060.0,10036.0
2022-07-16,서울,24.8,28.2,23.2,34.0,83.4,토마토,토마토(5kg),상품,5kg,17060.0,10036.0
2022-07-17,서울,25.5,29.7,22.5,0.0,78.9,토마토,토마토(5kg),상품,5kg,17060.0,10036.0
2022-07-18,서울,26.8,30.1,23.1,0,76.0,토마토,토마토(5kg),상품,5kg,17260.0,10236.0
2022-07-19,서울,27.4,31.1,24.3,0,74.1,토마토,토마토(5kg),상품,5kg,17460.0,10270.0
2022-07-20,서울,27.1,30.4,24.3,1.1,76.1,토마토,토마토(5kg),상품,5kg,17660.0,10016.0
2022-07-21,서울,23.2,25.2,20.8,10.4,87.6,토마토,토마토(5kg),상품,5kg,19340.0,10740.0
2022-07-22,서울,25.1,27.5,22.9,5.2,81.5,토마토,토마토(5kg),상품,5kg,21660.0,12240.0
2022-07-23,서울,24.8,28.0,22.3,9.9,83.6,토마토,토마토(5kg),상품,5kg,21660.0,12240.0
2022-07-24,서울,25.0,28.4,22.0,1.2,86.9,토마토,토마토(5kg),상품,5kg,21660.0,12240.0
2022-07-25,서울,27.5,32.0,23.6,0,75.0,토마토,토마토(5kg),상품,5kg,20340.0,13160.0
2022-07-26,서울,28.9,33.1,24.4,0,72.5,토마토,토마토(5kg),상품,5kg,18200.0,13360.0
2022-07-27,서울,29.3,33.4,26.4,0,66.3,토마토,토마토(5kg),상품,5kg,18520.0,13940.0
2022-07-28,서울,29.7,34.4,25.1,0,63.8,토마토,토마토(5kg),상품,5kg,18780.0,14560.0
2022-07-29,서울,30.7,34.3,27.3,0,68.1,토마토,토마토(5kg),상품,5kg,20040.0,17060.0
2022-07-30,서울,30.9,36.1,27.3,1.0,68.4,토마토,토마토(5kg),상품,5kg,20040.0,17060.0
2022-07-31,서울,27.2,29.0,25.4,47.2,85.8,토마토,토마토(5kg),상품,5kg,20040.0,17060.0
2022-08-01,서울,28.6,32.4,25.4,30.0,82.4,토마토,토마토(5kg),상품,5kg,20580.0,17260.0
2022-08-02,서울,26.8,28.5,25.5,33.5,90.0,토마토,토마토(5kg),상품,5kg,20220.0,17460.0
2022-08-03,서울,27.1,30.0,25.2,51.1,90.1,토마토,토마토(5kg),상품,5kg,20180.0,17660.0
2022-08-04,서울,28.9,32.9,26.0,0.0,79.3,토마토,토마토(5kg),상품,5kg,20380.0,19340.0
2022-08-05,서울,29.4,32.7,27.0,0.0,76.6,토마토,토마토(5kg),상품,5kg,21380.0,21660.0
2022-08-06,서울,28.7,30.3,27.4,13.6,85.3,토마토,토마토(5kg),상품,5kg,21380.0,21660.0
2022-08-07,서울,28.9,31.7,27.2,0.9,82.1,토마토,토마토(5kg),상품,5kg,21380.0,21660.0
2022-08-08,서울,26.8,28.4,,129.6,91.6,토마토,토마토(5kg),상품,5kg,19920.0,20340.0
2022-08-09,서울,25.1,26.5,22.0,123.1,96.0,토마토,토마토(5kg),상품,5kg,20520.0,18200.0
2022-08-10,서울,24.7,28.8,21.4,7.6,85.3,토마토,토마토(5kg),상품,5kg,18840.0,18520.0
2022-08-11,서울,25.0,27.5,23.4,38.8,87.9,토마토,토마토(5kg),상품,5kg,18200.0,18780.0
2022-08-12,서울,27.0,32.4,23.0,0,73.8,토마토,토마토(5kg),상품,5kg,18140.0,20040.0
2022-08-13,서울,25.8,27.5,24.7,4.0,82.8,토마토,토마토(5kg),상품,5kg,18140.0,20040.0
2022-08-14,서울,27.6,31.5,24.5,3.0,83.0,토마토,토마토(5kg),상품,5kg,18140.0,20040.0
2022-08-15,서울,28.1,29.8,26.6,0.9,83.0,토마토,토마토(5kg),상품,5kg,18140.0,20580.0
2022-08-16,서울,26.7,30.0,24.1,0.0,75.4,토마토,토마토(5kg),상품,5kg,16880.0,20220.0
2022-08-17,서울,26.0,30.5,22.8,0.0,76.6,토마토,토마토(5kg),상품,5kg,16080.0,20180.0
2022-08-18,서울,25.6,29.8,22.4,0,75.8,토마토,토마토(5kg),상품,5kg,16080.0,20380.0
2022-08-19,서울,26.0,27.5,23.3,66.1,86.1,토마토,토마토(5kg),상품,5kg,16180.0,21380.0
2022-08-20,서울,28.2,32.0,25.7,0.0,80.0,토마토,토마토(5kg),상품,5kg,16180.0,21380.0
2022-08-21,서울,28.1,32.0,24.7,0,75.3,토마토,토마토(5kg),상품,5kg,16180.0,21380.0
2022-08-22,서울,26.8,30.2,22.9,3.2,75.6,토마토,토마토(5kg),상품,5kg,14840.0,19920.0
2022-08-23,서울,25.4,30.2,22.4,2.2,75.0,토마토,토마토(5kg),상품,5kg,17240.0,20520.0
2022-08-24,서울,24.8,27.9,22.4,0,66.9,토마토,토마토(5kg),상품,5kg,17380.0,18840.0
2022-08-25,서울,22.2,24.0,21.1,1.6,78.0,토마토,토마토(5kg),상품,5kg,19520.0,18200.0
2022-08-26,서울,23.8,28.4,19.9,0,75.3,토마토,토마토(5kg),상품,5kg,21280.0,18140.0
2022-08-27,서울,21.5,25.5,17.6,17.6,63.1,토마토,토마토(5kg),상품,5kg,21280.0,18140.0
2022-08-28,서울,22.6,28.4,16.1,0,59.4,토마토,토마토(5kg),상품,5kg,21280.0,18140.0
2022-08-29,서울,21.0,22.5,19.5,2.2,74.0,토마토,토마토(5kg),상품,5kg,23400.0,18140.0
2022-08-30,서울,19.1,20.3,17.9,35.8,96.3,토마토,토마토(5kg),상품,5kg,23600.0,16880.0
2022-08-31,서울,21.7,24.9,19.6,0.0,83.3,토마토,토마토(5kg),상품,5kg,23800.0,16080.0
2022-09-01,서울,24.0,30.4,18.3,0,70.8,토마토,토마토(5kg),상품,5kg,23800.0,16080.0
2022-09-02,서울,24.7,29.8,20.3,0,61.8,토마토,토마토(5kg),상품,5kg,23340.0,16180.0
2022-09-03,서울,24.2,29.2,20.5,0,63.0,토마토,토마토(5kg),상품,5kg,23340.0,16180.0
2022-09-04,서울,22.3,24.0,19.8,33.8,88.6,토마토,토마토(5kg),상품,5kg,23340.0,16180.0
2022-09-05,서울,19.2,22.7,17.7,120.0,95.9,토마토,토마토(5kg),상품,5kg,23540.0,14840.0
2022-09-06,서울,21.0,26.3,17.0,25.3,78.0,토마토,토마토(5kg),상품,5kg,24680.0,17240.0
2022-09-07,서울,22.8,28.1,17.9,0,65.3,토마토,토마토(5kg),상품,5kg,24800.0,17380.0
2022-09-08,서울,23.2,29.5,16.7,0,65.5,토마토,토마토(5kg),상품,5kg,23680.0,19520.0
2022-09-09,서울,24.3,30.8,18.9,0,59.1,토마토,토마토(5kg),상품,5kg,23680.0,21280.0
2022-09-10,서울,23.6,28.4,19.0,0,52.3,토마토,토마토(5kg),상품,5kg,23680.0,21280.0
2022-09-11,서울,23.3,26.4,20.6,0.1,68.6,토마토,토마토(5kg),상품,5kg,23680.0,21280.0
2022-09-12,서울,23.8,27.5,20.3,0,76.1,토마토,토마토(5kg),상품,5kg,23680.0,23400.0
2022-09-13,서울,24.3,26.4,21.8,0.0,73.0,토마토,토마토(5kg),상품,5kg,22040.0,23600.0
2022-09-14,서울,24.6,27.9,22.7,0.0,56.9,토마토,토마토(5kg),상품,5kg,19800.0,23800.0
2022-09-15,서울,25.2,28.3,22.0,0.1,66.9,토마토,토마토(5kg),상품,5kg,19600.0,23800.0
2022-09-16,서울,25.7,29.9,23.4,14.6,78.6,토마토,토마토(5kg),상품,5kg,19520.0,23340.0
2022-09-17,서울,25.6,29.4,23.3,4.3,83.1,토마토,토마토(5kg),상품,5kg,19520.0,23340.0
2022-09-18,서울,27.1,32.5,23.0,0,75.3,토마토,토마토(5kg),상품,5kg,19520.0,23340.0
2022-09-19,서울,24.6,29.6,19.5,0,63.1,토마토,토마토(5kg),상품,5kg,17280.0,23540.0
2022-09-20,서울,19.9,24.6,16.1,0,57.0,토마토,토마토(5kg),상품,5kg,17480.0,24680.0
2022-09-21,서울,19.4,25.6,13.0,0,56.9,토마토,토마토(5kg),상품,5kg,19520.0,24800.0
2022-09-22,서울,19.8,24.7,14.2,0,60.1,토마토,토마토(5kg),상품,5kg,19520.0,23680.0
2022-09-23,서울,17.5,22.2,14.7,3.3,68.9,토마토,토마토(5kg),상품,5kg,22320.0,23680.0
2022-09-24,서울,18.5,24.2,12.3,0,64.6,토마토,토마토(5kg),상품,5kg,22320.0,23680.0
2022-09-25,서울,19.6,25.2,15.4,0,63.3,토마토,토마토(5kg),상품,5kg,22320.0,23680.0
2022-09-26,서울,20.0,25.4,14.8,0,58.5,토마토,토마토(5kg),상품,5kg,21680.0,23680.0
2022-09-27,서울,20.9,28.0,14.0,0,59.0,토마토,토마토(5kg),상품,5kg,24000.0,22040.0
2022-09-28,서울,20.4,26.1,16.1,0,71.0,토마토,토마토(5kg),상품,5kg,28620.0,19800.0
2022-09-29,서울,20.4,26.5,16.4,0,73.5,토마토,토마토(5kg),상품,5kg,32900.0,19600.0
2022-09-30,서울,20.7,27.7,14.8,0,68.0,토마토,토마토(5kg),상품,5kg,35120.0,19520.0
2022-10-01,서울,20.9,27.6,14.4,0,63.3,토마토,토마토(5kg),상품,5kg,35120.0,19520.0
2022-10-02,서울,19.4,21.6,17.2,15.8,78.9,토마토,토마토(5kg),상품,5kg,35120.0,19520.0
2022-10-03,서울,21.4,23.4,17.5,76.0,98.5,토마토,토마토(5kg),상품,5kg,35120.0,17280.0
2022-10-04,서울,17.9,23.0,14.2,11.8,83.8,토마토,토마토(5kg),상품,5kg,34500.0,17480.0
2022-10-05,서울,16.6,21.6,14.1,0.1,74.8,토마토,토마토(5kg),상품,5kg,34760.0,19520.0
2022-10-06,서울,15.8,19.1,12.7,0.0,76.6,토마토,토마토(5kg),상품,5kg,35160.0,19520.0
2022-10-07,서울,14.3,18.6,11.0,0,69.5,토마토,토마토(5kg),상품,5kg,35300.0,22320.0
2022-10-08,서울,15.8,21.6,11.1,0,64.6,토마토,토마토(5kg),상품,5kg,35300.0,22320.0
2022-10-09,서울,13.1,14.5,10.7,20.4,85.8,토마토,토마토(5kg),상품,5kg,35300.0,22320.0
2022-10-10,서울,9.9,11.9,8.2,0.0,72.9,토마토,토마토(5kg),상품,5kg,35300.0,21680.0
2022-10-11,서울,11.1,16.4,7.4,0,69.1,토마토,토마토(5kg),상품,5kg,25960.0,24000.0
2022-10-12,서울,13.5,20.6,6.5,0,68.1,토마토,토마토(5kg),상품,5kg,23060.0,28620.0
2022-10-13,서울,16.3,22.7,10.7,0,69.6,토마토,토마토(5kg),상품,5kg,22860.0,32900.0
2022-10-14,서울,17.1,23.0,12.4,0,73.4,토마토,토마토(5kg),상품,5kg,22660.0,35120.0
2022-10-15,서울,18.2,24.4,12.6,0,68.5,토마토,토마토(5kg),상품,5kg,22660.0,35120.0
2022-10-16,서울,16.9,20.5,15.1,0,73.9,토마토,토마토(5kg),상품,5kg,22660.0,35120.0
2022-10-17,서울,11.2,15.1,7.4,0,50.3,토마토,토마토(5kg),상품,5kg,22760.0,35120.0
2022-10-18,서울,9.4,14.2,5.0,0,52.1,토마토,토마토(5kg),상품,5kg,22720.0,34500.0
2022-10-19,서울,10.5,16.8,4.4,0,57.8,토마토,토마토(5kg),상품,5kg,23060.0,34760.0
2022-10-20,서울,12.9,19.7,6.0,0,64.4,토마토,토마토(5kg),상품,5kg,21680.0,35160.0
2022-10-21,서울,14.0,20.9,8.8,0,68.8,토마토,토마토(5kg),상품,5kg,21580.0,35300.0
2022-10-22,서울,15.1,20.8,10.5,0,76.3,토마토,토마토(5kg),상품,5kg,21580.0,35300.0
2022-10-23,서울,14.0,18.6,10.4,0,65.0,토마토,토마토(5kg),상품,5kg,21580.0,35300.0
2022-10-24,서울,10.6,14.8,7.5,0,52.6,토마토,토마토(5kg),상품,5kg,20580.0,35300.0
2022-10-25,서울,11.3,17.6,5.9,0,56.5,토마토,토마토(5kg),상품,5kg,21200.0,25960.0
2022-10-26,서울,12.9,17.8,8.0,0,58.3,토마토,토마토(5kg),상품,5kg,21460.0,23060.0
2022-10-27,서울,13.2,18.9,8.6,0,71.8,토마토,토마토(5kg),상품,5kg,20860.0,22860.0
2022-10-28,서울,13.6,20.6,8.2,0,70.1,토마토,토마토(5kg),상품,5kg,20660.0,22660.0
2022-10-29,서울,14.8,21.3,10.2,0,65.9,토마토,토마토(5kg),상품,5kg,20660.0,22660.0
2022-10-30,서울,14.9,21.3,10.4,0,64.5,토마토,토마토(5kg),상품,5kg,20660.0,22660.0
2022-10-31,서울,14.9,21.1,11.2,0,69.8,토마토,토마토(5kg),상품,5kg,18140.0,22760.0
2022-11-01,서울,13.1,17.8,9.4,0,73.5,토마토,토마토(5kg),상품,5kg,18280.0,22720.0
2022-11-02,서울,11.1,17.9,5.5,0,57.1,토마토,토마토(5kg),상품,5kg,18080.0,23060.0
2022-11-03,서울,9.3,13.4,5.6,0.0,58.1,토마토,토마토(5kg),상품,5kg,18100.0,21680.0
2022-11-04,서울,4.9,9.8,1.6,0,41.8,토마토,토마토(5kg),상품,5kg,18840.0,21580.0
2022-11-05,서울,6.5,13.6,0.8,0,51.3,토마토,토마토(5kg),상품,5kg,18840.0,21580.0
2022-11-06,서울,9.6,16.4,3.7,0,60.5,토마토,토마토(5kg),상품,5kg,18840.0,21580.0
2022-11-07,서울,11.4,16.6,6.1,0.0,64.5,토마토,토마토(5kg),상품,5kg,18100.0,20580.0
2022-11-08,서울,12.9,17.9,9.7,0,68.3,토마토,토마토(5kg),상품,5kg,18040.0,21200.0
2022-11-09,서울,11.4,16.0,6.7,0,76.0,토마토,토마토(5kg),상품,5kg,18080.0,21460.0
2022-11-10,서울,13.5,19.1,8.8,0,74.5,토마토,토마토(5kg),상품,5kg,17940.0,20860.0
2022-11-11,서울,15.6,22.1,10.9,0,62.5,토마토,토마토(5kg),상품,5kg,17460.0,20660.0
2022-11-12,서울,16.3,22.0,11.6,57.9,80.0,토마토,토마토(5kg),상품,5kg,17460.0,20660.0
2022-11-13,서울,10.3,17.3,8.7,0,85.6,토마토,토마토(5kg),상품,5kg,17460.0,20660.0
2022-11-14,서울,9.7,13.8,5.9,0,74.8,토마토,토마토(5kg),상품,5kg,17860.0,18140.0
2022-11-15,서울,8.1,12.3,4.0,1.6,77.4,토마토,토마토(5kg),상품,5kg,17460.0,18280.0
2022-11-16,서울,8.5,13.0,5.5,0,71.3,토마토,토마토(5kg),상품,5kg,18180.0,18080.0
2022-11-17,서울,10.2,16.6,5.4,0,64.6,토마토,토마토(5kg),상품,5kg,18320.0,18100.0
2022-11-18,서울,11.0,18.1,5.3,0,69.6,토마토,토마토(5kg),상품,5kg,19340.0,18840.0
2022-11-19,서울,12.9,19.2,8.7,0,55.8,토마토,토마토(5kg),상품,5kg,19340.0,18840.0
2022-11-20,서울,13.7,20.2,9.5,0,58.3,토마토,토마토(5kg),상품,5kg,19340.0,18840.0
2022-11-21,서울,11.8,16.2,9.3,0,70.5,토마토,토마토(5kg),상품,5kg,17720.0,18100.0
2022-11-22,서울,10.7,13.7,7.0,0.0,69.9,토마토,토마토(5kg),상품,5kg,17320.0,18040.0
2022-11-23,서울,10.8,15.2,6.8,0.0,56.0,토마토,토마토(5kg),상품,5kg,16400.0,18080.0
2022-11-24,서울,9.4,14.1,5.9,0,65.6,토마토,토마토(5kg),상품,5kg,15320.0,17940.0
2022-11-25,서울,12.3,17.8,7.1,1.7,67.1,토마토,토마토(5kg),상품,5kg,14320.0,17460.0
2022-11-26,서울,6.7,12.9,1.0,0,52.4,토마토,토마토(5kg),상품,5kg,14320.0,17460.0
2022-11-27,서울,5.4,11.5,-1.1,0,43.1,토마토,토마토(5kg),상품,5kg,14320.0,17460.0
2022-11-28,서울,12.3,15.0,7.5,19.5,65.5,토마토,토마토(5kg),상품,5kg,14380.0,17860.0
2022-11-29,서울,6.9,15.0,-1.6,3.8,67.0,토마토,토마토(5kg),상품,5kg,13760.0,17460.0
2022-11-30,서울,-5.4,-1.6,-8.1,0,49.1,토마토,토마토(5kg),상품,5kg,13160.0,18180.0
2022-12-01,서울,-5.4,-1.2,-9.4,0,43.4,토마토,토마토(5kg),상품,5kg,13280.0,18320.0
2022-12-02,서울,-2.5,3.0,-7.6,0,42.0,토마토,토마토(5kg),상품,5kg,13280.0,19340.0
2022-12-03,서울,2.1,7.0,-0.3,1.1,70.5,토마토,토마토(5kg),상품,5kg,13280.0,19340.0
2022-12-04,서울,-3.5,-0.2,-5.2,0,38.9,토마토,토마토(5kg),상품,5kg,13280.0,19340.0
2022-12-05,서울,-3.1,1.9,-7.0,0,41.9,토마토,토마토(5kg),상품,5kg,13080.0,17720.0
2022-12-06,서울,0.9,5.3,-3.9,0.1,62.8,토마토,토마토(5kg),상품,5kg,13200.0,17320.0
2022-12-07,서울,4.9,9.0,1.2,0.1,60.4,토마토,토마토(5kg),상품,5kg,13200.0,16400.0
2022-12-08,서울,3.7,9.1,0.1,0,57.5,토마토,토마토(5kg),상품,5kg,13280.0,15320.0
2022-12-09,서울,4.5,10.2,0.9,0.0,60.8,토마토,토마토(5kg),상품,5kg,13220.0,14320.0
2022-12-10,서울,2.6,6.7,-0.6,0,46.5,토마토,토마토(5kg),상품,5kg,13220.0,14320.0
2022-12-11,서울,1.6,6.8,-1.5,0,52.5,토마토,토마토(5kg),상품,5kg,13220.0,14320.0
2022-12-12,서울,2.0,6.3,-2.0,5.4,73.4,토마토,토마토(5kg),상품,5kg,12740.0,14380.0
2022-12-13,서울,0.0,3.1,-6.4,0.6,70.8,토마토,토마토(5kg),상품,5kg,12540.0,13760.0
2022-12-14,서울,-8.4,-4.9,-11.0,0,50.1,토마토,토마토(5kg),상품,5kg,12820.0,13160.0
2022-12-15,서울,-4.5,-1.3,-8.5,2.4,79.1,토마토,토마토(5kg),상품,5kg,12980.0,13280.0
2022-12-16,서울,-6.3,-2.2,-9.6,0,56.9,토마토,토마토(5kg),상품,5kg,12980.0,13280.0
2022-12-17,서울,-7.0,-3.2,-9.8,0.2,52.0,토마토,토마토(5kg),상품,5kg,12980.0,13280.0
2022-12-18,서울,-9.5,-5.6,-12.4,0,47.1,토마토,토마토(5kg),상품,5kg,12980.0,13280.0
2022-12-19,서울,-7.0,-2.5,-12.0,0,55.6,토마토,토마토(5kg),상품,5kg,11980.0,13080.0
2022-12-20,서울,-3.2,2.9,-9.5,0,55.8,토마토,토마토(5kg),상품,5kg,11980.0,13200.0
2022-12-21,서울,-0.1,2.6,-2.6,3.6,82.4,토마토,토마토(5kg),상품,5kg,11920.0,13200.0
2022-12-22,서울,-7.8,-2.6,-11.3,0,60.5,토마토,토마토(5kg),상품,5kg,11920.0,13280.0
2022-12-23,서울,-11.8,-8.6,-13.7,0,60.5,토마토,토마토(5kg),상품,5kg,12120.0,13220.0
2022-12-24,서울,-8.4,-2.0,-13.5,0,54.9,토마토,토마토(5kg),상품,5kg,12120.0,13220.0
2022-12-25,서울,-5.4,0.2,-9.6,0,66.5,토마토,토마토(5kg),상품,5kg,12120.0,13220.0
2022-12-26,서울,-3.9,1.7,-7.9,0,68.4,토마토,토마토(5kg),상품,5kg,12120.0,12740.0
2022-12-27,서울,-2.6,3.3,-7.3,0,69.8,토마토,토마토(5kg),상품,5kg,11840.0,12540.0
2022-12-28,서울,-3.3,0.1,-6.0,0.1,58.1,토마토,토마토(5kg),상품,5kg,12120.0,12820.0
2022-12-29,서울,-2.9,2.1,-7.8,0.0,56.3,토마토,토마토(5kg),상품,5kg,12600.0,12980.0
2022-12-30,서울,-1.8,2.3,-4.4,0.0,65.6,토마토,토마토(5kg),상품,5kg,12600.0,12980.0
2022-12-31,서울,-1.2,2.1,-5.1,0.0,65.5,토마토,토마토(5kg),상품,5kg,12600.0,12980.0
2023-01-01,서울,-0.2,3.8,-4.3,0,55.0,토마토,토마토(5kg),상품,5kg,12600.0,12980.0
2023-01-02,서울,-4.5,-0.4,-7.4,0,46.0,토마토,토마토(5kg),상품,5kg,12400.0,11980.0
2023-01-03,서울,-5.0,0.6,-9.0,0,49.0,토마토,토마토(5kg),상품,5kg,13280.0,11980.0
2023-01-04,서울,-1.8,3.3,-5.7,0,51.0,토마토,토마토(5kg),상품,5kg,13480.0,11920.0
2023-01-05,서울,-1.6,3.6,-5.6,0,58.1,토마토,토마토(5kg),상품,5kg,12900.0,11920.0
2023-01-06,서울,0.6,5.7,-4.7,3.9,71.9,토마토,토마토(5kg),상품,5kg,12860.0,12120.0
2023-01-07,서울,1.5,3.8,-1.4,0.1,80.9,토마토,토마토(5kg),상품,5kg,12860.0,12120.0
2023-01-08,서울,1.3,6.3,-3.7,0,69.3,토마토,토마토(5kg),상품,5kg,12860.0,12120.0
2023-01-09,서울,3.1,7.0,-1.3,0,60.1,토마토,토마토(5kg),상품,5kg,12580.0,12120.0
2023-01-10,서울,1.6,9.1,-3.9,0,59.9,토마토,토마토(5kg),상품,5kg,12380.0,11840.0
2023-01-11,서울,2.6,9.2,-2.0,0,61.9,토마토,토마토(5kg),상품,5kg,12560.0,12120.0
2023-01-12,서울,5.9,12.5,-0.6,0.0,46.6,토마토,토마토(5kg),상품,5kg,13860.0,12600.0
2023-01-13,서울,8.3,10.1,5.1,37.3,99.1,토마토,토마토(5kg),상품,5kg,14460.0,12600.0
2023-01-14,서울,6.6,8.4,3.8,1.6,92.9,토마토,토마토(5kg),상품,5kg,14460.0,12600.0
2023-01-15,서울,-0.2,3.8,-3.5,3.2,93.9,토마토,토마토(5kg),상품,5kg,14460.0,12600.0
2023-01-16,서울,-4.6,-1.2,-6.8,0.0,63.1,토마토,토마토(5kg),상품,5kg,13620.0,12400.0
2023-01-17,서울,-3.7,-0.4,-7.0,0.0,65.1,토마토,토마토(5kg),상품,5kg,13540.0,13280.0
2023-01-18,서울,-1.9,2.2,-4.6,0.0,60.5,토마토,토마토(5kg),상품,5kg,13980.0,13480.0
2023-01-19,서울,-0.4,4.3,-6.0,1.0,69.3,토마토,토마토(5kg),상품,5kg,14180.0,12900.0
2023-01-20,서울,-3.3,2.0,-7.7,0,52.4,토마토,토마토(5kg),상품,5kg,14580.0,12860.0
2023-01-21,서울,-4.5,1.5,-10.5,0,55.4,토마토,토마토(5kg),상품,5kg,14580.0,12860.0
2023-01-22,서울,-0.6,2.6,-2.8,0.0,62.8,토마토,토마토(5kg),상품,5kg,14580.0,12860.0
2023-01-23,서울,-0.8,4.6,-6.9,0,66.6,토마토,토마토(5kg),상품,5kg,14580.0,12580.0
2023-01-24,서울,-14.7,-6.9,-17.0,0.0,51.9,토마토,토마토(5kg),상품,5kg,14580.0,12380.0
2023-01-25,서울,-11.3,-5.4,-17.3,0.0,45.1,토마토,토마토(5kg),상품,5kg,14180.0,12560.0
2023-01-26,서울,-6.0,-3.5,-9.0,0.8,80.1,토마토,토마토(5kg),상품,5kg,13360.0,13860.0
2023-01-27,서울,-7.3,-3.8,-9.6,0,56.5,토마토,토마토(5kg),상품,5kg,14080.0,14460.0
2023-01-28,서울,-6.0,-0.6,-11.2,0.0,54.9,토마토,토마토(5kg),상품,5kg,14080.0,14460.0
2023-01-29,서울,-1.8,4.9,-8.0,0,58.3,토마토,토마토(5kg),상품,5kg,14080.0,14460.0
2023-01-30,서울,-0.9,4.2,-4.4,0,55.9,토마토,토마토(5kg),상품,5kg,13880.0,13620.0
2023-01-31,서울,2.4,7.8,-3.5,0,69.1,토마토,토마토(5kg),상품,5kg,13880.0,13540.0
2023-02-01,서울,0.9,6.0,-3.0,0,68.4,토마토,토마토(5kg),상품,5kg,13960.0,13980.0
2023-02-02,서울,-2.4,1.4,-5.1,0,50.3,토마토,토마토(5kg),상품,5kg,14980.0,14180.0
2023-02-03,서울,-1.6,3.4,-3.9,0,47.4,토마토,토마토(5kg),상품,5kg,15580.0,14580.0
2023-02-04,서울,-0.2,6.0,-5.2,0,49.8,토마토,토마토(5kg),상품,5kg,15580.0,14580.0
2023-02-05,서울,1.7,7.1,-3.3,0,71.0,토마토,토마토(5kg),상품,5kg,15580.0,14580.0
2023-02-06,서울,3.0,8.8,-1.7,0,72.3,토마토,토마토(5kg),상품,5kg,16080.0,14580.0
2023-02-07,서울,3.5,9.5,-0.6,0,72.9,토마토,토마토(5kg),상품,5kg,17000.0,14580.0
2023-02-08,서울,2.1,7.8,-1.3,0,62.1,토마토,토마토(5kg),상품,5kg,18080.0,14180.0
2023-02-09,서울,4.0,9.9,-2.8,0.0,49.9,토마토,토마토(5kg),상품,5kg,17960.0,13360.0
2023-02-10,서울,3.8,6.2,1.1,0.6,79.6,토마토,토마토(5kg),상품,5kg,17960.0,14080.0
2023-02-11,서울,2.8,8.5,-1.2,0,73.0,토마토,토마토(5kg),상품,5kg,17960.0,14080.0
2023-02-12,서울,3.7,7.6,-0.9,0,70.0,토마토,토마토(5kg),상품,5kg,17960.0,14080.0
2023-02-13,서울,5.9,8.4,2.7,0,66.5,토마토,토마토(5kg),상품,5kg,18100.0,13880.0
2023-02-14,서울,1.7,6.6,-2.5,0,54.9,토마토,토마토(5kg),상품,5kg,18240.0,13880.0
2023-02-15,서울,3.2,8.9,-1.2,0,46.4,토마토,토마토(5kg),상품,5kg,18580.0,13960.0
2023-02-16,서울,2.3,4.5,-0.7,0.0,68.3,토마토,토마토(5kg),상품,5kg,18340.0,14980.0
2023-02-17,서울,3.4,9.8,-1.5,0,67.8,토마토,토마토(5kg),상품,5kg,19620.0,15580.0
2023-02-18,서울,5.7,8.1,3.0,0,58.3,토마토,토마토(5kg),상품,5kg,19620.0,15580.0
2023-02-19,서울,3.5,6.1,0.2,0.4,56.1,토마토,토마토(5kg),상품,5kg,19620.0,15580.0
2023-02-20,서울,-0.5,2.4,-3.5,0,46.4,토마토,토마토(5kg),상품,5kg,21100.0,16080.0
2023-02-21,서울,-1.3,4.8,-5.3,0,42.4,토마토,토마토(5kg),상품,5kg,21380.0,17000.0
2023-02-22,서울,1.2,8.4,-4.5,0,50.6,토마토,토마토(5kg),상품,5kg,21360.0,18080.0
2023-02-23,서울,2.9,9.2,-1.8,0,65.5,토마토,토마토(5kg),상품,5kg,21940.0,17960.0
2023-02-24,서울,3.5,8.5,-0.4,0,57.9,토마토,토마토(5kg),상품,5kg,21780.0,17960.0
2023-02-25,서울,0.7,5.7,-2.9,0,44.0,토마토,토마토(5kg),상품,5kg,21780.0,17960.0
2023-02-26,서울,2.2,9.4,-3.4,0,46.6,토마토,토마토(5kg),상품,5kg,21780.0,17960.0
2023-02-27,서울,4.4,12.4,-1.8,0,47.4,토마토,토마토(5kg),상품,5kg,21020.0,18100.0
2023-02-28,서울,4.3,8.7,-0.7,0,63.4,토마토,토마토(5kg),상품,5kg,21660.0,18240.0
2023-03-01,서울,6.0,9.0,2.9,0,54.4,토마토,토마토(5kg),상품,5kg,21660.0,18580.0
2023-03-02,서울,2.2,6.6,-1.8,0,37.8,토마토,토마토(5kg),상품,5kg,21500.0,18340.0
2023-03-03,서울,4.6,10.4,-1.9,0,65.0,토마토,토마토(5kg),상품,5kg,21120.0,19620.0
2023-03-04,서울,7.7,14.1,3.7,0,68.4,토마토,토마토(5kg),상품,5kg,21120.0,19620.0
2023-03-05,서울,8.0,15.4,2.5,0,54.0,토마토,토마토(5kg),상품,5kg,21120.0,19620.0
2023-03-06,서울,9.2,16.5,2.2,0,41.9,토마토,토마토(5kg),상품,5kg,20420.0,21100.0
2023-03-07,서울,11.7,19.4,6.3,0,60.9,토마토,토마토(5kg),상품,5kg,19460.0,21380.0
2023-03-08,서울,12.5,17.7,7.4,1.2,66.3,토마토,토마토(5kg),상품,5kg,19500.0,21360.0
2023-03-09,서울,10.3,13.1,7.4,3.7,85.9,토마토,토마토(5kg),상품,5kg,18380.0,21940.0
2023-03-10,서울,13.5,22.2,6.2,0,62.1,토마토,토마토(5kg),상품,5kg,19160.0,21780.0
2023-03-11,서울,15.2,22.8,10.2,0,52.0,토마토,토마토(5kg),상품,5kg,19160.0,21780.0
2023-03-12,서울,5.9,12.6,0.6,5.6,68.0,토마토,토마토(5kg),상품,5kg,19160.0,21780.0
2023-03-13,서울,2.9,7.6,-1.9,0,38.9,토마토,토마토(5kg),상품,5kg,17220.0,21020.0
2023-03-14,서울,9.2,15.4,3.3,0,45.9,토마토,토마토(5kg),상품,5kg,18000.0,21660.0
2023-03-15,서울,8.6,14.4,3.5,0,66.6,토마토,토마토(5kg),상품,5kg,17480.0,21660.0
2023-03-16,서울,4.6,9.0,0.4,0,36.8,토마토,토마토(5kg),상품,5kg,17960.0,21500.0
2023-03-17,서울,7.2,12.7,0.7,0,34.3,토마토,토마토(5kg),상품,5kg,17820.0,21120.0
2023-03-18,서울,7.7,14.0,2.5,0,46.4,토마토,토마토(5kg),상품,5kg,17820.0,21120.0
2023-03-19,서울,8.3,15.2,2.3,0,59.6,토마토,토마토(5kg),상품,5kg,17820.0,21120.0
2023-03-20,서울,9.5,17.1,2.6,0,50.4,토마토,토마토(5kg),상품,5kg,19140.0,20420.0
2023-03-21,서울,13.0,22.2,5.0,0,35.1,토마토,토마토(5kg),상품,5kg,19720.0,19460.0
2023-03-22,서울,17.0,25.1,9.2,0,44.8,토마토,토마토(5kg),상품,5kg,19800.0,19500.0
2023-03-23,서울,17.4,23.3,12.3,0.0,48.9,토마토,토마토(5kg),상품,5kg,19600.0,18380.0
2023-03-24,서울,12.5,18.3,7.6,0,36.8,토마토,토마토(5kg),상품,5kg,19640.0,19160.0
2023-03-25,서울,12.5,18.7,8.0,0,59.9,토마토,토마토(5kg),상품,5kg,19640.0,19160.0
2023-03-26,서울,9.4,14.0,4.7,0,34.0,토마토,토마토(5kg),상품,5kg,19640.0,19160.0
2023-03-27,서울,7.3,14.5,1.9,0,44.8,토마토,토마토(5kg),상품,5kg,18860.0,17220.0
2023-03-28,서울,9.2,15.7,2.8,0,53.3,토마토,토마토(5kg),상품,5kg,18860.0,18000.0
2023-03-29,서울,11.8,19.7,5.1,0,50.3,토마토,토마토(5kg),상품,5kg,19260.0,17480.0
2023-03-30,서울,13.3,21.2,6.4,0,42.5,토마토,토마토(5kg),상품,5kg,19320.0,17960.0
2023-03-31,서울,15.0,23.9,7.5,0,42.5,토마토,토마토(5kg),상품,5kg,18700.0,17820.0
2023-04-01,서울,17.5,25.6,9.4,0,40.4,토마토,토마토(5kg),상품,5kg,18700.0,17820.0
2023-04-02,서울,18.8,25.2,11.9,0,29.6,토마토,토마토(5kg),상품,5kg,18700.0,17820.0
2023-04-03,서울,19.0,25.9,11.3,0,29.4,토마토,토마토(5kg),상품,5kg,18680.0,19140.0
2023-04-04,서울,17.6,21.7,12.7,6.9,40.4,토마토,토마토(5kg),상품,5kg,18680.0,19720.0
2023-04-05,서울,11.9,14.9,8.7,50.3,97.8,토마토,토마토(5kg),상품,5kg,18800.0,19800.0
2023-04-06,서울,8.8,9.7,7.4,2.7,94.6,토마토,토마토(5kg),상품,5kg,19240.0,19600.0
2023-04-07,서울,8.9,15.7,4.6,0,65.0,토마토,토마토(5kg),상품,5kg,18640.0,19640.0
2023-04-08,서울,8.8,14.9,3.1,0,51.1,토마토,토마토(5kg),상품,5kg,18640.0,19640.0
2023-04-09,서울,10.8,17.8,3.5,0,56.8,토마토,토마토(5kg),상품,5kg,18640.0,19640.0
2023-04-10,서울,13.2,19.1,6.2,0,50.8,토마토,토마토(5kg),상품,5kg,18940.0,18860.0
2023-04-11,서울,13.1,17.4,9.2,2.9,73.4,토마토,토마토(5kg),상품,5kg,18460.0,18860.0
2023-04-12,서울,10.1,15.3,4.8,0,45.1,토마토,토마토(5kg),상품,5kg,17980.0,19260.0
2023-04-13,서울,11.9,17.2,5.1,0.0,45.0,토마토,토마토(5kg),상품,5kg,17780.0,19320.0
2023-04-14,서울,16.2,21.3,11.9,0,58.6,토마토,토마토(5kg),상품,5kg,18620.0,18700.0
2023-04-15,서울,13.5,16.6,9.3,4.6,81.8,토마토,토마토(5kg),상품,5kg,18620.0,18700.0
2023-04-16,서울,10.8,16.1,7.5,0.0,71.4,토마토,토마토(5kg),상품,5kg,18620.0,18700.0
2023-04-17,서울,13.1,18.1,6.8,0,59.0,토마토,토마토(5kg),상품,5kg,17520.0,18680.0
2023-04-18,서울,14.0,18.4,10.7,1.5,78.6,토마토,토마토(5kg),상품,5kg,17280.0,18680.0
2023-04-19,서울,19.1,28.4,11.5,0,66.1,토마토,토마토(5kg),상품,5kg,17360.0,18800.0
2023-04-20,서울,15.8,18.9,14.5,0.5,92.1,토마토,토마토(5kg),상품,5kg,17080.0,19240.0
2023-04-21,서울,16.7,22.8,11.4,0,50.4,토마토,토마토(5kg),상품,5kg,16920.0,18640.0
2023-04-22,서울,16.9,22.5,12.2,0,22.9,토마토,토마토(5kg),상품,5kg,16920.0,18640.0
2023-04-23,서울,16.1,22.1,10.7,0,34.1,토마토,토마토(5kg),상품,5kg,16920.0,18640.0
2023-04-24,서울,15.8,21.3,11.5,0,40.5,토마토,토마토(5kg),상품,5kg,16220.0,18940.0
2023-04-25,서울,10.9,13.2,9.0,0.4,68.6,토마토,토마토(5kg),상품,5kg,15940.0,18460.0
2023-04-26,서울,10.2,13.5,7.4,0.0,69.9,토마토,토마토(5kg),상품,5kg,15800.0,17980.0
2023-04-27,서울,12.9,20.0,5.1,0,61.6,토마토,토마토(5kg),상품,5kg,15900.0,17780.0
2023-04-28,서울,15.7,21.3,9.0,1.9,62.0,토마토,토마토(5kg),상품,5kg,16080.0,18620.0
2023-04-29,서울,13.2,15.8,9.9,25.1,88.1,토마토,토마토(5kg),상품,5kg,16080.0,18620.0
2023-04-30,서울,12.7,17.9,7.9,0.1,72.9,토마토,토마토(5kg),상품,5kg,16080.0,18620.0
2023-05-01,서울,14.6,20.8,9.8,0,57.0,토마토,토마토(5kg),상품,5kg,16080.0,17520.0
2023-05-02,서울,16.7,23.7,9.1,0,40.5,토마토,토마토(5kg),상품,5kg,14860.0,17280.0
2023-05-03,서울,19.5,26.2,12.4,0,52.5,토마토,토마토(5kg),상품,5kg,14940.0,17360.0
2023-05-04,서울,21.4,25.8,15.6,0,65.5,토마토,토마토(5kg),상품,5kg,14740.0,17080.0
2023-05-05,서울,18.4,21.6,15.5,30.2,95.3,토마토,토마토(5kg),상품,5kg,14740.0,16920.0
2023-05-06,서울,12.6,15.5,11.7,47.5,85.6,토마토,토마토(5kg),상품,5kg,14740.0,16920.0
2023-05-07,서울,14.4,18.6,11.1,0,47.1,토마토,토마토(5kg),상품,5kg,14740.0,16920.0
2023-05-08,서울,15.3,22.0,7.9,0,55.3,토마토,토마토(5kg),상품,5kg,14480.0,16220.0
2023-05-09,서울,17.0,24.4,10.0,0,55.4,토마토,토마토(5kg),상품,5kg,14460.0,15940.0
2023-05-10,서울,18.4,26.0,10.7,0,53.3,토마토,토마토(5kg),상품,5kg,14640.0,15800.0
2023-05-11,서울,19.5,26.7,12.8,0,50.1,토마토,토마토(5kg),상품,5kg,14740.0,15900.0
2023-05-12,서울,18.4,24.7,13.1,0,50.9,토마토,토마토(5kg),상품,5kg,14780.0,16080.0
2023-05-13,서울,17.8,23.9,12.6,0.0,62.0,토마토,토마토(5kg),상품,5kg,14780.0,16080.0
2023-05-14,서울,18.1,23.8,12.9,0,56.5,토마토,토마토(5kg),상품,5kg,14780.0,16080.0
2023-05-15,서울,20.6,27.9,12.8,0,54.6,토마토,토마토(5kg),상품,5kg,14520.0,16080.0
2023-05-16,서울,24.0,31.2,17.2,0,51.9,토마토,토마토(5kg),상품,5kg,14440.0,14860.0
2023-05-17,서울,23.5,28.7,18.6,0,63.6,토마토,토마토(5kg),상품,5kg,14160.0,14940.0
2023-05-18,서울,21.2,27.6,18.8,1.3,74.8,토마토,토마토(5kg),상품,5kg,14080.0,14740.0
2023-05-19,서울,22.3,27.8,16.7,0,61.4,토마토,토마토(5kg),상품,5kg,14040.0,14740.0
2023-05-20,서울,21.2,26.7,16.6,0,66.9,토마토,토마토(5kg),상품,5kg,14040.0,14740.0
2023-05-21,서울,17.8,21.9,15.3,0.2,74.0,토마토,토마토(5kg),상품,5kg,14040.0,14740.0
2023-05-22,서울,20.3,26.8,15.9,0.0,61.3,토마토,토마토(5kg),상품,5kg,13880.0,14480.0
2023-05-23,서울,20.5,26.9,14.1,0,48.0,토마토,토마토(5kg),상품,5kg,13520.0,14460.0
2023-05-24,서울,20.6,25.9,14.8,0,49.8,토마토,토마토(5kg),상품,5kg,13440.0,14640.0
2023-05-25,서울,21.2,27.4,15.7,0.0,46.6,토마토,토마토(5kg),상품,5kg,13400.0,14740.0
2023-05-26,서울,21.4,27.3,15.8,0.5,57.4,토마토,토마토(5kg),상품,5kg,13240.0,14780.0
2023-05-27,서울,19.3,20.7,18.6,31.8,87.4,토마토,토마토(5kg),상품,5kg,13240.0,14780.0
2023-05-28,서울,19.2,20.2,18.4,41.8,98.9,토마토,토마토(5kg),상품,5kg,13240.0,14780.0
2023-05-29,서울,23.2,28.5,19.0,2.3,83.4,토마토,토마토(5kg),상품,5kg,13240.0,14520.0
2023-05-30,서울,24.0,28.9,20.5,0,69.5,토마토,토마토(5kg),상품,5kg,12180.0,14440.0
2023-05-31,서울,22.8,28.2,18.8,0,60.8,토마토,토마토(5kg),상품,5kg,11460.0,14160.0
2023-06-01,서울,22.8,26.3,19.7,0,66.9,토마토,토마토(5kg),상품,5kg,11880.0,14080.0
2023-06-02,서울,20.4,25.0,17.9,0.0,77.4,토마토,토마토(5kg),상품,5kg,12760.0,14040.0
2023-06-03,서울,22.0,27.8,16.6,0,60.1,토마토,토마토(5kg),상품,5kg,12760.0,14040.0
2023-06-04,서울,22.1,28.0,16.9,0,61.0,토마토,토마토(5kg),상품,5kg,12760.0,14040.0
2023-06-05,서울,21.5,26.3,17.6,0,66.9,토마토,토마토(5kg),상품,5kg,13520.0,13880.0
2023-06-06,서울,20.3,25.2,17.3,0.0,72.9,토마토,토마토(5kg),상품,5kg,13520.0,13520.0
2023-06-07,서울,21.4,25.7,18.9,0.0,75.3,토마토,토마토(5kg),상품,5kg,13080.0,13440.0
2023-06-08,서울,20.4,23.9,18.3,1.9,80.5,토마토,토마토(5kg),상품,5kg,14080.0,13400.0
2023-06-09,서울,23.3,28.4,18.3,1.2,64.0,토마토,토마토(5kg),상품,5kg,14360.0,13240.0
2023-06-10,서울,23.2,28.5,19.6,0.8,70.0,토마토,토마토(5kg),상품,5kg,14360.0,13240.0
2023-06-11,서울,22.1,27.3,17.9,32.2,76.1,토마토,토마토(5kg),상품,5kg,14360.0,13240.0
2023-06-12,서울,22.2,27.5,18.4,0.0,70.5,토마토,토마토(5kg),상품,5kg,14020.0,13240.0
2023-06-13,서울,22.0,26.0,19.2,0.0,70.0,토마토,토마토(5kg),상품,5kg,13960.0,12180.0
2023-06-14,서울,20.6,25.0,17.5,30.6,80.3,토마토,토마토(5kg),상품,5kg,14200.0,11460.0
2023-06-15,서울,22.7,28.3,17.7,0,70.8,토마토,토마토(5kg),상품,5kg,14360.0,11880.0
2023-06-16,서울,23.7,28.9,19.1,0,64.4,토마토,토마토(5kg),상품,5kg,14300.0,12760.0
2023-06-17,서울,24.2,30.2,18.9,0,57.1,토마토,토마토(5kg),상품,5kg,14300.0,12760.0
2023-06-18,서울,25.9,32.6,20.8,0,60.5,토마토,토마토(5kg),상품,5kg,14300.0,12760.0
2023-06-19,서울,28.5,34.0,23.3,0,57.8,토마토,토마토(5kg),상품,5kg,14620.0,13520.0
2023-06-20,서울,24.7,26.4,21.4,6.4,64.5,토마토,토마토(5kg),상품,5kg,15060.0,13520.0
2023-06-21,서울,20.5,22.1,19.2,24.9,92.6,토마토,토마토(5kg),상품,5kg,14760.0,13080.0
2023-06-22,서울,22.5,26.4,18.9,0.0,77.1,토마토,토마토(5kg),상품,5kg,14820.0,14080.0
2023-06-23,서울,24.4,29.9,20.0,0,76.6,토마토,토마토(5kg),상품,5kg,15100.0,14360.0
2023-06-24,서울,26.4,31.1,21.9,0,70.5,토마토,토마토(5kg),상품,5kg,15100.0,14360.0
2023-06-25,서울,28.2,33.1,22.8,0,64.9,토마토,토마토(5kg),상품,5kg,15100.0,14360.0
2023-06-26,서울,24.2,27.5,22.3,30.3,88.6,토마토,토마토(5kg),상품,5kg,14420.0,14020.0
2023-06-27,서울,25.3,29.1,21.4,2.5,73.1,토마토,토마토(5kg),상품,5kg,14020.0,13960.0
2023-06-28,서울,26.5,30.1,24.2,0.0,77.4,토마토,토마토(5kg),상품,5kg,14020.0,14200.0
2023-06-29,서울,24.2,25.9,23.2,63.8,95.4,토마토,토마토(5kg),상품,5kg,14100.0,14360.0
2023-06-30,서울,25.3,29.1,23.2,1.0,89.8,토마토,토마토(5kg),상품,5kg,13080.0,14300.0
2023-07-01,서울,27.7,32.9,23.3,0,76.9,토마토,토마토(5kg),상품,5kg,13080.0,14300.0
2023-07-02,서울,26.7,30.6,23.5,0,79.5,토마토,토마토(5kg),상품,5kg,13080.0,14300.0
2023-07-03,서울,29.1,34.9,24.1,0,72.0,토마토,토마토(5kg),상품,5kg,13220.0,14620.0
2023-07-04,서울,26.1,29.2,24.5,61.8,86.8,토마토,토마토(5kg),상품,5kg,13020.0,15060.0
2023-07-05,서울,24.5,27.1,22.1,15.3,82.6,토마토,토마토(5kg),상품,5kg,14380.0,14760.0
2023-07-06,서울,27.3,31.8,22.4,0,70.9,토마토,토마토(5kg),상품,5kg,16280.0,14820.0
2023-07-07,서울,26.7,31.4,23.3,0,64.9,토마토,토마토(5kg),상품,5kg,16280.0,15100.0
2023-07-08,서울,25.6,29.7,22.4,0,76.5,토마토,토마토(5kg),상품,5kg,16280.0,15100.0
2023-07-09,서울,24.7,27.0,21.6,47.5,86.4,토마토,토마토(5kg),상품,5kg,16280.0,15100.0
2023-07-10,서울,26.3,30.9,22.9,11.5,80.4,토마토,토마토(5kg),상품,5kg,15880.0,14420.0
2023-07-11,서울,23.5,25.9,21.6,58.3,92.4,토마토,토마토(5kg),상품,5kg,16040.0,14020.0
2023-07-12,서울,25.8,29.1,22.0,0.7,86.4,토마토,토마토(5kg),상품,5kg,17180.0,14020.0
2023-07-13,서울,25.2,26.5,24.7,91.6,95.0,토마토,토마토(5kg),상품,5kg,18860.0,14100.0
2023-07-14,서울,24.6,25.1,23.9,72.7,99.1,토마토,토마토(5kg),상품,5kg,18540.0,13080.0
2023-07-15,서울,24.5,25.7,23.7,2.3,93.5,토마토,토마토(5kg),상품,5kg,18540.0,13080.0
2023-07-16,서울,24.6,25.4,23.7,9.7,89.5,토마토,토마토(5kg),상품,5kg,18540.0,13080.0
2023-07-17,서울,25.5,27.8,23.7,1.4,86.1,토마토,토마토(5kg),상품,5kg,17800.0,13220.0
2023-07-18,서울,25.2,27.7,24.1,2.3,87.9,토마토,토마토(5kg),상품,5kg,17000.0,13020.0
2023-07-19,서울,27.2,32.4,22.5,0,78.8,토마토,토마토(5kg),상품,5kg,17200.0,14380.0
2023-07-20,서울,27.9,32.8,24.0,0,74.0,토마토,토마토(5kg),상품,5kg,15920.0,16280.0
2023-07-21,서울,29.5,34.3,24.6,0,69.6,토마토,토마토(5kg),상품,5kg,15740.0,16280.0
2023-07-22,서울,27.7,32.5,24.6,12.3,73.9,토마토,토마토(5kg),상품,5kg,15740.0,16280.0
2023-07-23,서울,25.2,25.8,24.5,40.2,94.3,토마토,토마토(5kg),상품,5kg,15740.0,16280.0
2023-07-24,서울,26.9,30.0,24.6,0.4,83.1,토마토,토마토(5kg),상품,5kg,15740.0,15880.0
2023-07-25,서울,27.8,30.5,25.8,5.6,80.5,토마토,토마토(5kg),상품,5kg,15140.0,16040.0
2023-07-26,서울,27.6,31.1,24.9,1.0,80.9,토마토,토마토(5kg),상품,5kg,15540.0,17180.0
2023-07-27,서울,28.4,32.2,24.4,0.0,78.1,토마토,토마토(5kg),상품,5kg,15660.0,18860.0
2023-07-28,서울,29.5,34.1,25.4,0,72.4,토마토,토마토(5kg),상품,5kg,15940.0,18540.0
2023-07-29,서울,29.1,33.3,26.1,0,72.1,토마토,토마토(5kg),상품,5kg,15940.0,18540.0
2023-07-30,서울,28.8,34.9,24.9,25.0,72.5,토마토,토마토(5kg),상품,5kg,15940.0,18540.0
2023-07-31,서울,28.7,33.4,25.6,0.3,76.3,토마토,토마토(5kg),상품,5kg,15620.0,17800.0
2023-08-01,서울,29.9,34.2,25.5,0,71.6,토마토,토마토(5kg),상품,5kg,16160.0,17000.0
2023-08-02,서울,29.7,33.7,26.8,0,67.8,토마토,토마토(5kg),상품,5kg,16700.0,17200.0
2023-08-03,서울,29.5,33.8,25.8,0,67.0,토마토,토마토(5kg),상품,5kg,16240.0,15920.0
2023-08-04,서울,30.0,34.4,26.5,0,67.6,토마토,토마토(5kg),상품,5kg,15940.0,15740.0
2023-08-05,서울,30.3,34.9,26.4,0,69.0,토마토,토마토(5kg),상품,5kg,15940.0,15740.0
2023-08-06,서울,29.8,33.0,27.0,4.9,76.5,토마토,토마토(5kg),상품,5kg,15940.0,15740.0
2023-08-07,서울,30.4,34.6,27.3,0,68.4,토마토,토마토(5kg),상품,5kg,16760.0,15740.0
2023-08-08,서울,30.9,35.8,26.4,0,60.5,토마토,토마토(5kg),상품,5kg,16440.0,15140.0
2023-08-09,서울,28.3,31.6,25.1,0.2,67.6,토마토,토마토(5kg),상품,5kg,16720.0,15540.0
2023-08-10,서울,22.2,25.1,20.9,86.1,91.9,토마토,토마토(5kg),상품,5kg,16680.0,15660.0
2023-08-11,서울,23.5,24.9,21.6,46.7,93.1,토마토,토마토(5kg),상품,5kg,17560.0,15940.0
2023-08-12,서울,23.3,24.1,22.5,1.5,91.0,토마토,토마토(5kg),상품,5kg,17560.0,15940.0
2023-08-13,서울,27.0,31.1,22.6,0,76.9,토마토,토마토(5kg),상품,5kg,17560.0,15940.0
2023-08-14,서울,28.1,31.9,24.8,0,75.4,토마토,토마토(5kg),상품,5kg,17680.0,15620.0
2023-08-15,서울,28.6,32.7,24.7,0,71.4,토마토,토마토(5kg),상품,5kg,17680.0,16160.0
2023-08-16,서울,27.3,31.6,24.7,0.3,72.0,토마토,토마토(5kg),상품,5kg,17380.0,16700.0
2023-08-17,서울,28.2,32.4,24.5,0,73.0,토마토,토마토(5kg),상품,5kg,17720.0,16240.0
2023-08-18,서울,29.1,33.3,25.5,0.1,72.1,토마토,토마토(5kg),상품,5kg,18480.0,15940.0
2023-08-19,서울,29.1,33.6,26.4,0,68.9,토마토,토마토(5kg),상품,5kg,18480.0,15940.0
2023-08-20,서울,28.3,31.8,25.5,0.0,71.8,토마토,토마토(5kg),상품,5kg,18480.0,15940.0
2023-08-21,서울,29.5,33.6,26.0,0.0,69.8,토마토,토마토(5kg),상품,5kg,20460.0,16760.0
2023-08-22,서울,27.6,32.2,25.8,42.6,80.3,토마토,토마토(5kg),상품,5kg,21380.0,16440.0
2023-08-23,서울,24.8,27.2,23.2,41.8,91.3,토마토,토마토(5kg),상품,5kg,22360.0,16720.0
2023-08-24,서울,25.1,27.8,22.3,5.2,84.8,토마토,토마토(5kg),상품,5kg,25480.0,16680.0
2023-08-25,서울,26.5,30.0,24.0,0.0,77.9,토마토,토마토(5kg),상품,5kg,26440.0,17560.0
2023-08-26,서울,26.4,30.3,23.3,0,72.3,토마토,토마토(5kg),상품,5kg,26440.0,17560.0
2023-08-27,서울,26.1,29.6,22.7,0.0,75.0,토마토,토마토(5kg),상품,5kg,26440.0,17560.0
2023-08-28,서울,22.7,25.6,20.8,10.4,87.5,토마토,토마토(5kg),상품,5kg,25620.0,17680.0
2023-08-29,서울,23.9,25.5,22.5,54.8,89.6,토마토,토마토(5kg),상품,5kg,28900.0,17680.0
2023-08-30,서울,22.8,24.5,21.5,3.5,88.0,토마토,토마토(5kg),상품,5kg,29520.0,17380.0
2023-08-31,서울,23.9,28.9,21.0,0,76.9,토마토,토마토(5kg),상품,5kg,28920.0,17720.0
2023-09-01,서울,24.5,29.6,19.7,0,70.6,토마토,토마토(5kg),상품,5kg,30740.0,18480.0
2023-09-02,서울,25.4,30.8,19.7,0,63.9,토마토,토마토(5kg),상품,5kg,30740.0,18480.0
2023-09-03,서울,25.8,28.8,23.1,0.1,77.8,토마토,토마토(5kg),상품,5kg,30740.0,18480.0
2023-09-04,서울,27.0,30.2,24.3,0.3,79.9,토마토,토마토(5kg),상품,5kg,29940.0,20460.0
2023-09-05,서울,28.5,32.8,25.0,0.0,69.5,토마토,토마토(5kg),상품,5kg,29700.0,21380.0
2023-09-06,서울,27.9,32.1,24.0,0,65.1,토마토,토마토(5kg),상품,5kg,30500.0,22360.0
2023-09-07,서울,26.3,31.6,20.9,0,54.8,토마토,토마토(5kg),상품,5kg,29560.0,25480.0
2023-09-08,서울,25.3,30.5,19.6,0,60.3,토마토,토마토(5kg),상품,5kg,30440.0,26440.0
2023-09-09,서울,25.8,31.2,20.8,0,66.3,토마토,토마토(5kg),상품,5kg,30440.0,26440.0
2023-09-10,서울,25.7,29.6,22.0,0,68.1,토마토,토마토(5kg),상품,5kg,30440.0,26440.0
2023-09-11,서울,25.5,29.8,23.1,0,67.3,토마토,토마토(5kg),상품,5kg,30560.0,25620.0
2023-09-12,서울,25.7,29.8,21.7,0,69.8,토마토,토마토(5kg),상품,5kg,32080.0,28900.0
2023-09-13,서울,22.1,24.6,19.6,15.9,84.5,토마토,토마토(5kg),상품,5kg,30540.0,29520.0
2023-09-14,서울,23.4,27.2,19.2,0,72.4,토마토,토마토(5kg),상품,5kg,30740.0,28920.0
2023-09-15,서울,22.3,24.3,20.3,2.1,82.3,토마토,토마토(5kg),상품,5kg,30680.0,30740.0
2023-09-16,서울,23.9,26.6,22.0,38.7,87.8,토마토,토마토(5kg),상품,5kg,30680.0,30740.0
2023-09-17,서울,24.7,28.0,22.0,3.0,84.8,토마토,토마토(5kg),상품,5kg,30680.0,30740.0
2023-09-18,서울,24.7,28.9,22.1,0,79.1,토마토,토마토(5kg),상품,5kg,31400.0,29940.0
2023-09-19,서울,24.1,27.2,21.6,0,81.1,토마토,토마토(5kg),상품,5kg,30680.0,29700.0
2023-09-20,서울,20.6,23.9,18.8,35.8,90.4,토마토,토마토(5kg),상품,5kg,31040.0,30500.0
2023-09-21,서울,20.1,23.6,17.5,0.0,70.9,토마토,토마토(5kg),상품,5kg,31920.0,29560.0
2023-09-22,서울,20.5,26.7,15.2,0,68.4,토마토,토마토(5kg),상품,5kg,33520.0,30440.0
2023-09-23,서울,21.8,27.6,16.3,0,63.9,토마토,토마토(5kg),상품,5kg,28400.0,30440.0
2023-09-24,서울,21.8,26.2,17.9,0,56.4,토마토,토마토(5kg),상품,5kg,28400.0,30440.0
2023-09-25,서울,21.6,26.0,17.9,1.9,66.4,토마토,토마토(5kg),상품,5kg,33400.0,30560.0
2023-09-26,서울,19.9,20.8,18.6,27.8,95.8,토마토,토마토(5kg),상품,5kg,33340.0,32080.0
2023-09-27,서울,21.5,23.7,20.0,4.4,90.1,토마토,토마토(5kg),상품,5kg,31400.0,30540.0
2023-09-28,서울,22.7,27.3,19.6,0,78.3,토마토,토마토(5kg),상품,5kg,31400.0,30740.0
2023-09-29,서울,21.1,26.9,17.4,0,61.5,토마토,토마토(5kg),상품,5kg,31400.0,30680.0
2023-09-30,서울,19.7,22.2,17.1,4.5,77.0,토마토,토마토(5kg),상품,5kg,31400.0,30680.0
2023-10-01,서울,18.4,23.7,14.4,0,59.5,토마토,토마토(5kg),상품,5kg,31400.0,30680.0
2023-10-02,서울,18.2,24.6,12.9,0,53.8,토마토,토마토(5kg),상품,5kg,31400.0,31400.0
2023-10-03,서울,17.5,22.5,14.4,0,66.3,토마토,토마토(5kg),상품,5kg,31400.0,30680.0
2023-10-04,서울,17.3,23.2,14.2,14.7,75.5,토마토,토마토(5kg),상품,5kg,25220.0,31040.0
2023-10-05,서울,14.2,19.2,9.9,0,46.1,토마토,토마토(5kg),상품,5kg,23880.0,31920.0
2023-10-06,서울,15.5,21.5,9.6,0,55.3,토마토,토마토(5kg),상품,5kg,23400.0,33520.0
2023-10-07,서울,16.8,21.2,11.7,0,62.6,토마토,토마토(5kg),상품,5kg,23400.0,28400.0
2023-10-08,서울,17.1,19.5,15.2,0.0,67.1,토마토,토마토(5kg),상품,5kg,23400.0,28400.0
2023-10-09,서울,17.4,22.4,14.1,1.2,68.1,토마토,토마토(5kg),상품,5kg,23400.0,33400.0
2023-10-10,서울,17.1,23.5,11.9,0,67.1,토마토,토마토(5kg),상품,5kg,25860.0,33340.0
2023-10-11,서울,17.6,24.0,12.9,0,57.5,토마토,토마토(5kg),상품,5kg,27920.0,31400.0
2023-10-12,서울,17.5,24.1,12.0,0,62.4,토마토,토마토(5kg),상품,5kg,32080.0,31400.0
2023-10-13,서울,17.5,21.5,14.3,0,69.6,토마토,토마토(5kg),상품,5kg,35300.0,31400.0
2023-10-14,서울,14.7,18.2,12.9,5.8,84.9,토마토,토마토(5kg),상품,5kg,35300.0,31400.0
2023-10-15,서울,16.1,21.2,10.9,0,80.0,토마토,토마토(5kg),상품,5kg,35300.0,31400.0
2023-10-16,서울,14.7,19.6,10.7,0,57.0,토마토,토마토(5kg),상품,5kg,40300.0,31400.0
2023-10-17,서울,13.8,20.9,7.5,0,55.6,토마토,토마토(5kg),상품,5kg,48380.0,31400.0
2023-10-18,서울,15.7,21.6,9.2,0,67.0,토마토,토마토(5kg),상품,5kg,47660.0,25220.0
2023-10-19,서울,17.0,18.9,14.9,8.2,82.5,토마토,토마토(5kg),상품,5kg,46880.0,23880.0
2023-10-20,서울,11.6,15.1,7.2,0,46.9,토마토,토마토(5kg),상품,5kg,46240.0,23400.0
2023-10-21,서울,10.4,16.6,5.9,1.1,54.8,토마토,토마토(5kg),상품,5kg,46240.0,23400.0
2023-10-22,서울,12.5,18.7,5.4,0,67.3,토마토,토마토(5kg),상품,5kg,46240.0,23400.0
2023-10-23,서울,15.2,21.4,11.1,0,73.8,토마토,토마토(5kg),상품,5kg,41500.0,23400.0
2023-10-24,서울,15.6,19.3,11.2,0,78.5,토마토,토마토(5kg),상품,5kg,41300.0,25860.0
2023-10-25,서울,16.6,21.9,12.7,0,78.6,토마토,토마토(5kg),상품,5kg,38960.0,27920.0
2023-10-26,서울,17.2,21.1,14.6,0.0,79.4,토마토,토마토(5kg),상품,5kg,36860.0,32080.0
2023-10-27,서울,15.7,20.2,12.6,0,71.1,토마토,토마토(5kg),상품,5kg,34800.0,35300.0
2023-10-28,서울,14.2,20.7,9.4,0,62.9,토마토,토마토(5kg),상품,5kg,34800.0,35300.0
2023-10-29,서울,14.9,21.8,9.8,0,61.6,토마토,토마토(5kg),상품,5kg,34800.0,35300.0
2023-10-30,서울,15.1,21.9,9.7,0,72.0,토마토,토마토(5kg),상품,5kg,31200.0,40300.0
2023-10-31,서울,16.5,20.8,12.7,0,76.0,토마토,토마토(5kg),상품,5kg,28760.0,48380.0
2023-11-01,서울,19.0,20.6,17.2,0.0,81.8,토마토,토마토(5kg),상품,5kg,27220.0,47660.0
2023-11-02,서울,20.8,25.9,18.7,0,70.9,토마토,토마토(5kg),상품,5kg,27960.0,46880.0
2023-11-03,서울,19.5,22.4,17.7,8.5,83.3,토마토,토마토(5kg),상품,5kg,25660.0,46240.0
2023-11-04,서울,17.4,20.9,14.1,0,75.5,토마토,토마토(5kg),상품,5kg,25660.0,46240.0
2023-11-05,서울,17.3,20.4,15.1,10.4,87.0,토마토,토마토(5kg),상품,5kg,25660.0,46240.0
2023-11-06,서울,13.3,19.3,6.6,45.8,84.9,토마토,토마토(5kg),상품,5kg,26600.0,41500.0
2023-11-07,서울,5.8,9.9,3.6,0.0,62.5,토마토,토마토(5kg),상품,5kg,24460.0,41300.0
2023-11-08,서울,8.4,16.1,1.8,0,55.1,토마토,토마토(5kg),상품,5kg,24360.0,38960.0
2023-11-09,서울,11.4,18.4,5.9,5.1,73.1,토마토,토마토(5kg),상품,5kg,24560.0,36860.0
2023-11-10,서울,3.4,9.1,0.5,0,53.1,토마토,토마토(5kg),상품,5kg,24240.0,34800.0
2023-11-11,서울,1.7,6.7,-1.9,0,47.9,토마토,토마토(5kg),상품,5kg,24240.0,34800.0
2023-11-12,서울,1.2,5.7,-2.0,0,53.8,토마토,토마토(5kg),상품,5kg,24240.0,34800.0
2023-11-13,서울,2.0,6.7,-2.2,0,54.0,토마토,토마토(5kg),상품,5kg,23160.0,31200.0
2023-11-14,서울,5.0,10.8,-0.8,0,66.1,토마토,토마토(5kg),상품,5kg,21600.0,28760.0
2023-11-15,서울,7.0,12.5,2.0,0,71.4,토마토,토마토(5kg),상품,5kg,22040.0,27220.0
2023-11-16,서울,6.6,7.4,5.7,8.4,85.0,토마토,토마토(5kg),상품,5kg,21380.0,27960.0
2023-11-17,서울,1.6,5.9,-1.9,0.0,59.3,토마토,토마토(5kg),상품,5kg,21900.0,25660.0
2023-11-18,서울,0.6,5.7,-3.8,0,58.9,토마토,토마토(5kg),상품,5kg,21900.0,25660.0
2023-11-19,서울,5.9,13.4,-0.3,0,68.3,토마토,토마토(5kg),상품,5kg,21900.0,25660.0
2023-11-20,서울,6.2,12.8,1.8,0,58.4,토마토,토마토(5kg),상품,5kg,21800.0,26600.0
2023-11-21,서울,7.4,14.8,1.4,0,59.6,토마토,토마토(5kg),상품,5kg,21920.0,24460.0
2023-11-22,서울,9.5,15.1,2.9,0,68.1,토마토,토마토(5kg),상품,5kg,21760.0,24360.0
2023-11-23,서울,9.9,14.6,1.9,0.1,71.1,토마토,토마토(5kg),상품,5kg,22100.0,24560.0
2023-11-24,서울,-1.5,2.2,-4.4,0,51.8,토마토,토마토(5kg),상품,5kg,21260.0,24240.0
2023-11-25,서울,-1.3,4.0,-5.9,0,42.8,토마토,토마토(5kg),상품,5kg,21260.0,24240.0
2023-11-26,서울,4.0,7.2,-0.1,0.0,43.6,토마토,토마토(5kg),상품,5kg,21260.0,24240.0
2023-11-27,서울,6.2,9.3,4.4,3.6,82.9,토마토,토마토(5kg),상품,5kg,21660.0,23160.0
2023-11-28,서울,1.3,5.2,-1.2,0,58.0,토마토,토마토(5kg),상품,5kg,21460.0,21600.0
2023-11-29,서울,-1.4,3.0,-4.0,0,59.0,토마토,토마토(5kg),상품,5kg,22720.0,22040.0
2023-11-30,서울,-4.3,-0.5,-7.3,0,48.5,토마토,토마토(5kg),상품,5kg,23740.0,21380.0
2023-12-01,서울,-3.2,0.7,-6.8,0,55.3,토마토,토마토(5kg),상품,5kg,23740.0,21900.0
2023-12-02,서울,2.0,8.0,-4.4,0.0,60.8,토마토,토마토(5kg),상품,5kg,23740.0,21900.0
2023-12-03,서울,0.8,6.0,-2.8,0,56.3,토마토,토마토(5kg),상품,5kg,23740.0,21900.0
2023-12-04,서울,2.7,9.4,-3.0,0,59.5,토마토,토마토(5kg),상품,5kg,24280.0,21800.0
2023-12-05,서울,6.8,12.6,3.8,0,55.4,토마토,토마토(5kg),상품,5kg,24280.0,21920.0
2023-12-06,서울,6.1,8.7,3.9,3.8,76.1,토마토,토마토(5kg),상품,5kg,24140.0,21760.0
2023-12-07,서울,6.6,11.4,0.8,0,64.0,토마토,토마토(5kg),상품,5kg,24140.0,22100.0
2023-12-08,서울,11.2,16.8,5.1,0,73.4,토마토,토마토(5kg),상품,5kg,22860.0,21260.0
2023-12-09,서울,13.7,16.2,11.7,0,82.9,토마토,토마토(5kg),상품,5kg,22860.0,21260.0
2023-12-10,서울,11.4,15.5,6.7,0.0,67.9,토마토,토마토(5kg),상품,5kg,22860.0,21260.0
2023-12-11,서울,8.9,12.3,5.0,11.4,82.9,토마토,토마토(5kg),상품,5kg,22600.0,21660.0
2023-12-12,서울,5.4,9.3,3.5,0.4,75.6,토마토,토마토(5kg),상품,5kg,23200.0,21460.0
2023-12-13,서울,6.8,10.3,2.6,0,74.1,토마토,토마토(5kg),상품,5kg,23400.0,22720.0
2023-12-14,서울,7.6,9.1,6.2,17.0,85.8,토마토,토마토(5kg),상품,5kg,22920.0,23740.0
2023-12-15,서울,4.9,6.2,3.7,31.1,95.4,토마토,토마토(5kg),상품,5kg,22720.0,23740.0
2023-12-16,서울,-4.1,3.8,-9.9,1.5,68.9,토마토,토마토(5kg),상품,5kg,22720.0,23740.0
2023-12-17,서울,-9.8,-6.4,-12.4,0,48.9,토마토,토마토(5kg),상품,5kg,22720.0,23740.0
2023-12-18,서울,-7.7,-3.6,-12.2,0,45.1,토마토,토마토(5kg),상품,5kg,23060.0,24280.0
2023-12-19,서울,-3.7,0.2,-8.2,0.3,63.1,토마토,토마토(5kg),상품,5kg,21860.0,24280.0
2023-12-20,서울,-7.4,-2.1,-11.9,0.8,64.1,토마토,토마토(5kg),상품,5kg,22200.0,24140.0
2023-12-21,서울,-11.7,-8.0,-14.4,0,57.4,토마토,토마토(5kg),상품,5kg,22260.0,24140.0
2023-12-22,서울,-11.6,-8.0,-14.7,0,51.8,토마토,토마토(5kg),상품,5kg,21860.0,22860.0
2023-12-23,서울,-6.8,-0.9,-12.7,0,53.4,토마토,토마토(5kg),상품,5kg,21860.0,22860.0
2023-12-24,서울,-2.2,3.0,-5.6,1.1,73.4,토마토,토마토(5kg),상품,5kg,21860.0,22860.0
2023-12-25,서울,-0.7,2.1,-2.7,0.7,80.8,토마토,토마토(5kg),상품,5kg,21860.0,22600.0
2023-12-26,서울,1.9,7.2,-2.6,0,72.9,토마토,토마토(5kg),상품,5kg,21660.0,23200.0
2023-12-27,서울,1.5,6.8,-2.8,0,76.6,토마토,토마토(5kg),상품,5kg,21600.0,23400.0
2023-12-28,서울,1.2,4.4,-1.7,0,69.5,토마토,토마토(5kg),상품,5kg,21600.0,22920.0
2023-12-29,서울,1.3,4.6,-1.5,0,71.0,토마토,토마토(5kg),상품,5kg,21600.0,22720.0
2023-12-30,서울,0.6,2.1,-0.9,13.1,92.0,토마토,토마토(5kg),상품,5kg,21600.0,22720.0
2023-12-31,서울,2.1,4.3,0.6,4.7,95.5,토마토,토마토(5kg),상품,5kg,21600.0,22720.0
2024-01-01,서울,3.3,7.3,-0.3,0.0,83.4,토마토,토마토(5kg),상품,5kg,21600.0,23060.0
2024-01-02,서울,2.9,4.3,2.2,0.0,72.6,토마토,토마토(5kg),상품,5kg,21600.0,21860.0
2024-01-03,서울,1.8,4.0,-1.1,0.6,80.4,토마토,토마토(5kg),상품,5kg,20920.0,22200.0
2024-01-04,서울,1.4,4.7,-3.3,0,74.3,토마토,토마토(5kg),상품,5kg,21260.0,22260.0
2024-01-05,서울,5.0,9.1,1.4,0.0,77.1,토마토,토마토(5kg),상품,5kg,21460.0,21860.0
2024-01-06,서울,0.7,5.2,-2.7,2.4,63.9,토마토,토마토(5kg),상품,5kg,21460.0,21860.0
2024-01-07,서울,-4.4,-0.9,-8.3,0,57.4,토마토,토마토(5kg),상품,5kg,21460.0,21860.0
2024-01-08,서울,-4.7,0.0,-10.3,0,57.8,토마토,토마토(5kg),상품,5kg,21600.0,21860.0
2024-01-09,서울,-0.6,0.4,-1.9,1.6,84.0,토마토,토마토(5kg),상품,5kg,21660.0,21660.0
2024-01-10,서울,-1.0,3.3,-4.1,0,85.9,토마토,토마토(5kg),상품,5kg,21540.0,21600.0
2024-01-11,서울,1.7,4.5,-2.4,0,80.6,토마토,토마토(5kg),상품,5kg,21940.0,21600.0
2024-01-12,서울,0.9,4.2,-1.4,0,61.6,토마토,토마토(5kg),상품,5kg,22400.0,21600.0
2024-01-13,서울,0.4,6.4,-3.8,0,44.3,토마토,토마토(5kg),상품,5kg,22400.0,21600.0
2024-01-14,서울,-0.6,2.4,-3.3,3.1,74.5,토마토,토마토(5kg),상품,5kg,22400.0,21600.0
2024-01-15,서울,-3.7,0.9,-6.9,0,51.3,토마토,토마토(5kg),상품,5kg,23840.0,21600.0
2024-01-16,서울,-2.1,4.3,-7.2,0,49.8,토마토,토마토(5kg),상품,5kg,23720.0,21600.0
2024-01-17,서울,0.6,1.9,-2.3,9.7,78.5,토마토,토마토(5kg),상품,5kg,24580.0,20920.0
2024-01-18,서울,4.5,9.4,1.4,0.5,81.5,토마토,토마토(5kg),상품,5kg,26340.0,21260.0
2024-01-19,서울,5.4,9.0,4.0,0,65.4,토마토,토마토(5kg),상품,5kg,26280.0,21460.0
2024-01-20,서울,3.4,4.9,1.9,0.4,69.5,토마토,토마토(5kg),상품,5kg,26280.0,21460.0
2024-01-21,서울,1.7,4.3,-2.4,0.4,75.8,토마토,토마토(5kg),상품,5kg,26280.0,21460.0
2024-01-22,서울,-8.7,-2.4,-11.9,0.2,65.6,토마토,토마토(5kg),상품,5kg,28140.0,21600.0
2024-01-23,서울,-11.7,-8.2,-14.0,0,53.6,토마토,토마토(5kg),상품,5kg,29980.0,21660.0
2024-01-24,서울,-8.0,-3.7,-11.2,0,52.0,토마토,토마토(5kg),상품,5kg,29480.0,21540.0
2024-01-25,서울,-5.3,-0.5,-9.7,0,47.8,토마토,토마토(5kg),상품,5kg,31500.0,21940.0
2024-01-26,서울,-1.7,4.0,-6.9,0,62.5,토마토,토마토(5kg),상품,5kg,32040.0,22400.0
2024-01-27,서울,-0.5,4.6,-4.6,0,70.0,토마토,토마토(5kg),상품,5kg,32040.0,22400.0
2024-01-28,서울,-1.5,3.8,-5.0,0,62.3,토마토,토마토(5kg),상품,5kg,32040.0,22400.0
2024-01-29,서울,-0.4,4.6,-4.8,0,66.6,토마토,토마토(5kg),상품,5kg,31300.0,23840.0
2024-01-30,서울,1.4,8.1,-4.0,0,59.3,토마토,토마토(5kg),상품,5kg,31700.0,23720.0
2024-01-31,서울,4.7,10.6,0.7,0,54.1,토마토,토마토(5kg),상품,5kg,31100.0,24580.0
2024-02-01,서울,2.4,8.2,-1.3,0,64.9,토마토,토마토(5kg),상품,5kg,30660.0,26340.0
2024-02-02,서울,3.1,7.9,0.7,0,65.5,토마토,토마토(5kg),상품,5kg,30920.0,26280.0
2024-02-03,서울,4.7,8.3,-0.2,0.0,63.9,토마토,토마토(5kg),상품,5kg,30920.0,26280.0
2024-02-04,서울,7.3,12.2,3.7,0,60.9,토마토,토마토(5kg),상품,5kg,30920.0,26280.0
2024-02-05,서울,2.7,6.6,0.1,3.9,81.8,토마토,토마토(5kg),상품,5kg,31200.0,28140.0
2024-02-06,서울,1.2,2.9,0.0,0.2,83.5,토마토,토마토(5kg),상품,5kg,32260.0,29980.0
2024-02-07,서울,0.6,2.7,-0.9,0.0,76.6,토마토,토마토(5kg),상품,5kg,32880.0,29480.0
2024-02-08,서울,0.6,6.2,-3.0,0,66.9,토마토,토마토(5kg),상품,5kg,30760.0,31500.0
2024-02-09,서울,1.1,6.1,-2.5,0,66.8,토마토,토마토(5kg),상품,5kg,30760.0,32040.0
2024-02-10,서울,1.7,7.4,-1.5,0,69.4,토마토,토마토(5kg),상품,5kg,30760.0,32040.0
2024-02-11,서울,1.0,5.5,-3.1,0.0,70.6,토마토,토마토(5kg),상품,5kg,30760.0,32040.0
2024-02-12,서울,3.5,10.5,-2.9,0,62.8,토마토,토마토(5kg),상품,5kg,30760.0,31300.0
2024-02-13,서울,8.2,13.7,2.0,0,70.6,토마토,토마토(5kg),상품,5kg,29000.0,31700.0
2024-02-14,서울,12.9,18.3,8.8,0,76.4,토마토,토마토(5kg),상품,5kg,26220.0,31100.0
2024-02-15,서울,4.5,11.6,0.6,10.9,89.9,토마토,토마토(5kg),상품,5kg,25780.0,30660.0
2024-02-16,서울,2.3,8.1,-1.5,0,72.4,토마토,토마토(5kg),상품,5kg,25680.0,30920.0
2024-02-17,서울,4.4,11.7,-1.2,0,73.5,토마토,토마토(5kg),상품,5kg,25680.0,30920.0
2024-02-18,서울,6.2,9.4,1.2,17.1,81.4,토마토,토마토(5kg),상품,5kg,25680.0,30920.0
2024-02-19,서울,9.1,11.9,4.2,8.9,95.8,토마토,토마토(5kg),상품,5kg,26120.0,31200.0
2024-02-20,서울,4.3,6.8,2.8,2.6,86.3,토마토,토마토(5kg),상품,5kg,25720.0,32260.0
2024-02-21,서울,1.9,4.0,0.0,17.8,92.5,토마토,토마토(5kg),상품,5kg,25660.0,32880.0
2024-02-22,서울,0.2,1.6,-1.1,8.8,84.5,토마토,토마토(5kg),상품,5kg,27820.0,30760.0
2024-02-23,서울,1.8,6.1,-1.0,0.4,68.8,토마토,토마토(5kg),상품,5kg,29380.0,30760.0
2024-02-24,서울,2.0,5.9,-1.3,2.3,68.6,토마토,토마토(5kg),상품,5kg,29380.0,30760.0
2024-02-25,서울,2.8,5.9,0.8,1.8,80.8,토마토,토마토(5kg),상품,5kg,29380.0,30760.0
2024-02-26,서울,3.8,9.7,-1.2,0,65.3,토마토,토마토(5kg),상품,5kg,30000.0,30760.0
2024-02-27,서울,5.3,9.8,1.2,0,52.0,토마토,토마토(5kg),상품,5kg,31320.0,29000.0
2024-02-28,서울,6.4,10.1,3.2,0,59.5,토마토,토마토(5kg),상품,5kg,30580.0,26220.0
2024-02-29,서울,4.8,9.6,0.3,0,63.6,토마토,토마토(5kg),상품,5kg,31100.0,25780.0
2024-03-01,서울,-4.1,0.3,-7.1,0,38.9,토마토,토마토(5kg),상품,5kg,31100.0,25680.0
2024-03-02,서울,-0.5,4.1,-8.1,0.0,60.4,토마토,토마토(5kg),상품,5kg,31100.0,25680.0
2024-03-03,서울,4.0,7.8,0.4,0,71.5,토마토,토마토(5kg),상품,5kg,31100.0,25680.0
2024-03-04,서울,5.4,11.7,-1.8,0,45.5,토마토,토마토(5kg),상품,5kg,31600.0,26120.0
2024-03-05,서울,8.0,11.0,5.5,0,45.1,토마토,토마토(5kg),상품,5kg,31380.0,25720.0
2024-03-06,서울,6.2,10.3,2.5,0,58.8,토마토,토마토(5kg),상품,5kg,32700.0,25660.0
2024-03-07,서울,3.9,8.2,1.2,2.1,62.4,토마토,토마토(5kg),상품,5kg,32920.0,27820.0
2024-03-08,서울,2.1,6.5,-0.7,0,50.6,토마토,토마토(5kg),상품,5kg,33880.0,29380.0
2024-03-09,서울,2.0,7.1,-2.1,0,50.8,토마토,토마토(5kg),상품,5kg,33880.0,29380.0
2024-03-10,서울,4.2,10.6,-1.8,0,54.0,토마토,토마토(5kg),상품,5kg,33880.0,29380.0
2024-03-11,서울,6.2,10.8,2.0,0,62.3,토마토,토마토(5kg),상품,5kg,33280.0,30000.0
2024-03-12,서울,6.6,10.0,4.4,2.1,78.0,토마토,토마토(5kg),상품,5kg,33140.0,31320.0
2024-03-13,서울,6.5,12.0,1.3,0,57.6,토마토,토마토(5kg),상품,5kg,33400.0,30580.0
2024-03-14,서울,8.5,15.4,3.4,0,58.3,토마토,토마토(5kg),상품,5kg,32620.0,31100.0
2024-03-15,서울,8.9,14.5,4.0,0,68.5,토마토,토마토(5kg),상품,5kg,31280.0,31100.0
2024-03-16,서울,10.9,18.3,4.4,0,54.5,토마토,토마토(5kg),상품,5kg,31280.0,31100.0
2024-03-17,서울,8.8,12.2,5.4,0.1,48.0,토마토,토마토(5kg),상품,5kg,31280.0,31100.0
2024-03-18,서울,7.1,13.2,1.4,0,28.6,토마토,토마토(5kg),상품,5kg,31940.0,31600.0
2024-03-19,서울,6.7,9.8,3.9,0.2,60.8,토마토,토마토(5kg),상품,5kg,31140.0,31380.0
2024-03-20,서울,4.4,8.7,1.2,0,46.5,토마토,토마토(5kg),상품,5kg,31220.0,32700.0
2024-03-21,서울,5.0,11.5,-1.2,0,46.5,토마토,토마토(5kg),상품,5kg,30020.0,32920.0
2024-03-22,서울,10.4,15.2,3.8,5.4,57.0,토마토,토마토(5kg),상품,5kg,29980.0,33880.0
2024-03-23,서울,13.0,18.2,9.3,0.1,66.0,토마토,토마토(5kg),상품,5kg,29980.0,33880.0
2024-03-24,서울,16.2,23.4,10.5,0,42.5,토마토,토마토(5kg),상품,5kg,29980.0,33880.0
2024-03-25,서울,10.6,14.5,6.7,5.1,63.0,토마토,토마토(5kg),상품,5kg,29900.0,33280.0
2024-03-26,서울,7.4,12.4,3.2,11.5,77.3,토마토,토마토(5kg),상품,5kg,30420.0,33140.0
2024-03-27,서울,10.4,16.2,4.4,0,68.4,토마토,토마토(5kg),상품,5kg,29900.0,33400.0
2024-03-28,서울,10.3,12.2,7.8,1.9,81.8,토마토,토마토(5kg),상품,5kg,30220.0,32620.0
2024-03-29,서울,7.6,12.3,5.0,1.4,73.0,토마토,토마토(5kg),상품,5kg,31260.0,31280.0
2024-03-30,서울,8.8,15.6,3.0,0,56.5,토마토,토마토(5kg),상품,5kg,31260.0,31280.0
2024-03-31,서울,10.6,17.7,3.4,0,39.9,토마토,토마토(5kg),상품,5kg,31260.0,31280.0
2024-04-01,서울,12.2,19.0,5.5,0,32.0,토마토,토마토(5kg),상품,5kg,29980.0,31940.0
2024-04-02,서울,15.4,23.9,7.0,0,37.5,토마토,토마토(5kg),상품,5kg,29840.0,31140.0
2024-04-03,서울,16.6,19.7,13.9,0.0,55.9,토마토,토마토(5kg),상품,5kg,30120.0,31220.0
2024-04-04,서울,15.5,20.3,12.4,0,52.1,토마토,토마토(5kg),상품,5kg,30520.0,30020.0
2024-04-05,서울,14.0,18.8,10.2,0,51.3,토마토,토마토(5kg),상품,5kg,30380.0,29980.0
2024-04-06,서울,12.7,18.9,8.0,0,48.6,토마토,토마토(5kg),상품,5kg,30380.0,29980.0
2024-04-07,서울,14.8,23.4,7.7,0,33.4,토마토,토마토(5kg),상품,5kg,30380.0,29980.0
2024-04-08,서울,16.2,22.8,11.0,0,46.5,토마토,토마토(5kg),상품,5kg,30160.0,29900.0
2024-04-09,서울,15.3,20.8,10.6,0,32.4,토마토,토마토(5kg),상품,5kg,30360.0,30420.0
2024-04-10,서울,13.8,18.5,10.2,0,62.6,토마토,토마토(5kg),상품,5kg,30360.0,29900.0
2024-04-11,서울,15.5,21.1,11.7,0.0,61.0,토마토,토마토(5kg),상품,5kg,30580.0,30220.0
2024-04-12,서울,17.2,24.2,12.0,0,59.6,토마토,토마토(5kg),상품,5kg,30640.0,31260.0
2024-04-13,서울,19.1,27.3,11.2,0,52.4,토마토,토마토(5kg),상품,5kg,30640.0,31260.0
2024-04-14,서울,20.8,29.4,13.6,0,47.1,토마토,토마토(5kg),상품,5kg,30640.0,31260.0
2024-04-15,서울,16.0,20.0,11.7,17.1,77.4,토마토,토마토(5kg),상품,5kg,28580.0,29980.0
2024-04-16,서울,13.3,17.9,11.5,2.3,82.6,토마토,토마토(5kg),상품,5kg,27100.0,29840.0
2024-04-17,서울,15.0,21.8,9.7,0,65.3,토마토,토마토(5kg),상품,5kg,26300.0,30120.0
2024-04-18,서울,17.3,24.9,10.7,0,53.3,토마토,토마토(5kg),상품,5kg,26480.0,30520.0
2024-04-19,서울,17.6,24.3,11.5,0,51.8,토마토,토마토(5kg),상품,5kg,26480.0,30380.0
2024-04-20,서울,14.9,17.2,13.0,4.8,77.3,토마토,토마토(5kg),상품,5kg,26480.0,30380.0
2024-04-21,서울,17.2,21.7,13.3,0,65.5,토마토,토마토(5kg),상품,5kg,26480.0,30380.0
2024-04-22,서울,18.8,24.1,15.0,0,49.4,토마토,토마토(5kg),상품,5kg,25720.0,30160.0
2024-04-23,서울,17.3,24.2,13.2,0.0,55.0,토마토,토마토(5kg),상품,5kg,24160.0,30360.0
2024-04-24,서울,13.2,16.5,11.0,9.0,80.1,토마토,토마토(5kg),상품,5kg,24000.0,30360.0
2024-04-25,서울,14.4,20.8,10.3,0,75.6,토마토,토마토(5kg),상품,5kg,23600.0,30580.0
2024-04-26,서울,17.8,26.0,11.4,0,61.1,토마토,토마토(5kg),상품,5kg,25040.0,30640.0
2024-04-27,서울,18.2,26.2,11.5,0,56.4,토마토,토마토(5kg),상품,5kg,25040.0,30640.0
2024-04-28,서울,20.7,28.9,13.0,0,53.5,토마토,토마토(5kg),상품,5kg,25040.0,30640.0
2024-04-29,서울,20.9,26.1,16.9,0,48.0,토마토,토마토(5kg),상품,5kg,23860.0,28580.0
2024-04-30,서울,18.6,22.5,16.0,0,62.5,토마토,토마토(5kg),상품,5kg,25500.0,27100.0
2024-05-01,서울,18.5,24.0,13.9,0,46.0,토마토,토마토(5kg),상품,5kg,25500.0,26300.0
2024-05-02,서울,18.1,23.7,12.4,0,48.4,토마토,토마토(5kg),상품,5kg,25560.0,26480.0
2024-05-03,서울,19.7,27.9,12.2,0,46.9,토마토,토마토(5kg),상품,5kg,26180.0,26480.0
2024-05-04,서울,21.4,28.5,14.6,0.0,44.8,토마토,토마토(5kg),상품,5kg,26180.0,26480.0
2024-05-05,서울,17.8,20.6,15.7,48.3,87.4,토마토,토마토(5kg),상품,5kg,26180.0,26480.0
2024-05-06,서울,13.9,15.7,13.4,12.3,92.9,토마토,토마토(5kg),상품,5kg,26180.0,25720.0
2024-05-07,서울,13.3,15.0,12.2,2.4,77.3,토마토,토마토(5kg),상품,5kg,24940.0,24160.0
2024-05-08,서울,14.7,21.4,9.0,0,58.8,토마토,토마토(5kg),상품,5kg,26380.0,24000.0
2024-05-09,서울,16.1,21.8,10.9,0,63.6,토마토,토마토(5kg),상품,5kg,25700.0,23600.0
2024-05-10,서울,17.9,23.8,12.5,0,55.6,토마토,토마토(5kg),상품,5kg,24880.0,25040.0
2024-05-11,서울,17.0,22.0,14.0,31.7,80.0,토마토,토마토(5kg),상품,5kg,24880.0,25040.0
2024-05-12,서울,16.6,21.6,11.9,0,65.0,토마토,토마토(5kg),상품,5kg,24880.0,25040.0
2024-05-13,서울,18.3,24.5,11.9,0,51.9,토마토,토마토(5kg),상품,5kg,24080.0,23860.0
2024-05-14,서울,18.8,24.7,12.7,0,43.3,토마토,토마토(5kg),상품,5kg,22600.0,25500.0
2024-05-15,서울,12.6,18.8,7.2,20.6,74.3,토마토,토마토(5kg),상품,5kg,22600.0,25500.0
2024-05-16,서울,13.7,19.8,6.9,0.1,61.3,토마토,토마토(5kg),상품,5kg,22660.0,25560.0
2024-05-17,서울,18.3,24.9,10.8,0,63.6,토마토,토마토(5kg),상품,5kg,23680.0,26180.0
2024-05-18,서울,20.7,26.5,16.0,0,65.3,토마토,토마토(5kg),상품,5kg,23680.0,26180.0
2024-05-19,서울,21.5,27.9,15.9,0,63.1,토마토,토마토(5kg),상품,5kg,23680.0,26180.0
2024-05-20,서울,19.4,22.8,16.8,0,75.0,토마토,토마토(5kg),상품,5kg,22620.0,26180.0
2024-05-21,서울,21.7,28.3,16.3,0,68.1,토마토,토마토(5kg),상품,5kg,21780.0,24940.0
2024-05-22,서울,20.5,25.5,16.4,0,68.9,토마토,토마토(5kg),상품,5kg,21720.0,26380.0
2024-05-23,서울,20.2,26.4,15.8,0,67.9,토마토,토마토(5kg),상품,5kg,21800.0,25700.0
2024-05-24,서울,20.1,24.7,15.7,0,75.1,토마토,토마토(5kg),상품,5kg,21740.0,24880.0
2024-05-25,서울,21.4,24.7,18.7,0,62.8,토마토,토마토(5kg),상품,5kg,21740.0,24880.0
2024-05-26,서울,19.9,23.7,17.0,8.7,74.3,토마토,토마토(5kg),상품,5kg,21740.0,24880.0
2024-05-27,서울,18.5,22.6,14.1,0,63.4,토마토,토마토(5kg),상품,5kg,19620.0,24080.0
2024-05-28,서울,20.4,26.1,14.3,0,54.8,토마토,토마토(5kg),상품,5kg,19220.0,22600.0
2024-05-29,서울,21.2,26.8,15.4,0,51.6,토마토,토마토(5kg),상품,5kg,17680.0,22600.0
2024-05-30,서울,20.7,24.6,16.2,0,49.1,토마토,토마토(5kg),상품,5kg,16660.0,22660.0
2024-05-31,서울,20.4,25.4,16.9,1.0,60.0,토마토,토마토(5kg),상품,5kg,15920.0,23680.0
2024-06-01,서울,20.7,25.2,17.5,0.0,61.3,토마토,토마토(5kg),상품,5kg,15920.0,23680.0
2024-06-02,서울,20.4,25.8,15.7,0,51.9,토마토,토마토(5kg),상품,5kg,15920.0,23680.0
2024-06-03,서울,22.2,28.7,15.7,0,47.4,토마토,토마토(5kg),상품,5kg,14660.0,22620.0
2024-06-04,서울,22.8,29.3,16.3,0,42.1,토마토,토마토(5kg),상품,5kg,15440.0,21780.0
2024-06-05,서울,23.6,30.1,18.1,0,53.9,토마토,토마토(5kg),상품,5kg,15540.0,21720.0
2024-06-06,서울,24.1,31.4,19.3,0,54.3,토마토,토마토(5kg),상품,5kg,15540.0,21800.0
2024-06-07,서울,23.1,28.0,18.3,0.8,54.3,토마토,토마토(5kg),상품,5kg,15200.0,21740.0
2024-06-08,서울,20.3,25.0,17.9,16.9,79.5,토마토,토마토(5kg),상품,5kg,15200.0,21740.0
2024-06-09,서울,22.9,28.8,17.4,0,68.9,토마토,토마토(5kg),상품,5kg,15200.0,21740.0
2024-06-10,서울,24.7,31.1,19.0,0,66.3,토마토,토마토(5kg),상품,5kg,15720.0,19620.0
2024-06-11,서울,25.4,31.6,21.7,0,62.4,토마토,토마토(5kg),상품,5kg,15520.0,19220.0
2024-06-12,서울,24.8,31.8,19.2,0,60.8,토마토,토마토(5kg),상품,5kg,15520.0,17680.0
2024-06-13,서울,26.4,32.8,20.0,0,51.4,토마토,토마토(5kg),상품,5kg,15560.0,16660.0
2024-06-14,서울,26.3,33.0,21.4,0,56.0,토마토,토마토(5kg),상품,5kg,16080.0,15920.0
2024-06-15,서울,24.2,28.2,21.8,6.1,72.3,토마토,토마토(5kg),상품,5kg,16080.0,15920.0
2024-06-16,서울,24.3,29.5,19.9,0,58.4,토마토,토마토(5kg),상품,5kg,16080.0,15920.0
2024-06-17,서울,24.8,30.2,18.9,0,48.4,토마토,토마토(5kg),상품,5kg,15620.0,14660.0
2024-06-18,서울,26.0,32.9,20.4,0,59.5,토마토,토마토(5kg),상품,5kg,15100.0,15440.0
2024-06-19,서울,28.8,35.8,21.4,0,54.3,토마토,토마토(5kg),상품,5kg,14360.0,15540.0
2024-06-20,서울,29.4,35.4,23.4,0,45.1,토마토,토마토(5kg),상품,5kg,12860.0,15540.0
2024-06-21,서울,28.1,33.9,22.9,0,49.8,토마토,토마토(5kg),상품,5kg,12520.0,15200.0
2024-06-22,서울,24.2,26.1,22.6,16.5,80.6,토마토,토마토(5kg),상품,5kg,12520.0,15200.0
2024-06-23,서울,25.1,30.1,22.5,5.1,79.5,토마토,토마토(5kg),상품,5kg,12520.0,15200.0
2024-06-24,서울,24.3,27.9,21.2,0.0,70.4,토마토,토마토(5kg),상품,5kg,11960.0,15720.0
2024-06-25,서울,22.9,27.2,19.1,0,61.9,토마토,토마토(5kg),상품,5kg,11960.0,15520.0
2024-06-26,서울,24.9,31.6,18.9,0,61.0,토마토,토마토(5kg),상품,5kg,12080.0,15520.0
2024-06-27,서울,26.3,31.6,20.6,0,55.0,토마토,토마토(5kg),상품,5kg,11960.0,15560.0
2024-06-28,서울,26.6,32.5,21.3,0,54.6,토마토,토마토(5kg),상품,5kg,11800.0,16080.0
2024-06-29,서울,26.7,32.3,21.6,38.3,65.1,토마토,토마토(5kg),상품,5kg,11800.0,16080.0
2024-06-30,서울,23.5,24.9,22.0,32.2,88.5,토마토,토마토(5kg),상품,5kg,11800.0,16080.0
2024-07-01,서울,26.3,31.3,22.0,0,69.1,토마토,토마토(5kg),상품,5kg,11620.0,15620.0
2024-07-02,서울,23.2,25.2,21.9,65.1,90.0,토마토,토마토(5kg),상품,5kg,11680.0,15100.0
2024-07-03,서울,24.7,25.9,23.6,0.8,80.3,토마토,토마토(5kg),상품,5kg,11880.0,14360.0
2024-07-04,서울,26.8,30.6,23.2,3.6,74.8,토마토,토마토(5kg),상품,5kg,12400.0,12860.0
2024-07-05,서울,23.4,26.1,21.3,4.1,80.5,토마토,토마토(5kg),상품,5kg,13380.0,12520.0
2024-07-06,서울,25.1,30.0,22.1,2.8,84.1,토마토,토마토(5kg),상품,5kg,13380.0,12520.0
2024-07-07,서울,24.4,28.2,21.5,28.7,85.1,토마토,토마토(5kg),상품,5kg,13380.0,12520.0
2024-07-08,서울,23.8,24.5,23.1,21.1,93.4,토마토,토마토(5kg),상품,5kg,13800.0,11960.0
2024-07-09,서울,24.5,26.7,22.7,0.3,86.9,토마토,토마토(5kg),상품,5kg,13880.0,11960.0
2024-07-10,서울,26.6,31.1,22.7,1.4,77.1,토마토,토마토(5kg),상품,5kg,13780.0,12080.0
2024-07-11,서울,25.7,28.9,23.3,0,79.6,토마토,토마토(5kg),상품,5kg,14100.0,11960.0
2024-07-12,서울,25.6,30.2,21.8,0,79.5,토마토,토마토(5kg),상품,5kg,13980.0,11800.0
2024-07-13,서울,28.1,33.3,23.5,0.0,70.0,토마토,토마토(5kg),상품,5kg,13980.0,11800.0
2024-07-14,서울,28.4,32.1,24.9,0.4,65.9,토마토,토마토(5kg),상품,5kg,13980.0,11800.0
2024-07-15,서울,28.4,31.3,24.5,0.0,64.6,토마토,토마토(5kg),상품,5kg,13120.0,11620.0
2024-07-16,서울,27.0,30.7,24.6,17.0,78.4,토마토,토마토(5kg),상품,5kg,12240.0,11680.0
2024-07-17,서울,25.4,28.1,24.1,98.8,91.6,토마토,토마토(5kg),상품,5kg,12320.0,11880.0
2024-07-18,서울,24.3,25.6,23.1,128.8,95.3,토마토,토마토(5kg),상품,5kg,12320.0,12400.0
2024-07-19,서울,27.0,30.8,24.2,0.1,80.1,토마토,토마토(5kg),상품,5kg,12420.0,13380.0
2024-07-20,서울,27.2,30.6,25.1,14.9,80.4,토마토,토마토(5kg),상품,5kg,12420.0,13380.0
2024-07-21,서울,26.5,29.8,22.5,8.5,83.6,토마토,토마토(5kg),상품,5kg,12420.0,13380.0
2024-07-22,서울,26.6,27.9,24.3,79.9,89.0,토마토,토마토(5kg),상품,5kg,12520.0,13800.0
2024-07-23,서울,26.4,27.3,25.8,2.0,87.9,토마토,토마토(5kg),상품,5kg,12520.0,13880.0
2024-07-24,서울,28.1,30.9,26.0,14.7,85.0,토마토,토마토(5kg),상품,5kg,12800.0,13780.0
2024-07-25,서울,28.8,32.2,25.4,25.3,79.8,토마토,토마토(5kg),상품,5kg,13260.0,14100.0
2024-07-26,서울,28.7,32.7,25.2,5.5,81.9,토마토,토마토(5kg),상품,5kg,13180.0,13980.0
2024-07-27,서울,28.9,31.7,27.5,33.5,83.6,토마토,토마토(5kg),상품,5kg,13180.0,13980.0
2024-07-28,서울,29.2,32.2,27.3,0.0,76.0,토마토,토마토(5kg),상품,5kg,13180.0,13980.0
2024-07-29,서울,27.4,27.8,26.8,0.0,84.0,토마토,토마토(5kg),상품,5kg,14600.0,13120.0
2024-07-30,서울,28.6,31.9,26.3,0,78.8,토마토,토마토(5kg),상품,5kg,14060.0,12240.0
2024-07-31,서울,29.4,33.3,27.0,0,74.5,토마토,토마토(5kg),상품,5kg,14360.0,12320.0
2024-08-01,서울,29.9,33.2,27.3,0.3,75.5,토마토,토마토(5kg),상품,5kg,14620.0,12320.0
2024-08-02,서울,29.6,32.5,28.2,0,79.4,토마토,토마토(5kg),상품,5kg,14580.0,12420.0
2024-08-03,서울,30.2,34.2,27.2,0,75.0,토마토,토마토(5kg),상품,5kg,14580.0,12420.0
2024-08-04,서울,31.8,36.2,27.3,0,69.3,토마토,토마토(5kg),상품,5kg,14580.0,12420.0
2024-08-05,서울,30.0,33.7,26.9,1.3,75.5,토마토,토마토(5kg),상품,5kg,14580.0,12520.0
2024-08-06,서울,29.5,33.5,25.6,0.0,74.8,토마토,토마토(5kg),상품,5kg,15360.0,12520.0
2024-08-07,서울,29.6,33.4,27.2,3.4,72.0,토마토,토마토(5kg),상품,5kg,15360.0,12800.0
2024-08-08,서울,28.5,31.6,26.9,0.0,77.5,토마토,토마토(5kg),상품,5kg,16100.0,13260.0
2024-08-09,서울,29.3,33.6,25.6,0,74.1,토마토,토마토(5kg),상품,5kg,16060.0,13180.0
2024-08-10,서울,30.0,33.6,26.4,0,70.8,토마토,토마토(5kg),상품,5kg,16060.0,13180.0
2024-08-11,서울,30.8,34.4,27.8,0,67.8,토마토,토마토(5kg),상품,5kg,16060.0,13180.0
2024-08-12,서울,31.1,34.1,28.2,0,70.5,토마토,토마토(5kg),상품,5kg,14980.0,14600.0
2024-08-13,서울,31.3,36.4,28.1,0.0,70.0,토마토,토마토(5kg),상품,5kg,15580.0,14060.0
2024-08-14,서울,30.0,34.9,27.3,3.0,73.0,토마토,토마토(5kg),상품,5kg,16200.0,14360.0
2024-08-15,서울,29.2,34.6,26.7,6.4,74.6,토마토,토마토(5kg),상품,5kg,16200.0,14620.0
2024-08-16,서울,29.8,34.3,26.8,0.0,69.4,토마토,토마토(5kg),상품,5kg,18300.0,14580.0
2024-08-17,서울,29.8,34.0,27.2,11.0,71.0,토마토,토마토(5kg),상품,5kg,18300.0,14580.0
2024-08-18,서울,29.5,33.9,27.0,0.0,73.8,토마토,토마토(5kg),상품,5kg,18300.0,14580.0
2024-08-19,서울,29.7,35.3,26.3,2.3,72.3,토마토,토마토(5kg),상품,5kg,19740.0,14580.0
2024-08-20,서울,31.4,35.4,27.0,0.0,68.3,토마토,토마토(5kg),상품,5kg,19260.0,15360.0
2024-08-21,서울,28.4,30.8,26.9,42.2,85.9,토마토,토마토(5kg),상품,5kg,19680.0,15360.0
2024-08-22,서울,28.6,30.3,27.1,0.6,79.9,토마토,토마토(5kg),상품,5kg,20160.0,16100.0
2024-08-23,서울,28.4,31.8,26.4,0.0,73.5,토마토,토마토(5kg),상품,5kg,20800.0,16060.0
2024-08-24,서울,27.6,30.9,25.1,2.0,78.8,토마토,토마토(5kg),상품,5kg,20800.0,16060.0
2024-08-25,서울,28.5,32.7,24.9,0,76.6,토마토,토마토(5kg),상품,5kg,20800.0,16060.0
2024-08-26,서울,28.1,30.6,25.6,0.0,77.8,토마토,토마토(5kg),상품,5kg,19000.0,14980.0
2024-08-27,서울,26.5,30.3,24.6,0.3,69.8,토마토,토마토(5kg),상품,5kg,18240.0,15580.0
2024-08-28,서울,28.2,33.2,23.0,0,62.1,토마토,토마토(5kg),상품,5kg,18700.0,16200.0
2024-08-29,서울,28.4,33.5,23.4,0,61.0,토마토,토마토(5kg),상품,5kg,19340.0,16200.0
2024-08-30,서울,28.0,32.9,23.7,0,64.0,토마토,토마토(5kg),상품,5kg,20480.0,18300.0
2024-08-31,서울,27.6,33.0,22.6,0,65.6,토마토,토마토(5kg),상품,5kg,20480.0,18300.0
2024-09-01,서울,27.1,31.6,24.6,0,64.9,토마토,토마토(5kg),상품,5kg,20480.0,18300.0
2024-09-02,서울,24.5,26.9,22.2,2.7,73.6,토마토,토마토(5kg),상품,5kg,23460.0,19740.0
2024-09-03,서울,27.0,32.0,23.2,0,54.5,토마토,토마토(5kg),상품,5kg,23880.0,19260.0
2024-09-04,서울,27.9,33.3,23.2,0,61.4,토마토,토마토(5kg),상품,5kg,24700.0,19680.0
2024-09-05,서울,26.3,28.8,25.6,6.9,79.1,토마토,토마토(5kg),상품,5kg,25540.0,20160.0
2024-09-06,서울,24.0,25.7,23.3,0.7,79.3,토마토,토마토(5kg),상품,5kg,26420.0,20800.0
2024-09-07,서울,26.5,31.3,22.8,0.0,68.9,토마토,토마토(5kg),상품,5kg,26420.0,20800.0
2024-09-08,서울,27.2,32.8,22.6,0,69.6,토마토,토마토(5kg),상품,5kg,26420.0,20800.0
2024-09-09,서울,28.5,34.1,24.1,0,69.0,토마토,토마토(5kg),상품,5kg,27200.0,19000.0
2024-09-10,서울,29.4,33.9,25.6,0,67.3,토마토,토마토(5kg),상품,5kg,28880.0,18240.0
2024-09-11,서울,29.0,34.6,25.4,0.4,71.5,토마토,토마토(5kg),상품,5kg,28780.0,18700.0
2024-09-12,서울,25.4,27.1,24.8,32.7,91.5,토마토,토마토(5kg),상품,5kg,30820.0,19340.0
2024-09-13,서울,25.9,28.0,24.2,7.6,91.4,토마토,토마토(5kg),상품,5kg,31180.0,20480.0
2024-09-14,서울,28.0,32.2,25.2,0.0,80.3,토마토,토마토(5kg),상품,5kg,31180.0,20480.0
2024-09-15,서울,27.5,32.4,24.2,0,73.6,토마토,토마토(5kg),상품,5kg,31180.0,20480.0
2024-09-16,서울,26.8,32.2,21.3,9.5,74.0,토마토,토마토(5kg),상품,5kg,31180.0,23460.0
2024-09-17,서울,28.6,33.2,25.8,0,77.0,토마토,토마토(5kg),상품,5kg,31180.0,23880.0
2024-09-18,서울,29.4,33.6,26.5,0.7,76.8,토마토,토마토(5kg),상품,5kg,31180.0,24700.0
2024-09-19,서울,29.1,32.6,25.6,0,77.4,토마토,토마토(5kg),상품,5kg,31180.0,25540.0
2024-09-20,서울,25.0,28.6,17.9,54.5,89.8,토마토,토마토(5kg),상품,5kg,26920.0,26420.0
2024-09-21,서울,19.3,21.9,17.1,27.0,82.3,토마토,토마토(5kg),상품,5kg,26920.0,26420.0
2024-09-22,서울,21.0,26.7,16.9,0,67.4,토마토,토마토(5kg),상품,5kg,26920.0,26420.0
2024-09-23,서울,20.8,26.1,16.6,0,58.3,토마토,토마토(5kg),상품,5kg,25680.0,27200.0
2024-09-24,서울,21.0,26.9,15.6,0,57.9,토마토,토마토(5kg),상품,5kg,26320.0,28880.0
2024-09-25,서울,23.3,27.3,18.6,0.0,65.6,토마토,토마토(5kg),상품,5kg,24840.0,28780.0
2024-09-26,서울,23.6,28.0,21.1,1.2,75.1,토마토,토마토(5kg),상품,5kg,27500.0,30820.0
2024-09-27,서울,22.7,28.0,19.1,0,72.8,토마토,토마토(5kg),상품,5kg,29400.0,31180.0
2024-09-28,서울,23.2,27.9,19.2,0,59.3,토마토,토마토(5kg),상품,5kg,29400.0,31180.0
2024-09-29,서울,23.5,29.0,19.1,0,61.5,토마토,토마토(5kg),상품,5kg,29400.0,31180.0
2024-09-30,서울,23.0,28.5,18.3,0,63.0,토마토,토마토(5kg),상품,5kg,30660.0,31180.0
2024-10-01,서울,18.3,21.7,13.3,2.5,67.5,토마토,토마토(5kg),상품,5kg,30660.0,31180.0
2024-10-02,서울,14.9,19.9,11.6,0,48.8,토마토,토마토(5kg),상품,5kg,34180.0,31180.0
2024-10-03,서울,16.4,22.5,10.8,0,59.0,토마토,토마토(5kg),상품,5kg,34180.0,31180.0
2024-10-04,서울,17.6,24.2,11.9,0,60.0,토마토,토마토(5kg),상품,5kg,39180.0,26920.0
2024-10-05,서울,17.5,24.4,11.6,0,60.4,토마토,토마토(5kg),상품,5kg,39180.0,26920.0
2024-10-06,서울,15.4,17.9,12.3,0.0,73.5,토마토,토마토(5kg),상품,5kg,39180.0,26920.0
2024-10-07,서울,16.9,20.7,14.0,0,73.9,토마토,토마토(5kg),상품,5kg,46940.0,25680.0
2024-10-08,서울,17.7,23.9,12.7,0,73.9,토마토,토마토(5kg),상품,5kg,52220.0,26320.0
2024-10-09,서울,18.8,24.4,13.9,0,64.1,토마토,토마토(5kg),상품,5kg,52220.0,24840.0
2024-10-10,서울,18.8,24.1,15.3,0.0,66.3,토마토,토마토(5kg),상품,5kg,53120.0,27500.0
2024-10-11,서울,18.6,24.4,13.9,0,68.8,토마토,토마토(5kg),상품,5kg,55640.0,29400.0
2024-10-12,서울,18.3,24.7,13.4,0,60.6,토마토,토마토(5kg),상품,5kg,55640.0,29400.0
2024-10-13,서울,18.3,22.6,12.6,0,67.0,토마토,토마토(5kg),상품,5kg,55640.0,29400.0
2024-10-14,서울,19.3,21.5,17.6,0.0,70.3,토마토,토마토(5kg),상품,5kg,56300.0,30660.0
2024-10-15,서울,19.2,21.9,17.6,0.5,85.0,토마토,토마토(5kg),상품,5kg,55680.0,30660.0
2024-10-16,서울,18.2,24.2,14.4,0,76.9,토마토,토마토(5kg),상품,5kg,52820.0,34180.0
2024-10-17,서울,19.0,25.7,13.8,0,70.4,토마토,토마토(5kg),상품,5kg,51060.0,34180.0
2024-10-18,서울,17.4,18.8,16.2,47.1,86.1,토마토,토마토(5kg),상품,5kg,45240.0,39180.0
2024-10-19,서울,16.6,21.1,12.4,1.0,75.0,토마토,토마토(5kg),상품,5kg,45240.0,39180.0
2024-10-20,서울,13.4,17.8,10.5,0,56.0,토마토,토마토(5kg),상품,5kg,45240.0,39180.0
2024-10-21,서울,14.8,19.3,9.7,0.0,66.4,토마토,토마토(5kg),상품,5kg,40600.0,46940.0
2024-10-22,서울,15.5,16.6,14.9,20.6,90.8,토마토,토마토(5kg),상품,5kg,37760.0,52220.0
2024-10-23,서울,12.7,15.5,9.4,2.3,75.3,토마토,토마토(5kg),상품,5kg,36600.0,52220.0
2024-10-24,서울,12.5,18.4,7.1,0,71.4,토마토,토마토(5kg),상품,5kg,34740.0,53120.0
2024-10-25,서울,14.9,21.5,8.7,0,64.1,토마토,토마토(5kg),상품,5kg,32580.0,55640.0
2024-10-26,서울,17.0,24.0,10.7,0,68.3,토마토,토마토(5kg),상품,5kg,32580.0,55640.0
2024-10-27,서울,16.0,18.8,14.0,0.0,79.4,토마토,토마토(5kg),상품,5kg,32580.0,55640.0
2024-10-28,서울,15.7,20.4,12.3,0.0,75.9,토마토,토마토(5kg),상품,5kg,32040.0,56300.0
2024-10-29,서울,15.0,18.3,13.4,0.0,64.6,토마토,토마토(5kg),상품,5kg,30460.0,55680.0
2024-10-30,서울,15.7,21.4,11.4,0,71.3,토마토,토마토(5kg),상품,5kg,28820.0,52820.0
2024-10-31,서울,15.9,22.6,11.0,0,67.8,토마토,토마토(5kg),상품,5kg,28220.0,51060.0
2024-11-01,서울,15.3,18.7,12.9,0,70.8,토마토,토마토(5kg),상품,5kg,29180.0,45240.0
2024-11-02,서울,18.1,25.1,13.0,0,58.9,토마토,토마토(5kg),상품,5kg,29180.0,45240.0
2024-11-03,서울,17.6,23.5,13.0,0.0,71.1,토마토,토마토(5kg),상품,5kg,29180.0,45240.0
2024-11-04,서울,14.8,18.3,8.9,0.1,62.0,토마토,토마토(5kg),상품,5kg,29740.0,40600.0
2024-11-05,서울,9.1,14.7,5.6,0,49.8,토마토,토마토(5kg),상품,5kg,29400.0,37760.0
2024-11-06,서울,7.5,12.5,4.1,0,46.1,토마토,토마토(5kg),상품,5kg,29680.0,36600.0
2024-11-07,서울,7.8,15.7,1.6,0,48.1,토마토,토마토(5kg),상품,5kg,29260.0,34740.0
2024-11-08,서울,10.2,18.1,3.1,0,50.8,토마토,토마토(5kg),상품,5kg,29600.0,32580.0
2024-11-09,서울,12.9,20.3,6.8,0,55.8,토마토,토마토(5kg),상품,5kg,29600.0,32580.0
2024-11-10,서울,14.4,21.0,10.3,0,64.0,토마토,토마토(5kg),상품,5kg,29600.0,32580.0
2024-11-11,서울,14.6,21.8,9.7,0,64.5,토마토,토마토(5kg),상품,5kg,29600.0,32040.0
2024-11-12,서울,14.3,19.2,11.0,0,66.8,토마토,토마토(5kg),상품,5kg,31420.0,30460.0
2024-11-13,서울,14.2,21.3,8.3,0,62.9,토마토,토마토(5kg),상품,5kg,33360.0,28820.0
2024-11-14,서울,14.8,16.8,13.2,0.1,68.4,토마토,토마토(5kg),상품,5kg,34140.0,28220.0
2024-11-15,서울,17.0,21.5,13.7,0.0,65.1,토마토,토마토(5kg),상품,5kg,34760.0,29180.0
2024-11-16,서울,17.0,22.6,14.4,6.5,72.5,토마토,토마토(5kg),상품,5kg,34760.0,29180.0
2024-11-17,서울,7.0,14.4,2.1,0,47.6,토마토,토마토(5kg),상품,5kg,34760.0,29180.0
2024-11-18,서울,2.8,7.9,-0.7,0,30.9,토마토,토마토(5kg),상품,5kg,30640.0,29740.0
2024-11-19,서울,5.7,11.3,0.3,0,49.5,토마토,토마토(5kg),상품,5kg,30880.0,29400.0
2024-11-20,서울,6.5,9.6,2.4,0,65.8,토마토,토마토(5kg),상품,5kg,32000.0,29680.0
2024-11-21,서울,9.7,14.1,6.0,0.0,71.9,토마토,토마토(5kg),상품,5kg,31740.0,29260.0
2024-11-22,서울,6.2,10.6,3.3,0,48.0,토마토,토마토(5kg),상품,5kg,31900.0,29600.0
2024-11-23,서울,6.4,12.6,1.5,0,47.1,토마토,토마토(5kg),상품,5kg,31900.0,29600.0
2024-11-24,서울,7.4,14.2,2.6,0,58.4,토마토,토마토(5kg),상품,5kg,31900.0,29600.0
2024-11-25,서울,10.1,15.4,3.6,0.0,57.6,토마토,토마토(5kg),상품,5kg,29960.0,29600.0
2024-11-26,서울,5.8,12.7,1.0,26.0,86.4,토마토,토마토(5kg),상품,5kg,30440.0,31420.0
2024-11-27,서울,-0.4,1.2,-1.3,22.4,90.6,토마토,토마토(5kg),상품,5kg,30080.0,33360.0
2024-11-28,서울,0.8,3.4,-1.7,4.9,82.0,토마토,토마토(5kg),상품,5kg,29940.0,34140.0
2024-11-29,서울,0.2,3.4,-3.4,0.0,76.3,토마토,토마토(5kg),상품,5kg,29500.0,34760.0
2024-11-30,서울,2.5,5.6,-0.5,0.0,81.6,토마토,토마토(5kg),상품,5kg,29500.0,34760.0
2024-12-01,서울,5.2,8.2,1.6,0.5,89.3,토마토,토마토(5kg),상품,5kg,29500.0,34760.0
2024-12-02,서울,6.4,13.0,0.6,0.0,79.9,토마토,토마토(5kg),상품,5kg,29200.0,30640.0
2024-12-03,서울,1.3,5.2,-2.4,0.0,48.6,토마토,토마토(5kg),상품,5kg,29360.0,30880.0
2024-12-04,서울,3.1,6.9,-0.6,0.0,52.1,토마토,토마토(5kg),상품,5kg,29720.0,32000.0
2024-12-05,서울,3.9,8.8,-0.1,1.8,62.8,토마토,토마토(5kg),상품,5kg,29660.0,31740.0
2024-12-06,서울,2.1,5.2,-0.4,0,49.3,토마토,토마토(5kg),상품,5kg,29660.0,31900.0
2024-12-07,서울,0.2,4.6,-2.5,0,56.9,토마토,토마토(5kg),상품,5kg,29660.0,31900.0
2024-12-08,서울,-0.2,4.1,-3.9,0,46.5,토마토,토마토(5kg),상품,5kg,29660.0,31900.0
2024-12-09,서울,1.0,7.4,-3.8,0,56.1,토마토,토마토(5kg),상품,5kg,28980.0,29960.0
2024-12-10,서울,2.6,6.9,-1.9,0,58.9,토마토,토마토(5kg),상품,5kg,26960.0,30440.0
2024-12-11,서울,3.0,8.2,0.2,0,50.3,토마토,토마토(5kg),상품,5kg,26500.0,30080.0
2024-12-12,서울,0.5,5.4,-3.2,0,45.8,토마토,토마토(5kg),상품,5kg,25960.0,29940.0
2024-12-13,서울,1.0,4.5,-1.5,0,42.1,토마토,토마토(5kg),상품,5kg,25400.0,29500.0
2024-12-14,서울,-0.8,2.5,-3.6,0,51.0,토마토,토마토(5kg),상품,5kg,25400.0,29500.0
2024-12-15,서울,1.2,5.4,-2.2,0.0,54.1,토마토,토마토(5kg),상품,5kg,25400.0,29500.0
2024-12-16,서울,-0.2,3.9,-3.3,0.0,65.9,토마토,토마토(5kg),상품,5kg,24660.0,29200.0
2024-12-17,서울,-0.8,3.8,-3.5,0,51.8,토마토,토마토(5kg),상품,5kg,23980.0,29360.0
2024-12-18,서울,-3.4,0.9,-6.2,0,47.1,토마토,토마토(5kg),상품,5kg,24180.0,29720.0
2024-12-19,서울,-1.4,4.9,-6.7,0,47.4,토마토,토마토(5kg),상품,5kg,23240.0,29660.0
2024-12-20,서울,1.4,5.3,-2.1,0.4,60.9,토마토,토마토(5kg),상품,5kg,23160.0,29660.0
2024-12-21,서울,-0.7,1.9,-4.7,2.9,74.1,토마토,토마토(5kg),상품,5kg,23160.0,29660.0
2024-12-22,서울,-3.4,1.0,-7.7,0,52.9,토마토,토마토(5kg),상품,5kg,23160.0,29660.0
2024-12-23,서울,0.3,6.7,-5.0,0,58.5,토마토,토마토(5kg),상품,5kg,23140.0,28980.0
2024-12-24,서울,-0.4,5.1,-4.3,0,50.3,토마토,토마토(5kg),상품,5kg,22920.0,26960.0
2024-12-25,서울,2.7,6.5,-1.1,0.1,63.1,토마토,토마토(5kg),상품,5kg,22920.0,26500.0
2024-12-26,서울,0.1,4.2,-4.8,0.0,57.9,토마토,토마토(5kg),상품,5kg,21840.0,25960.0
2024-12-27,서울,-2.6,1.8,-5.9,0.0,51.4,토마토,토마토(5kg),상품,5kg,22580.0,25400.0
2024-12-28,서울,-3.0,1.1,-6.7,0,48.3,토마토,토마토(5kg),상품,5kg,22580.0,25400.0
2024-12-29,서울,1.1,6.1,-4.2,0,56.1,토마토,토마토(5kg),상품,5kg,22580.0,25400.0
2024-12-30,서울,5.5,10.1,1.9,0.0,68.5,토마토,토마토(5kg),상품,5kg,21660.0,24660.0
2024-12-31,서울,0.6,4.9,-2.0,0.0,45.8,토마토,토마토(5kg),상품,5kg,21540.0,23980.0
2025-01-01,서울,2.6,8.9,-2.5,0,64.3,토마토,토마토(5kg),상품,5kg,21540.0,24180.0
2025-01-02,서울,0.5,6.0,-2.9,0,48.8,토마토,토마토(5kg),상품,5kg,21540.0,23240.0
2025-01-03,서울,-1.1,3.2,-5.1,0.0,52.0,토마토,토마토(5kg),상품,5kg,21820.0,23160.0
2025-01-04,서울,-0.1,5.7,-5.4,0,49.6,토마토,토마토(5kg),상품,5kg,21820.0,23160.0
2025-01-05,서울,1.2,2.5,-0.7,6.7,85.0,토마토,토마토(5kg),상품,5kg,21820.0,23160.0
2025-01-06,서울,1.0,3.4,-3.0,3.0,75.6,토마토,토마토(5kg),상품,5kg,20440.0,23140.0
2025-01-07,서울,-2.6,1.5,-5.7,0.1,53.5,토마토,토마토(5kg),상품,5kg,19380.0,22920.0
2025-01-08,서울,-3.4,0.2,-6.1,0.0,55.1,토마토,토마토(5kg),상품,5kg,19160.0,22920.0
2025-01-09,서울,-9.7,-6.1,-11.6,0.0,38.4,토마토,토마토(5kg),상품,5kg,19180.0,21840.0
2025-01-10,서울,-7.3,-1.7,-12.2,0,48.0,토마토,토마토(5kg),상품,5kg,19180.0,22580.0
2025-01-11,서울,-5.1,0.4,-9.5,0,57.4,토마토,토마토(5kg),상품,5kg,19180.0,22580.0
2025-01-12,서울,-3.4,2.5,-8.2,0,59.9,토마토,토마토(5kg),상품,5kg,19180.0,22580.0
2025-01-13,서울,-0.4,4.1,-5.6,1.3,76.9,토마토,토마토(5kg),상품,5kg,19360.0,21660.0
2025-01-14,서울,2.3,5.2,-1.7,0.1,72.0,토마토,토마토(5kg),상품,5kg,18180.0,21540.0
2025-01-15,서울,-3.5,-0.5,-5.3,0,40.8,토마토,토마토(5kg),상품,5kg,18680.0,21540.0
2025-01-16,서울,-0.5,2.8,-4.9,0.0,65.1,토마토,토마토(5kg),상품,5kg,19000.0,21540.0
2025-01-17,서울,-0.5,5.6,-4.9,0,62.4,토마토,토마토(5kg),상품,5kg,18960.0,21820.0
2025-01-18,서울,1.0,7.5,-4.0,0,54.1,토마토,토마토(5kg),상품,5kg,18960.0,21820.0
2025-01-19,서울,3.8,9.0,-1.2,0,65.0,토마토,토마토(5kg),상품,5kg,18960.0,21820.0
2025-01-20,서울,3.9,7.5,0.9,0.0,73.1,토마토,토마토(5kg),상품,5kg,18800.0,20440.0
2025-01-21,서울,2.4,6.3,-1.0,0,79.8,토마토,토마토(5kg),상품,5kg,18800.0,19380.0
2025-01-22,서울,3.6,7.7,0.5,0,70.3,토마토,토마토(5kg),상품,5kg,18920.0,19160.0
2025-01-23,서울,2.0,7.7,-2.4,0,54.3,토마토,토마토(5kg),상품,5kg,18020.0,19180.0
2025-01-24,서울,3.1,10.6,-2.7,0,45.9,토마토,토마토(5kg),상품,5kg,17840.0,19180.0
2025-01-25,서울,5.2,11.4,1.2,0,52.8,토마토,토마토(5kg),상품,5kg,17840.0,19180.0
2025-01-26,서울,4.6,7.5,1.8,0,50.5,토마토,토마토(5kg),상품,5kg,17840.0,19180.0
2025-01-27,서울,0.2,5.1,-2.7,5.6,77.9,토마토,토마토(5kg),상품,5kg,17840.0,19360.0
2025-01-28,서울,-3.9,-2.5,-5.3,0.1,71.3,토마토,토마토(5kg),상품,5kg,17840.0,18180.0
2025-01-29,서울,-4.6,-1.3,-6.4,0.2,66.1,토마토,토마토(5kg),상품,5kg,17840.0,18680.0
2025-01-30,서울,-3.8,-1.0,-7.5,0,46.6,토마토,토마토(5kg),상품,5kg,17840.0,19000.0
2025-01-31,서울,-0.8,0.7,-2.6,2.4,80.1,토마토,토마토(5kg),상품,5kg,17840.0,18960.0
2025-02-01,서울,1.6,7.9,-2.0,0,74.3,토마토,토마토(5kg),상품,5kg,17840.0,18960.0
2025-02-02,서울,1.5,6.8,-2.5,0.0,67.1,토마토,토마토(5kg),상품,5kg,17840.0,18960.0
2025-02-03,서울,-4.1,0.6,-8.2,0,48.8,토마토,토마토(5kg),상품,5kg,17300.0,18800.0
2025-02-04,서울,-9.0,-5.3,-11.5,0,50.8,토마토,토마토(5kg),상품,5kg,17340.0,18800.0
2025-02-05,서울,-8.6,-3.7,-11.8,0,49.1,토마토,토마토(5kg),상품,5kg,17820.0,18920.0
2025-02-06,서울,-5.6,-0.2,-11.5,2.3,59.9,토마토,토마토(5kg),상품,5kg,18600.0,18020.0
2025-02-07,서울,-8.0,-4.7,-10.7,0.4,60.1,토마토,토마토(5kg),상품,5kg,19220.0,17840.0
2025-02-08,서울,-7.9,-3.4,-11.5,0,54.5,토마토,토마토(5kg),상품,5kg,19220.0,17840.0
2025-02-09,서울,-4.7,1.7,-9.6,0,63.8,토마토,토마토(5kg),상품,5kg,19220.0,17840.0
2025-02-10,서울,-2.6,2.6,-7.5,0.0,61.0,토마토,토마토(5kg),상품,5kg,19360.0,17840.0
2025-02-11,서울,0.5,7.0,-5.7,0,59.8,토마토,토마토(5kg),상품,5kg,19580.0,17840.0
2025-02-12,서울,0.5,2.5,-2.9,2.5,75.8,토마토,토마토(5kg),상품,5kg,19680.0,17840.0
2025-02-13,서울,0.2,6.1,-5.8,0,53.1,토마토,토마토(5kg),상품,5kg,19500.0,17840.0
2025-02-14,서울,3.7,10.1,-1.6,0,67.4,토마토,토마토(5kg),상품,5kg,20580.0,17840.0
2025-02-15,서울,4.1,7.8,0.4,0,76.5,토마토,토마토(5kg),상품,5kg,20580.0,17840.0
2025-02-16,서울,4.3,9.7,0.4,0,75.6,토마토,토마토(5kg),상품,5kg,20580.0,17840.0
2025-02-17,서울,-0.3,3.5,-3.4,0,39.1,토마토,토마토(5kg),상품,5kg,22060.0,17300.0
2025-02-18,서울,-2.3,2.6,-5.2,0,40.3,토마토,토마토(5kg),상품,5kg,21580.0,17340.0
2025-02-19,서울,-3.0,1.2,-5.8,0,44.8,토마토,토마토(5kg),상품,5kg,21680.0,17820.0
2025-02-20,서울,-2.9,1.9,-6.5,0,43.3,토마토,토마토(5kg),상품,5kg,21800.0,18600.0
2025-02-21,서울,-2.5,2.6,-6.4,0,45.3,토마토,토마토(5kg),상품,5kg,22140.0,19220.0
2025-02-22,서울,-2.3,2.7,-5.6,0,49.1,토마토,토마토(5kg),상품,5kg,22140.0,19220.0
2025-02-23,서울,-3.6,0.5,-6.5,0,45.4,토마토,토마토(5kg),상품,5kg,22140.0,19220.0
2025-02-24,서울,-1.3,4.7,-6.3,0,49.8,토마토,토마토(5kg),상품,5kg,21940.0,19360.0
2025-02-25,서울,2.1,6.1,-3.1,0,72.6,토마토,토마토(5kg),상품,5kg,21940.0,19580.0
2025-02-26,서울,3.7,9.1,0.7,0,49.4,토마토,토마토(5kg),상품,5kg,21040.0,19680.0
2025-02-27,서울,5.8,14.2,-2.0,0,29.4,토마토,토마토(5kg),상품,5kg,21040.0,19500.0
2025-02-28,서울,7.8,13.7,3.7,0,52.4,토마토,토마토(5kg),상품,5kg,21040.0,20580.0
2025-03-01,서울,8.5,13.0,3.4,0.6,68.5,토마토,토마토(5kg),상품,5kg,21040.0,20580.0
2025-03-02,서울,8.3,15.6,2.2,11.8,68.0,토마토,토마토(5kg),상품,5kg,21040.0,20580.0
2025-03-03,서울,3.1,7.1,1.0,10.4,63.5,토마토,토마토(5kg),상품,5kg,21040.0,22060.0
2025-03-04,서울,2.5,3.4,0.9,4.0,68.3,토마토,토마토(5kg),상품,5kg,20540.0,21580.0
2025-03-05,서울,4.8,9.2,2.3,0.0,63.3,토마토,토마토(5kg),상품,5kg,20400.0,21680.0
2025-03-06,서울,4.8,10.4,-0.4,0,55.1,토마토,토마토(5kg),상품,5kg,20480.0,21800.0
2025-03-07,서울,5.3,11.1,0.0,0,49.3,토마토,토마토(5kg),상품,5kg,20000.0,22140.0
2025-03-08,서울,5.8,11.2,2.8,0,55.0,토마토,토마토(5kg),상품,5kg,20000.0,22140.0
2025-03-09,서울,6.9,13.5,1.2,0,67.3,토마토,토마토(5kg),상품,5kg,20000.0,22140.0
2025-03-10,서울,8.0,14.9,2.4,0,59.8,토마토,토마토(5kg),상품,5kg,20400.0,21940.0
2025-03-11,서울,9.4,16.6,2.9,0,58.0,토마토,토마토(5kg),상품,5kg,19640.0,21940.0
2025-03-12,서울,8.5,11.8,6.7,0.0,72.3,토마토,토마토(5kg),상품,5kg,19880.0,21040.0
2025-03-13,서울,8.9,15.0,3.2,0,54.6,토마토,토마토(5kg),상품,5kg,19800.0,21040.0
2025-03-14,서울,12.4,20.1,5.0,0,31.4,토마토,토마토(5kg),상품,5kg,20060.0,21040.0
2025-03-15,서울,12.6,17.2,10.0,0.0,39.1,토마토,토마토(5kg),상품,5kg,20060.0,21040.0
2025-03-16,서울,4.9,10.1,1.3,0.8,56.3,토마토,토마토(5kg),상품,5kg,20060.0,21040.0
2025-03-17,서울,2.5,6.8,-1.3,0.4,46.0,토마토,토마토(5kg),상품,5kg,21320.0,21040.0
2025-03-18,서울,2.1,5.6,0.3,9.9,70.6,토마토,토마토(5kg),상품,5kg,21240.0,20540.0
2025-03-19,서울,2.4,7.3,-1.9,0,49.5,토마토,토마토(5kg),상품,5kg,22040.0,20400.0
2025-03-20,서울,8.2,15.0,2.2,0,62.8,토마토,토마토(5kg),상품,5kg,21900.0,20480.0
2025-03-21,서울,11.6,18.7,7.9,0,61.3,토마토,토마토(5kg),상품,5kg,22420.0,20000.0
2025-03-22,서울,12.8,19.9,6.1,0,53.8,토마토,토마토(5kg),상품,5kg,22420.0,20000.0
2025-03-23,서울,15.2,24.0,7.1,0,49.0,토마토,토마토(5kg),상품,5kg,22420.0,20000.0
2025-03-24,서울,15.5,21.3,11.7,0.0,56.1,토마토,토마토(5kg),상품,5kg,21920.0,20400.0
2025-03-25,서울,12.7,21.4,8.4,0,63.5,토마토,토마토(5kg),상품,5kg,21400.0,19640.0
2025-03-26,서울,15.5,23.9,6.0,0,46.4,토마토,토마토(5kg),상품,5kg,21120.0,19880.0
2025-03-27,서울,13.7,18.6,7.1,0.3,65.1,토마토,토마토(5kg),상품,5kg,21660.0,19800.0
2025-03-28,서울,6.5,11.8,3.1,0,41.6,토마토,토마토(5kg),상품,5kg,21460.0,20060.0
2025-03-29,서울,3.3,6.7,0.6,0.0,40.8,토마토,토마토(5kg),상품,5kg,21460.0,20060.0
2025-03-30,서울,3.3,7.6,-1.8,0.0,51.1,토마토,토마토(5kg),상품,5kg,21460.0,20060.0
2025-03-31,서울,7.7,14.1,1.2,0,50.5,토마토,토마토(5kg),상품,5kg,20040.0,21320.0
2025-04-01,서울,10.1,17.0,3.9,0,53.0,토마토,토마토(5kg),상품,5kg,19820.0,21240.0
2025-04-02,서울,8.9,14.4,5.2,0.0,55.4,토마토,토마토(5kg),상품,5kg,19420.0,22040.0
2025-04-03,서울,9.8,16.9,3.6,0,58.6,토마토,토마토(5kg),상품,5kg,19420.0,21900.0
2025-04-04,서울,10.6,16.4,6.0,0,54.5,토마토,토마토(5kg),상품,5kg,19400.0,22420.0
2025-04-05,서울,8.0,9.5,7.5,22.8,86.1,토마토,토마토(5kg),상품,5kg,19400.0,22420.0
2025-04-06,서울,10.3,15.7,6.9,0.0,67.3,토마토,토마토(5kg),상품,5kg,19400.0,22420.0
2025-04-07,서울,13.5,20.1,5.5,0,54.5,토마토,토마토(5kg),상품,5kg,19720.0,21920.0
2025-04-08,서울,13.8,18.9,10.7,0,55.0,토마토,토마토(5kg),상품,5kg,19780.0,21400.0
2025-04-09,서울,12.7,18.0,8.4,0.8,51.6,토마토,토마토(5kg),상품,5kg,19560.0,21120.0
2025-04-10,서울,13.2,19.1,8.8,0.0,60.6,토마토,토마토(5kg),상품,5kg,19140.0,21660.0
2025-04-11,서울,16.2,24.2,8.1,0,51.8,토마토,토마토(5kg),상품,5kg,19540.0,21460.0
2025-04-12,서울,12.9,22.5,1.4,15.4,66.5,토마토,토마토(5kg),상품,5kg,19540.0,21460.0
2025-04-13,서울,5.5,8.2,1.1,4.2,71.1,토마토,토마토(5kg),상품,5kg,19540.0,21460.0
2025-04-14,서울,4.4,6.0,2.6,7.4,87.4,토마토,토마토(5kg),상품,5kg,20000.0,20040.0
2025-04-15,서울,8.2,14.0,2.3,0,70.3,토마토,토마토(5kg),상품,5kg,20200.0,19820.0
2025-04-16,서울,14.6,21.9,6.4,0,58.0,토마토,토마토(5kg),상품,5kg,20080.0,19420.0
2025-04-17,서울,19.7,24.7,15.8,0,63.5,토마토,토마토(5kg),상품,5kg,19860.0,19420.0
2025-04-18,서울,18.6,23.7,15.4,0.0,67.9,토마토,토마토(5kg),상품,5kg,19520.0,19400.0
2025-04-19,서울,15.3,20.0,12.2,9.2,89.1,토마토,토마토(5kg),상품,5kg,19520.0,19400.0
2025-04-20,서울,16.7,24.1,9.5,0,70.0,토마토,토마토(5kg),상품,5kg,19520.0,19400.0
2025-04-21,서울,20.7,27.1,14.2,0,65.3,토마토,토마토(5kg),상품,5kg,19400.0,19720.0
2025-04-22,서울,17.8,20.4,14.2,34.8,87.8,토마토,토마토(5kg),상품,5kg,19120.0,19780.0
2025-04-23,서울,16.8,22.9,10.9,0,62.4,토마토,토마토(5kg),상품,5kg,18820.0,19560.0
2025-04-24,서울,14.7,19.6,10.7,0,52.4,토마토,토마토(5kg),상품,5kg,18580.0,19140.0
2025-04-25,서울,12.5,17.8,7.7,0,38.4,토마토,토마토(5kg),상품,5kg,18300.0,19540.0
2025-04-26,서울,13.8,20.0,7.2,0,53.1,토마토,토마토(5kg),상품,5kg,18300.0,19540.0
2025-04-27,서울,14.9,19.1,10.7,0,46.4,토마토,토마토(5kg),상품,5kg,18300.0,19540.0
2025-04-28,서울,15.1,20.2,10.3,0,45.6,토마토,토마토(5kg),상품,5kg,18000.0,20000.0
2025-04-29,서울,14.8,21.0,8.2,0,34.1,토마토,토마토(5kg),상품,5kg,16740.0,20200.0
2025-04-30,서울,18.4,25.8,10.0,0,36.3,토마토,토마토(5kg),상품,5kg,16820.0,20080.0
2025-05-01,서울,14.7,17.6,11.3,21.1,69.6,토마토,토마토(5kg),상품,5kg,16820.0,19860.0
2025-05-02,서울,13.4,18.5,8.2,0.0,59.3,토마토,토마토(5kg),상품,5kg,16340.0,19520.0
2025-05-03,서울,11.2,14.0,9.5,7.3,80.5,토마토,토마토(5kg),상품,5kg,16340.0,19520.0
2025-05-04,서울,13.7,19.9,8.2,0,60.9,토마토,토마토(5kg),상품,5kg,16340.0,19520.0
2025-05-05,서울,12.1,15.0,9.3,0,64.5,토마토,토마토(5kg),상품,5kg,16340.0,19400.0
2025-05-06,서울,14.4,19.5,8.5,0,57.5,토마토,토마토(5kg),상품,5kg,16340.0,19120.0
2025-05-07,서울,14.9,21.1,9.9,0,61.5,토마토,토마토(5kg),상품,5kg,15860.0,18820.0
2025-05-08,서울,17.4,24.9,9.7,0,53.5,토마토,토마토(5kg),상품,5kg,15860.0,18580.0
2025-05-09,서울,15.1,17.4,14.1,17.6,81.8,토마토,토마토(5kg),상품,5kg,15200.0,18300.0
2025-05-10,서울,12.3,15.3,11.6,14.1,95.5,토마토,토마토(5kg),상품,5kg,15200.0,18300.0
2025-05-11,서울,14.7,20.2,11.4,0.0,76.9,토마토,토마토(5kg),상품,5kg,15200.0,18300.0
2025-05-12,서울,17.0,23.6,9.8,0,62.6,토마토,토마토(5kg),상품,5kg,14640.0,18000.0
2025-05-13,서울,19.9,25.8,13.3,0,47.4,토마토,토마토(5kg),상품,5kg,14860.0,16740.0
2025-05-14,서울,21.0,26.7,14.1,0,52.8,토마토,토마토(5kg),상품,5kg,14880.0,16820.0
2025-05-15,서울,19.5,22.2,16.8,1.1,80.9,토마토,토마토(5kg),상품,5kg,14880.0,16820.0
2025-05-16,서울,19.4,22.0,17.8,51.3,92.6,토마토,토마토(5kg),상품,5kg,14960.0,16340.0
2025-05-17,서울,18.3,24.3,14.7,2.2,86.4,토마토,토마토(5kg),상품,5kg,14960.0,16340.0
2025-05-18,서울,15.6,21.0,11.4,0,59.3,토마토,토마토(5kg),상품,5kg,14960.0,16340.0
2025-05-19,서울,16.1,20.9,10.5,1.6,70.4,토마토,토마토(5kg),상품,5kg,15020.0,16340.0
2025-05-20,서울,22.2,27.3,17.4,1.0,85.5,토마토,토마토(5kg),상품,5kg,14880.0,16340.0
2025-05-21,서울,25.5,30.8,22.3,0,75.5,토마토,토마토(5kg),상품,5kg,14500.0,15860.0
2025-05-22,서울,23.9,28.5,20.0,0.8,68.0,토마토,토마토(5kg),상품,5kg,14140.0,15860.0
2025-05-23,서울,19.4,22.2,15.4,1.2,53.8,토마토,토마토(5kg),상품,5kg,13760.0,15200.0
2025-05-24,서울,15.6,19.3,13.0,4.3,69.1,토마토,토마토(5kg),상품,5kg,13760.0,15200.0
2025-05-25,서울,17.4,22.6,11.7,0,61.0,토마토,토마토(5kg),상품,5kg,13760.0,15200.0
2025-05-26,서울,19.7,26.2,13.0,0,59.4,토마토,토마토(5kg),상품,5kg,12812.0,14640.0
2025-05-27,서울,20.8,27.0,14.7,0,57.0,토마토,토마토(5kg),상품,5kg,12692.0,14860.0
2025-05-28,서울,20.8,26.9,16.3,0.0,62.0,토마토,토마토(5kg),상품,5kg,12592.0,14880.0
2025-05-29,서울,21.2,27.3,15.3,0,58.4,토마토,토마토(5kg),상품,5kg,12112.0,14880.0
2025-05-30,서울,22.2,28.3,16.7,0,55.0,토마토,토마토(5kg),상품,5kg,12072.0,14960.0
2025-05-31,서울,21.5,27.0,16.4,0,55.0,토마토,토마토(5kg),상품,5kg,12072.0,14960.0
2025-06-01,서울,22.6,29.3,17.0,0,57.8,토마토,토마토(5kg),상품,5kg,12072.0,14960.0
2025-06-02,서울,21.0,23.1,19.2,0.0,64.3,토마토,토마토(5kg),상품,5kg,11946.0,15020.0
2025-06-03,서울,20.9,25.3,17.0,0,56.9,토마토,토마토(5kg),상품,5kg,11946.0,14880.0
2025-06-04,서울,20.5,25.3,15.2,0,55.3,토마토,토마토(5kg),상품,5kg,12566.0,14500.0
2025-06-05,서울,21.7,27.1,15.6,0,49.8,토마토,토마토(5kg),상품,5kg,12606.0,14140.0
2025-06-06,서울,24.1,30.0,17.7,0,42.6,토마토,토마토(5kg),상품,5kg,12606.0,13760.0
2025-06-07,서울,23.7,28.2,19.8,0.1,61.4,토마토,토마토(5kg),상품,5kg,12606.0,13760.0
2025-06-08,서울,25.1,30.4,21.4,0.6,69.3,토마토,토마토(5kg),상품,5kg,12606.0,13760.0
2025-06-09,서울,24.2,30.2,20.6,0.0,66.6,토마토,토마토(5kg),상품,5kg,12346.0,12812.0
2025-06-10,서울,21.7,25.3,18.8,0.0,71.6,토마토,토마토(5kg),상품,5kg,12800.0,12692.0
2025-06-11,서울,22.7,28.5,15.9,0,54.6,토마토,토마토(5kg),상품,5kg,13140.0,12592.0
2025-06-12,서울,25.5,33.1,17.9,0,50.4,토마토,토마토(5kg),상품,5kg,13340.0,12112.0
2025-06-13,서울,24.0,29.4,20.1,1.5,60.9,토마토,토마토(5kg),상품,5kg,13340.0,12072.0
2025-06-14,서울,25.6,32.1,20.3,0,66.3,토마토,토마토(5kg),상품,5kg,13340.0,12072.0
2025-06-15,서울,26.3,33.2,21.7,11.8,69.6,토마토,토마토(5kg),상품,5kg,13340.0,12072.0
2025-06-16,서울,23.0,25.1,21.8,20.0,87.8,토마토,토마토(5kg),상품,5kg,13640.0,11946.0
2025-06-17,서울,24.8,29.6,21.1,0,73.3,토마토,토마토(5kg),상품,5kg,13700.0,11946.0
2025-06-18,서울,25.5,30.9,21.2,0,65.3,토마토,토마토(5kg),상품,5kg,13580.0,12566.0
2025-06-19,서울,28.1,34.2,21.1,0.8,57.9,토마토,토마토(5kg),상품,5kg,13620.0,12606.0
2025-06-20,서울,24.1,28.3,22.2,51.1,93.4,토마토,토마토(5kg),상품,5kg,12980.0,12606.0
2025-06-21,서울,22.0,24.2,20.5,0.2,88.1,토마토,토마토(5kg),상품,5kg,12980.0,12606.0
2025-06-22,서울,23.3,28.6,18.1,0,68.6,토마토,토마토(5kg),상품,5kg,12980.0,12606.0
2025-06-23,서울,26.1,31.7,19.4,0,64.8,토마토,토마토(5kg),상품,5kg,12240.0,12346.0
2025-06-24,서울,25.0,28.0,20.5,2.3,63.4,토마토,토마토(5kg),상품,5kg,11240.0,12800.0
2025-06-25,서울,20.9,22.1,19.5,8.0,88.9,토마토,토마토(5kg),상품,5kg,11340.0,13140.0
2025-06-26,서울,22.2,24.2,19.9,1.1,85.3,토마토,토마토(5kg),상품,5kg,11340.0,13340.0
2025-06-27,서울,25.0,29.3,21.1,0.0,78.1,토마토,토마토(5kg),상품,5kg,11740.0,13340.0
2025-06-28,서울,26.2,28.1,24.5,0.6,85.0,토마토,토마토(5kg),상품,5kg,11740.0,13340.0
2025-06-29,서울,27.1,30.2,24.9,0.0,77.1,토마토,토마토(5kg),상품,5kg,11740.0,13340.0
2025-06-30,서울,28.2,31.2,25.6,0,74.6,토마토,토마토(5kg),상품,5kg,11540.0,13640.0
2025-07-01,서울,28.6,31.8,26.2,0.9,78.6,토마토,토마토(5kg),상품,5kg,11700.0,13700.0
2025-07-02,서울,28.6,30.9,26.8,0.0,76.3,토마토,토마토(5kg),상품,5kg,13320.0,13580.0
2025-07-03,서울,28.3,32.0,26.5,0.0,75.5,토마토,토마토(5kg),상품,5kg,14260.0,13620.0
2025-07-04,서울,27.2,30.0,25.7,0.0,77.0,토마토,토마토(5kg),상품,5kg,14880.0,12980.0
2025-07-05,서울,28.4,32.3,26.0,0,72.9,토마토,토마토(5kg),상품,5kg,14880.0,12980.0
2025-07-06,서울,29.1,32.8,26.3,0,74.3,토마토,토마토(5kg),상품,5kg,14880.0,12980.0
2025-07-07,서울,29.1,33.2,26.7,0,79.0,토마토,토마토(5kg),상품,5kg,14180.0,12240.0
2025-07-08,서울,31.3,37.8,26.9,11.8,72.5,토마토,토마토(5kg),상품,5kg,13940.0,11240.0
2025-07-09,서울,31.9,36.0,27.4,0,61.1,토마토,토마토(5kg),상품,5kg,13740.0,11340.0
2025-07-10,서울,31.4,36.2,27.3,0,46.6,토마토,토마토(5kg),상품,5kg,13060.0,11340.0
2025-07-11,서울,30.2,36.1,24.6,0,47.1,토마토,토마토(5kg),상품,5kg,13200.0,11740.0
2025-07-12,서울,30.3,36.5,24.4,0,47.5,토마토,토마토(5kg),상품,5kg,13200.0,11740.0
2025-07-13,서울,27.7,31.0,25.6,0.0,66.8,토마토,토마토(5kg),상품,5kg,13200.0,11740.0
2025-07-14,서울,24.2,28.1,21.7,13.6,78.3,토마토,토마토(5kg),상품,5kg,12520.0,11540.0
2025-07-15,서울,23.6,25.9,21.5,4.0,84.1,토마토,토마토(5kg),상품,5kg,12920.0,11700.0
2025-07-16,서울,23.3,24.8,22.2,73.1,90.1,토마토,토마토(5kg),상품,5kg,13040.0,13320.0
2025-07-17,서울,23.3,24.4,22.0,75.5,94.3,토마토,토마토(5kg),상품,5kg,12880.0,14260.0
2025-07-18,서울,24.7,27.2,22.9,16.1,89.5,토마토,토마토(5kg),상품,5kg,13160.0,14880.0
2025-07-19,서울,23.9,25.8,21.9,84.0,95.4,토마토,토마토(5kg),상품,5kg,13160.0,14880.0
2025-07-20,서울,27.7,31.3,25.0,14.8,82.8,토마토,토마토(5kg),상품,5kg,13160.0,14880.0
2025-07-21,서울,28.5,31.6,25.6,0.0,77.4,토마토,토마토(5kg),상품,5kg,13400.0,14180.0
2025-07-22,서울,28.8,32.2,26.6,0.1,75.6,토마토,토마토(5kg),상품,5kg,14100.0,13940.0
2025-07-23,서울,28.9,33.3,25.5,0,70.4,토마토,토마토(5kg),상품,5kg,15300.0,13740.0
2025-07-24,서울,29.8,34.1,25.8,0,68.0,토마토,토마토(5kg),상품,5kg,17460.0,13060.0
2025-07-25,서울,31.1,36.3,25.6,0,64.6,토마토,토마토(5kg),상품,5kg,19240.0,13200.0
2025-07-26,서울,32.3,37.1,27.6,0,61.9,토마토,토마토(5kg),상품,5kg,19240.0,13200.0
2025-07-27,서울,32.8,38.0,28.3,0,62.4,토마토,토마토(5kg),상품,5kg,19240.0,13200.0
2025-07-28,서울,32.2,36.4,28.8,0,67.3,토마토,토마토(5kg),상품,5kg,19920.0,12520.0
2025-07-29,서울,32.0,36.7,27.6,0,64.0,토마토,토마토(5kg),상품,5kg,20320.0,12920.0
2025-07-30,서울,32.1,36.3,28.3,0,62.9,토마토,토마토(5kg),상품,5kg,20900.0,13040.0
2025-07-31,서울,30.9,34.6,29.3,0,62.3,토마토,토마토(5kg),상품,5kg,22140.0,12880.0
2025-08-01,서울,31.0,35.1,27.8,0.0,66.9,토마토,토마토(5kg),상품,5kg,21040.0,13160.0
2025-08-02,서울,31.2,36.2,27.3,0,62.1,토마토,토마토(5kg),상품,5kg,21040.0,13160.0
2025-08-03,서울,28.8,32.5,24.0,1.3,69.0,토마토,토마토(5kg),상품,5kg,21040.0,13160.0
2025-08-04,서울,28.1,33.9,23.7,1.9,75.5,토마토,토마토(5kg),상품,5kg,19360.0,13400.0
2025-08-05,서울,29.1,33.5,25.4,0,67.4,토마토,토마토(5kg),상품,5kg,18120.0,14100.0
2025-08-06,서울,27.1,29.3,25.8,22.0,89.0,토마토,토마토(5kg),상품,5kg,17320.0,15300.0
2025-08-07,서울,28.2,32.3,25.4,0,70.8,토마토,토마토(5kg),상품,5kg,17320.0,17460.0
2025-08-08,서울,26.6,30.2,23.9,6.3,74.8,토마토,토마토(5kg),상품,5kg,16240.0,19240.0
2025-08-09,서울,24.9,26.4,23.1,3.5,82.1,토마토,토마토(5kg),상품,5kg,16240.0,19240.0
2025-08-10,서울,27.3,33.2,21.0,0,70.0,토마토,토마토(5kg),상품,5kg,16240.0,19240.0
2025-08-11,서울,27.0,29.5,25.0,0.0,73.9,토마토,토마토(5kg),상품,5kg,14760.0,19920.0
2025-08-12,서울,28.6,34.1,23.3,0,62.9,토마토,토마토(5kg),상품,5kg,14600.0,20320.0
2025-08-13,서울,25.1,27.1,22.0,126.7,91.8,토마토,토마토(5kg),상품,5kg,14760.0,20900.0
2025-08-14,서울,25.5,26.9,24.2,47.8,91.1,토마토,토마토(5kg),상품,5kg,14760.0,22140.0
2025-08-15,서울,27.1,30.9,24.4,0.0,84.3,토마토,토마토(5kg),상품,5kg,14760.0,21040.0
2025-08-16,서울,28.2,32.2,25.5,0,76.0,토마토,토마토(5kg),상품,5kg,14760.0,21040.0
2025-08-17,서울,28.4,32.0,26.1,0,76.3,토마토,토마토(5kg),상품,5kg,14760.0,21040.0
2025-08-18,서울,28.9,32.9,27.0,2.2,75.6,토마토,토마토(5kg),상품,5kg,17660.0,19360.0
2025-08-19,서울,29.1,32.3,26.9,0,75.3,토마토,토마토(5kg),상품,5kg,20720.0,18120.0
2025-08-20,서울,29.4,32.8,26.9,0.0,74.5,토마토,토마토(5kg),상품,5kg,22220.0,17320.0
2025-08-21,서울,29.8,34.3,27.4,0,70.6,토마토,토마토(5kg),상품,5kg,24620.0,17320.0
2025-08-22,서울,29.4,33.5,26.1,0,71.5,토마토,토마토(5kg),상품,5kg,24660.0,16240.0
2025-08-23,서울,29.3,32.2,27.4,0,74.9,토마토,토마토(5kg),상품,5kg,24660.0,16240.0
2025-08-24,서울,30.2,34.7,26.9,0,69.4,토마토,토마토(5kg),상품,5kg,24660.0,16240.0
2025-08-25,서울,28.7,32.2,26.3,17.1,80.6,토마토,토마토(5kg),상품,5kg,23720.0,14760.0
2025-08-26,서울,27.6,31.8,25.5,5.4,81.8,토마토,토마토(5kg),상품,5kg,22780.0,14600.0
2025-08-27,서울,26.7,30.8,23.6,0,73.8,토마토,토마토(5kg),상품,5kg,23180.0,14760.0
2025-08-28,서울,28.3,31.0,24.7,0,72.9,토마토,토마토(5kg),상품,5kg,21980.0,14760.0
2025-08-29,서울,29.0,32.8,27.3,32.2,82.0,토마토,토마토(5kg),상품,5kg,21920.0,14760.0
2025-08-30,서울,28.4,31.8,25.8,23.9,81.1,토마토,토마토(5kg),상품,5kg,21920.0,14760.0
2025-08-31,서울,28.5,31.8,25.1,0.0,75.3,토마토,토마토(5kg),상품,5kg,21920.0,14760.0
2025-09-01,서울,26.1,28.2,24.4,20.4,87.3,토마토,토마토(5kg),상품,5kg,19720.0,17660.0
2025-09-02,서울,26.0,30.6,22.0,0,74.6,토마토,토마토(5kg),상품,5kg,18980.0,20720.0
2025-09-03,서울,27.6,32.1,22.6,0,67.5,토마토,토마토(5kg),상품,5kg,19900.0,22220.0
2025-09-04,서울,25.8,29.8,22.8,44.2,82.1,토마토,토마토(5kg),상품,5kg,19260.0,24620.0
2025-09-05,서울,27.9,33.0,23.5,0,68.5,토마토,토마토(5kg),상품,5kg,19460.0,24660.0
2025-09-06,서울,26.8,30.4,25.4,36.1,86.6,토마토,토마토(5kg),상품,5kg,19460.0,24660.0
2025-09-07,서울,25.3,28.3,22.3,0.2,77.5,토마토,토마토(5kg),상품,5kg,19460.0,24660.0
2025-09-08,서울,24.4,29.5,20.6,0.0,73.0,토마토,토마토(5kg),상품,5kg,18260.0,23720.0
2025-09-09,서울,23.7,26.9,21.4,0.0,71.9,토마토,토마토(5kg),상품,5kg,17340.0,22780.0
2025-09-10,서울,24.8,31.5,18.4,0,61.1,토마토,토마토(5kg),상품,5kg,19080.0,23180.0
2025-09-11,서울,25.8,31.7,19.9,0,57.6,토마토,토마토(5kg),상품,5kg,19040.0,21980.0
2025-09-12,서울,23.9,26.3,21.1,6.8,68.8,토마토,토마토(5kg),상품,5kg,21940.0,21920.0
2025-09-13,서울,23.3,27.6,20.4,63.7,81.0,토마토,토마토(5kg),상품,5kg,21940.0,21920.0
2025-09-14,서울,24.8,29.3,21.5,0,72.0,토마토,토마토(5kg),상품,5kg,21940.0,21920.0
2025-09-15,서울,25.7,30.7,20.8,0,71.6,토마토,토마토(5kg),상품,5kg,24280.0,19720.0
2025-09-16,서울,23.7,27.1,22.2,17.5,86.8,토마토,토마토(5kg),상품,5kg,27460.0,18980.0
2025-09-17,서울,22.7,24.0,21.2,52.7,92.0,토마토,토마토(5kg),상품,5kg,29540.0,19900.0
2025-09-18,서울,22.1,26.0,19.6,0,74.4,토마토,토마토(5kg),상품,5kg,31640.0,19260.0
2025-09-19,서울,19.4,21.4,17.9,13.8,82.0,토마토,토마토(5kg),상품,5kg,31020.0,19460.0
2025-09-20,서울,20.0,23.6,17.5,35.3,85.4,토마토,토마토(5kg),상품,5kg,31020.0,19460.0
2025-09-21,서울,21.6,27.3,17.2,0,67.0,토마토,토마토(5kg),상품,5kg,31020.0,19460.0
2025-09-22,서울,21.3,25.1,17.6,0,59.8,토마토,토마토(5kg),상품,5kg,30320.0,18260.0
2025-09-23,서울,22.7,26.8,19.2,0.0,56.5,토마토,토마토(5kg),상품,5kg,30980.0,17340.0
2025-09-24,서울,22.0,23.7,20.4,35.2,81.8,토마토,토마토(5kg),상품,5kg,29700.0,19080.0
2025-09-25,서울,22.5,26.4,20.2,0.3,80.0,토마토,토마토(5kg),상품,5kg,27720.0,19040.0
2025-09-26,서울,21.7,27.1,17.8,0,78.1,토마토,토마토(5kg),상품,5kg,27520.0,21940.0
2025-09-27,서울,22.5,27.2,17.6,0,71.1,토마토,토마토(5kg),상품,5kg,27520.0,21940.0
2025-09-28,서울,20.0,21.9,18.4,44.5,85.6,토마토,토마토(5kg),상품,5kg,27520.0,21940.0
2025-09-29,서울,19.6,23.9,16.6,0,77.8,토마토,토마토(5kg),상품,5kg,24420.0,24280.0
2025-09-30,서울,19.8,24.0,17.3,0,81.3,토마토,토마토(5kg),상품,5kg,23540.0,27460.0
2025-10-01,서울,20.5,25.6,16.7,0,78.1,토마토,토마토(5kg),상품,5kg,22740.0,29540.0
2025-10-02,서울,21.4,25.8,17.3,0,74.5,토마토,토마토(5kg),상품,5kg,21740.0,31640.0
2025-10-03,서울,21.2,22.3,19.8,0.8,75.5,토마토,토마토(5kg),상품,5kg,21740.0,31020.0
2025-10-04,서울,22.5,25.0,20.9,0.0,74.6,토마토,토마토(5kg),상품,5kg,21740.0,31020.0
2025-10-05,서울,21.4,22.3,20.6,18.1,89.6,토마토,토마토(5kg),상품,5kg,21740.0,31020.0
2025-10-06,서울,17.6,20.7,15.4,36.8,93.8,토마토,토마토(5kg),상품,5kg,21740.0,30320.0
2025-10-07,서울,18.2,20.0,15.5,7.1,94.9,토마토,토마토(5kg),상품,5kg,21740.0,30980.0
2025-10-08,서울,21.9,28.0,17.2,0.0,72.8,토마토,토마토(5kg),상품,5kg,21740.0,29700.0
2025-10-09,서울,20.0,22.6,16.9,0.0,69.6,토마토,토마토(5kg),상품,5kg,21740.0,27720.0
2025-10-10,서울,17.0,17.7,16.0,49.3,98.1,토마토,토마토(5kg),상품,5kg,20120.0,27520.0
2025-10-11,서울,20.3,23.8,17.3,22.5,93.1,토마토,토마토(5kg),상품,5kg,20120.0,27520.0
2025-10-12,서울,19.0,21.4,17.6,0.1,84.6,토마토,토마토(5kg),상품,5kg,20120.0,27520.0
2025-10-13,서울,15.7,18.3,13.9,25.1,94.4,토마토,토마토(5kg),상품,5kg,19680.0,24420.0
2025-10-14,서울,17.9,20.9,14.4,0.6,80.3,토마토,토마토(5kg),상품,5kg,20200.0,23540.0
2025-10-15,서울,20.2,25.3,16.1,1.5,74.8,토마토,토마토(5kg),상품,5kg,20420.0,22740.0
2025-10-16,서울,20.2,24.8,17.0,1.3,75.3,토마토,토마토(5kg),상품,5kg,20420.0,21740.0
2025-10-17,서울,19.9,24.8,15.6,11.3,74.8,토마토,토마토(5kg),상품,5kg,22180.0,21740.0
2025-10-18,서울,15.8,18.6,14.2,11.2,87.8,토마토,토마토(5kg),상품,5kg,22180.0,21740.0
2025-10-19,서울,14.5,19.2,8.9,0,71.5,토마토,토마토(5kg),상품,5kg,22180.0,21740.0
2025-10-20,서울,10.0,16.5,5.3,0,65.9,토마토,토마토(5kg),상품,5kg,22180.0,21740.0
2025-10-21,서울,9.2,14.1,4.8,0,68.3,토마토,토마토(5kg),상품,5kg,22260.0,21740.0
2025-10-22,서울,13.1,18.6,6.6,0,72.1,토마토,토마토(5kg),상품,5kg,22660.0,21740.0
2025-10-23,서울,14.9,19.6,11.8,0,70.3,토마토,토마토(5kg),상품,5kg,23740.0,21740.0
2025-10-24,서울,15.8,21.5,11.3,0,66.5,토마토,토마토(5kg),상품,5kg,24280.0,20120.0
2025-10-25,서울,14.4,17.7,12.6,0,66.9,토마토,토마토(5kg),상품,5kg,24280.0,20120.0
2025-10-26,서울,12.2,13.9,10.6,0.5,70.1,토마토,토마토(5kg),상품,5kg,24280.0,20120.0
2025-10-27,서울,8.1,12.2,3.7,0,45.0,토마토,토마토(5kg),상품,5kg,24820.0,19680.0
2025-10-28,서울,8.5,14.4,3.0,0,52.4,토마토,토마토(5kg),상품,5kg,26980.0,20200.0
2025-10-29,서울,11.4,18.3,6.2,0,65.0,토마토,토마토(5kg),상품,5kg,28180.0,20420.0
2025-10-30,서울,12.8,18.2,7.7,0,70.3,토마토,토마토(5kg),상품,5kg,28400.0,20420.0
2025-10-31,서울,15.1,20.7,11.3,0.1,69.9,토마토,토마토(5kg),상품,5kg,28600.0,22180.0
2025-11-01,서울,12.9,17.7,10.5,2.4,73.0,토마토,토마토(5kg),상품,5kg,28600.0,22180.0
2025-11-02,서울,8.0,11.7,3.7,0.2,57.0,토마토,토마토(5kg),상품,5kg,28600.0,22180.0
2025-11-03,서울,7.2,14.7,0.5,0,54.1,토마토,토마토(5kg),상품,5kg,29120.0,22180.0
2025-11-04,서울,10.2,16.3,5.5,0,60.6,토마토,토마토(5kg),상품,5kg,29040.0,22260.0
2025-11-05,서울,11.6,19.0,5.7,0,60.0,토마토,토마토(5kg),상품,5kg,29780.0,22660.0
2025-11-06,서울,12.5,18.8,7.3,0,69.9,토마토,토마토(5kg),상품,5kg,31160.0,23740.0
2025-11-07,서울,13.9,19.9,8.3,0,66.3,토마토,토마토(5kg),상품,5kg,31300.0,24280.0
2025-11-08,서울,14.5,17.0,12.3,0.0,69.4,토마토,토마토(5kg),상품,5kg,31300.0,24280.0
2025-11-09,서울,13.5,17.6,10.4,0,64.1,토마토,토마토(5kg),상품,5kg,31300.0,24280.0
2025-11-10,서울,8.3,12.7,5.4,0,37.6,토마토,토마토(5kg),상품,5kg,30740.0,24820.0
2025-11-11,서울,8.9,15.1,3.9,0,57.6,토마토,토마토(5kg),상품,5kg,30400.0,26980.0
2025-11-12,서울,10.8,17.7,6.0,0,65.5,토마토,토마토(5kg),상품,5kg,30620.0,28180.0
2025-11-13,서울,11.1,17.6,6.7,0,65.4,토마토,토마토(5kg),상품,5kg,30380.0,28400.0
2025-11-14,서울,9.1,15.1,4.5,0,53.8,토마토,토마토(5kg),상품,5kg,29860.0,28600.0
2025-11-15,서울,9.8,17.5,3.6,0,49.1,토마토,토마토(5kg),상품,5kg,29860.0,28600.0
2025-11-16,서울,11.6,18.7,5.5,0.3,58.4,토마토,토마토(5kg),상품,5kg,29860.0,28600.0
2025-11-17,서울,3.2,9.7,-0.7,0,37.4,토마토,토마토(5kg),상품,5kg,28660.0,29120.0
2025-11-18,서울,1.6,6.5,-2.0,0,47.1,토마토,토마토(5kg),상품,5kg,28460.0,29040.0
2025-11-19,서울,3.0,8.6,-1.6,0,50.1,토마토,토마토(5kg),상품,5kg,27840.0,29780.0
2025-11-20,서울,7.4,14.6,1.6,0,58.8,토마토,토마토(5kg),상품,5kg,26620.0,31160.0
2025-11-21,서울,7.4,12.5,1.0,0,58.5,토마토,토마토(5kg),상품,5kg,26260.0,31300.0
2025-11-22,서울,9.6,15.1,5.4,0,65.3,토마토,토마토(5kg),상품,5kg,26260.0,31300.0
2025-11-23,서울,10.9,14.4,6.6,0,69.6,토마토,토마토(5kg),상품,5kg,26260.0,31300.0
2025-11-24,서울,12.4,16.8,9.6,0,72.5,토마토,토마토(5kg),상품,5kg,25400.0,30740.0
2025-11-25,서울,7.4,9.6,5.3,7.8,81.1,토마토,토마토(5kg),상품,5kg,23880.0,30400.0
2025-11-26,서울,6.4,10.9,3.5,0,66.4,토마토,토마토(5kg),상품,5kg,21560.0,30620.0
2025-11-27,서울,5.1,8.7,2.5,10.0,77.4,토마토,토마토(5kg),상품,5kg,20940.0,30380.0
2025-11-28,서울,2.3,7.0,-1.3,0,56.4,토마토,토마토(5kg),상품,5kg,20180.0,29860.0
2025-11-29,서울,5.7,9.3,0.3,0.1,57.1,토마토,토마토(5kg),상품,5kg,20180.0,29860.0
2025-11-30,서울,12.4,16.1,9.1,0,78.8,토마토,토마토(5kg),상품,5kg,20180.0,29860.0
2025-12-01,서울,5.5,12.2,2.3,0,50.5,토마토,토마토(5kg),상품,5kg,19420.0,28660.0
2025-12-02,서울,0.1,3.3,-5.4,0,41.1,토마토,토마토(5kg),상품,5kg,19300.0,28460.0
2025-12-03,서울,-5.9,-2.8,-8.1,0,41.4,토마토,토마토(5kg),상품,5kg,20020.0,27840.0
2025-12-04,서울,-3.2,3.5,-9.4,4.0,49.6,토마토,토마토(5kg),상품,5kg,20060.0,26620.0
2025-12-05,서울,-2.6,2.5,-6.9,0,53.6,토마토,토마토(5kg),상품,5kg,20060.0,26260.0
2025-12-06,서울,2.1,4.5,-2.0,0.6,70.9,토마토,토마토(5kg),상품,5kg,20060.0,26260.0
2025-12-07,서울,8.3,13.4,3.4,0,77.4,토마토,토마토(5kg),상품,5kg,20060.0,26260.0
2025-12-08,서울,3.4,7.3,0.8,0,45.4,토마토,토마토(5kg),상품,5kg,19420.0,25400.0
2025-12-09,서울,2.8,8.7,-2.4,0,59.0,토마토,토마토(5kg),상품,5kg,19220.0,23880.0
2025-12-10,서울,4.9,8.6,0.7,0,73.1,토마토,토마토(5kg),상품,5kg,19020.0,21560.0
2025-12-11,서울,4.0,8.4,-1.8,12.9,68.3,토마토,토마토(5kg),상품,5kg,18340.0,20940.0
2025-12-12,서울,2.0,7.0,-3.6,0,56.3,토마토,토마토(5kg),상품,5kg,18820.0,20180.0
2025-12-13,서울,2.6,4.5,-0.8,9.5,81.5,토마토,토마토(5kg),상품,5kg,18820.0,20180.0
2025-12-14,서울,-0.1,3.1,-1.5,0.1,76.5,토마토,토마토(5kg),상품,5kg,18820.0,20180.0
2025-12-15,서울,0.7,4.5,-3.5,0,76.4,토마토,토마토(5kg),상품,5kg,19400.0,19420.0
2025-12-16,서울,3.8,5.0,2.1,2.1,88.5,토마토,토마토(5kg),상품,5kg,19560.0,19300.0
2025-12-17,서울,4.2,7.6,1.2,0,72.8,토마토,토마토(5kg),상품,5kg,19240.0,20020.0
2025-12-18,서울,2.3,8.5,-1.9,0,60.6,토마토,토마토(5kg),상품,5kg,19020.0,20060.0
2025-12-19,서울,4.9,9.9,-0.7,0,66.5,토마토,토마토(5kg),상품,5kg,19520.0,20060.0
2025-12-20,서울,7.3,10.7,1.0,0.3,74.1,토마토,토마토(5kg),상품,5kg,19520.0,20060.0
2025-12-21,서울,-1.1,2.5,-3.4,0,42.0,토마토,토마토(5kg),상품,5kg,19520.0,20060.0
2025-12-22,서울,-0.7,5.1,-5.9,0,44.8,토마토,토마토(5kg),상품,5kg,19500.0,19420.0
2025-12-23,서울,2.6,4.3,0.1,10.8,70.9,토마토,토마토(5kg),상품,5kg,19340.0,19220.0
2025-12-24,서울,2.8,6.3,-1.0,0,79.0,토마토,토마토(5kg),상품,5kg,19780.0,19020.0
2025-12-25,서울,-3.6,0.0,-8.9,0,54.1,토마토,토마토(5kg),상품,5kg,19780.0,18340.0
2025-12-26,서울,-8.2,-4.0,-11.8,0,38.9,토마토,토마토(5kg),상품,5kg,19500.0,18820.0
2025-12-27,서울,-2.6,0.5,-8.3,0.0,52.1,토마토,토마토(5kg),상품,5kg,19500.0,18820.0
2025-12-28,서울,3.2,6.1,0.0,0.6,76.4,토마토,토마토(5kg),상품,5kg,19500.0,18820.0
2025-12-29,서울,4.9,9.1,-0.1,0.3,74.1,토마토,토마토(5kg),상품,5kg,19080.0,19400.0
2025-12-30,서울,-0.5,3.8,-3.7,0,45.1,토마토,토마토(5kg),상품,5kg,19020.0,19560.0
2025-12-31,서울,-5.6,-1.2,-8.9,0,40.9,토마토,토마토(5kg),상품,5kg,18200.0,19240.0
2026-01-01,서울,-7.4,-2.1,-10.5,0,41.5,토마토,토마토(5kg),상품,5kg,18200.0,19020.0
2026-01-02,서울,-8.0,-3.8,-11.4,0,46.6,토마토,토마토(5kg),상품,5kg,18120.0,19520.0
2026-01-03,서울,-4.7,0.0,-9.8,0,60.0,토마토,토마토(5kg),상품,5kg,18120.0,19520.0
2026-01-04,서울,0.2,5.0,-2.7,0,63.4,토마토,토마토(5kg),상품,5kg,18120.0,19520.0
2026-01-05,서울,-1.9,1.8,-4.6,0,48.5,토마토,토마토(5kg),상품,5kg,18000.0,19500.0
2026-01-06,서울,-0.9,3.9,-7.0,0,55.6,토마토,토마토(5kg),상품,5kg,17460.0,19340.0
2026-01-07,서울,-0.2,3.1,-5.3,0,51.9,토마토,토마토(5kg),상품,5kg,16980.0,19780.0
2026-01-08,서울,-5.1,-1.1,-8.2,0,38.5,토마토,토마토(5kg),상품,5kg,17120.0,19780.0
2026-01-09,서울,-0.3,4.6,-6.7,0.0,59.8,토마토,토마토(5kg),상품,5kg,16700.0,19500.0
2026-01-10,서울,2.0,7.4,-4.7,1.7,62.0,토마토,토마토(5kg),상품,5kg,16700.0,19500.0
2026-01-11,서울,-6.7,-3.6,-9.0,0,41.8,토마토,토마토(5kg),상품,5kg,16700.0,19500.0
2026-01-12,서울,-3.8,1.2,-10.2,2.7,70.9,토마토,토마토(5kg),상품,5kg,16820.0,19080.0
2026-01-13,서울,-3.3,1.9,-8.1,0.0,54.8,토마토,토마토(5kg),상품,5kg,16540.0,19020.0
2026-01-14,서울,-3.3,1.5,-9.4,0.0,47.3,토마토,토마토(5kg),상품,5kg,16700.0,18200.0
2026-01-15,서울,4.7,10.2,0.8,0,71.9,토마토,토마토(5kg),상품,5kg,16620.0,18200.0
2026-01-16,서울,3.6,9.4,0.9,0.0,80.9,토마토,토마토(5kg),상품,5kg,16860.0,18120.0
2026-01-17,서울,0.2,4.9,-2.8,0,64.4,토마토,토마토(5kg),상품,5kg,16860.0,18120.0
2026-01-18,서울,0.4,3.0,-3.7,0.0,60.5,토마토,토마토(5kg),상품,5kg,16860.0,18120.0
2026-01-19,서울,-3.9,1.5,-9.8,1.0,57.8,토마토,토마토(5kg),상품,5kg,17140.0,18000.0
2026-01-20,서울,-8.4,-3.3,-11.8,0,43.3,토마토,토마토(5kg),상품,5kg,17140.0,17460.0
2026-01-21,서울,-9.7,-5.2,-12.2,0,49.4,토마토,토마토(5kg),상품,5kg,15940.0,16980.0
2026-01-22,서울,-9.1,-4.2,-13.2,0,44.1,토마토,토마토(5kg),상품,5kg,15960.0,17120.0
2026-01-23,서울,-5.0,0.2,-11.4,2.2,50.6,토마토,토마토(5kg),상품,5kg,15560.0,16700.0
2026-01-24,서울,-5.3,-1.4,-8.8,0,47.0,토마토,토마토(5kg),상품,5kg,15560.0,16700.0
2026-01-25,서울,-6.0,-2.0,-9.3,0,41.6,토마토,토마토(5kg),상품,5kg,15560.0,16700.0
2026-01-26,서울,-4.2,-0.3,-8.0,0,51.8,토마토,토마토(5kg),상품,5kg,16540.0,16820.0
2026-01-27,서울,-4.4,-0.1,-7.4,0,48.3,토마토,토마토(5kg),상품,5kg,16860.0,16540.0
2026-01-28,서울,-5.4,-0.8,-9.4,0,40.3,토마토,토마토(5kg),상품,5kg,17380.0,16700.0
2026-01-29,서울,-5.2,-0.3,-8.7,0,38.4,토마토,토마토(5kg),상품,5kg,17660.0,16620.0
2026-01-30,서울,-6.4,-1.8,-9.2,0,41.4,토마토,토마토(5kg),상품,5kg,17600.0,16860.0
2026-01-31,서울,-4.1,1.7,-9.5,0.0,45.5,토마토,토마토(5kg),상품,5kg,17600.0,16860.0
2026-02-01,서울,-2.0,2.1,-7.1,0.0,50.0,토마토,토마토(5kg),상품,5kg,17600.0,16860.0
2026-02-02,서울,-2.1,1.0,-4.3,2.4,61.9,토마토,토마토(5kg),상품,5kg,18120.0,17140.0
2026-02-03,서울,-0.9,5.6,-7.6,0,59.6,토마토,토마토(5kg),상품,5kg,18380.0,17140.0
2026-02-04,서울,2.8,5.7,0.9,0.0,72.4,토마토,토마토(5kg),상품,5kg,18460.0,15940.0
2026-02-05,서울,3.6,10.1,-2.8,0.0,69.3,토마토,토마토(5kg),상품,5kg,18880.0,15960.0
2026-02-06,서울,-6.0,-2.4,-8.3,0,32.1,토마토,토마토(5kg),상품,5kg,18960.0,15560.0
2026-02-07,서울,-8.1,-4.0,-10.8,0,34.5,토마토,토마토(5kg),상품,5kg,18960.0,15560.0
2026-02-08,서울,-8.2,-3.5,-12.4,0,36.9,토마토,토마토(5kg),상품,5kg,18960.0,15560.0
2026-02-09,서울,-3.1,4.4,-10.1,0,53.8,토마토,토마토(5kg),상품,5kg,18740.0,16540.0
2026-02-10,서울,1.4,4.8,-2.5,0.8,73.6,토마토,토마토(5kg),상품,5kg,18400.0,16860.0
2026-02-11,서울,2.7,6.9,0.0,0.0,79.4,토마토,토마토(5kg),상품,5kg,18280.0,17380.0
2026-02-12,서울,2.8,8.5,-2.7,0,77.3,토마토,토마토(5kg),상품,5kg,18580.0,17660.0
2026-02-13,서울,5.3,7.8,3.5,0,78.5,토마토,토마토(5kg),상품,5kg,18440.0,17600.0
2026-02-14,서울,7.8,12.8,4.2,0,76.1,토마토,토마토(5kg),상품,5kg,18440.0,17600.0
2026-02-15,서울,6.6,11.6,0.6,0.0,57.4,토마토,토마토(5kg),상품,5kg,18440.0,17600.0
2026-02-16,서울,2.4,8.4,-1.6,0,43.6,토마토,토마토(5kg),상품,5kg,18440.0,18120.0
2026-02-17,서울,1.7,8.8,-3.3,0,51.3,토마토,토마토(5kg),상품,5kg,18440.0,18380.0
2026-02-18,서울,2.4,7.2,-0.7,0,55.6,토마토,토마토(5kg),상품,5kg,18440.0,18460.0
2026-02-19,서울,2.1,8.4,-3.3,0,49.5,토마토,토마토(5kg),상품,5kg,18440.0,18880.0
2026-02-20,서울,6.3,13.8,-1.0,0,53.9,토마토,토마토(5kg),상품,5kg,17440.0,18960.0
2026-02-21,서울,10.7,18.4,3.7,0,46.4,토마토,토마토(5kg),상품,5kg,17440.0,18960.0
2026-02-22,서울,8.4,12.5,0.9,0,47.9,토마토,토마토(5kg),상품,5kg,17440.0,18960.0
2026-02-23,서울,1.8,5.7,-1.4,0,32.4,토마토,토마토(5kg),상품,5kg,16660.0,18740.0
2026-02-24,서울,2.8,5.9,0.5,0,37.9,토마토,토마토(5kg),상품,5kg,16660.0,18400.0
2026-02-25,서울,7.4,16.1,-1.3,0,37.4,토마토,토마토(5kg),상품,5kg,17040.0,18280.0
2026-02-26,서울,8.3,13.7,3.1,0,50.9,토마토,토마토(5kg),상품,5kg,16860.0,18580.0
2026-02-27,서울,9.6,14.8,6.1,0,53.3,토마토,토마토(5kg),상품,5kg,16900.0,18440.0
2026-02-28,서울,9.3,17.2,2.2,0,51.3,토마토,토마토(5kg),상품,5kg,16900.0,18440.0
