date,avg_ta,max_ta,min_ta,sum_rn,price,item_name,unit,month,day_of_week,is_weekend,price_lag_1,price_lag_7,price_diff,price_rolling_7,temp_rolling_7,rain_sum_3d
2021-03-04,7.2,13.0,2.5,0.0,15340.0,토마토,5kg,3,3,0,17190.0,0.0,0.1279527559055118,11664.285714285714,4.642857142857143,0.0
2021-03-05,9.0,16.2,3.0,0.0,16790.0,토마토,5kg,3,4,0,15340.0,0.0,-0.10762070971495052,13855.714285714286,5.257142857142857,0.0
2021-03-05,9.0,16.2,3.0,0.0,14940.0,토마토,5kg,3,4,0,16790.0,16990.0,0.09452411994784882,16254.285714285714,6.214285714285714,0.0
2021-03-06,6.6,11.6,3.2,0.0,0.0,토마토,5kg,3,5,1,14940.0,15140.0,-0.11018463371054199,15961.42857142857,6.828571428571429,0.0
2021-03-06,6.6,11.6,3.2,0.0,0.0,토마토,5kg,3,5,1,0.0,17090.0,-1.0,13798.57142857143,7.142857142857143,0.0
2021-03-08,7.0,13.9,1.5,0.0,14840.0,토마토,5kg,3,0,0,16690.0,15340.0,inf,9108.57142857143,7.3428571428571425,0.0
2021-03-09,6.6,12.2,2.1,0.0,16990.0,토마토,5kg,3,1,0,14840.0,16790.0,-0.11084481725584183,9037.142857142857,7.0,0.0
2021-03-09,6.6,12.2,2.1,0.0,15140.0,토마토,5kg,3,1,0,16990.0,14940.0,0.14487870619946097,9065.714285714286,6.6571428571428575,0.0
2021-03-10,8.8,17.1,1.7,0.0,17190.0,토마토,5kg,3,2,0,15140.0,0.0,-0.10888758092995876,9094.285714285714,6.971428571428571,0.0
2021-03-10,8.8,17.1,1.7,0.0,15340.0,토마토,5kg,3,2,0,17190.0,0.0,0.13540290620871853,11550.0,7.285714285714286,0.0
2021-03-11,10.2,17.1,4.7,0.0,17570.0,토마토,5kg,3,3,0,15340.0,0.0,-0.10762070971495052,13741.42857142857,7.857142857142857,0.0
2021-03-11,10.2,17.1,4.7,0.0,15620.0,토마토,5kg,3,3,0,17570.0,16690.0,0.14537157757496733,16251.42857142857,8.314285714285715,0.0
2021-03-12,10.5,14.9,7.2,0.0,18270.0,토마토,5kg,3,4,0,15620.0,14840.0,-0.11098463289698346,16098.57142857143,8.814285714285715,0.0
2021-03-12,10.5,14.9,7.2,0.0,16320.0,토마토,5kg,3,4,0,18270.0,16990.0,0.1696542893725992,16588.571428571428,9.37142857142857,0.0
2021-03-13,9.2,14.2,4.6,0.0,0.0,토마토,5kg,3,5,1,16320.0,15140.0,-0.10673234811165844,16492.85714285714,9.742857142857144,0.0
2021-03-13,9.2,14.2,4.6,0.0,0.0,토마토,5kg,3,5,1,0.0,17190.0,-1.0,14330.0,9.799999999999999,0.0
2021-03-15,10.6,15.7,5.1,1.7,16890.0,토마토,5kg,3,0,0,18840.0,15620.0,inf,9864.285714285714,9.957142857142857,1.1333333333333333
2021-03-16,8.4,13.1,4.9,1.3,21570.0,토마토,5kg,3,1,0,16890.0,18270.0,-0.10350318471337583,10045.714285714286,9.657142857142857,1.5666666666666667
2021-03-16,8.4,13.1,4.9,1.3,19650.0,토마토,5kg,3,1,0,21570.0,16320.0,0.27708703374777977,10517.142857142857,9.357142857142858,1.4333333333333333
2021-03-17,8.8,17.5,1.8,0.0,21570.0,토마토,5kg,3,2,0,19650.0,0.0,-0.08901251738525728,10992.857142857143,9.299999999999999,0.8666666666666667
2021-03-17,8.8,17.5,1.8,0.0,19650.0,토마토,5kg,3,2,0,21570.0,0.0,0.09770992366412212,14074.285714285714,9.242857142857144,0.43333333333333335
2021-03-18,11.7,18.4,5.0,0.0,20590.0,토마토,5kg,3,3,0,19650.0,0.0,-0.08901251738525728,16881.428571428572,9.614285714285714,0.0
2021-03-18,11.7,18.4,5.0,0.0,18640.0,토마토,5kg,3,3,0,20590.0,18840.0,0.04783715012722656,19822.85714285714,9.771428571428572,0.0
2021-03-19,15.3,20.2,11.4,0.0,20990.0,토마토,5kg,3,4,0,18640.0,16890.0,-0.09470616804273924,19794.285714285714,10.442857142857145,0.0
2021-03-19,15.3,20.2,11.4,0.0,19040.0,토마토,5kg,3,4,0,20990.0,21570.0,0.12607296137339064,20380.0,11.428571428571429,0.0
2021-03-20,9.9,14.7,7.4,5.1,0.0,토마토,5kg,3,5,1,19040.0,19650.0,-0.0929013816102906,20018.571428571428,11.642857142857142,1.7
2021-03-20,9.9,14.7,7.4,5.1,0.0,토마토,5kg,3,5,1,0.0,21570.0,-1.0,17211.428571428572,11.799999999999999,3.4
2021-03-22,6.2,11.1,1.1,0.0,18520.0,토마토,5kg,3,0,0,20470.0,18640.0,inf,11305.714285714286,9.799999999999999,0.09999999999999999
2021-03-23,9.1,16.4,2.5,0.0,20040.0,토마토,5kg,3,1,0,18520.0,20990.0,-0.09526135808500247,11288.57142857143,8.914285714285715,0.0
2021-03-23,9.1,16.4,2.5,0.0,18090.0,토마토,5kg,3,1,0,20040.0,19040.0,0.08207343412527002,11152.857142857143,8.028571428571428,0.0
2021-03-24,10.8,16.9,5.7,0.0,19040.0,토마토,5kg,3,2,0,18090.0,0.0,-0.09730538922155685,11017.142857142857,8.157142857142857,0.0
2021-03-24,10.8,16.9,5.7,0.0,17090.0,토마토,5kg,3,2,0,19040.0,0.0,0.052515201768933206,13737.142857142857,8.285714285714286,0.0
2021-03-25,11.9,19.0,6.8,0.0,18920.0,토마토,5kg,3,3,0,17090.0,0.0,-0.10241596638655459,16178.57142857143,9.157142857142857,0.0
2021-03-25,11.9,19.0,6.8,0.0,16970.0,토마토,5kg,3,3,0,18920.0,20470.0,0.10708016383850194,18881.428571428572,9.971428571428572,0.0
2021-03-26,12.6,20.6,4.8,0.0,18920.0,토마토,5kg,3,4,0,16970.0,18520.0,-0.10306553911205074,18381.428571428572,10.885714285714286,0.0
2021-03-26,12.6,20.6,4.8,0.0,16970.0,토마토,5kg,3,4,0,18920.0,20040.0,0.11490866234531527,18438.571428571428,11.385714285714286,0.0
2021-03-27,12.1,15.0,10.2,25.5,0.0,토마토,5kg,3,5,1,16970.0,18090.0,-0.10306553911205074,18000.0,11.814285714285713,8.5
2021-03-27,12.1,15.0,10.2,25.5,0.0,토마토,5kg,3,5,1,0.0,19040.0,-1.0,15415.714285714286,12.0,17.0
2021-03-29,10.2,14.6,7.3,0.2,16520.0,토마토,5kg,3,0,0,18470.0,16970.0,inf,10190.0,11.257142857142856,3.1999999999999997
2021-03-30,10.8,18.2,4.1,0.0,17670.0,토마토,5kg,3,1,0,16520.0,18920.0,-0.10557661072008662,10125.714285714286,11.0,0.13333333333333333
2021-03-30,10.8,18.2,4.1,0.0,15720.0,토마토,5kg,3,1,0,17670.0,16970.0,0.06961259079903148,9947.142857142857,10.742857142857144,0.06666666666666667
2021-03-31,14.5,22.9,5.9,0.0,17670.0,토마토,5kg,3,2,0,15720.0,0.0,-0.11035653650254673,9768.57142857143,11.085714285714285,0.0
2021-03-31,14.5,22.9,5.9,0.0,15720.0,토마토,5kg,3,2,0,17670.0,0.0,0.12404580152671763,12292.857142857143,11.428571428571429,0.0
2021-04-01,17.7,24.0,12.0,0.0,17870.0,토마토,5kg,4,3,0,15720.0,0.0,-0.11035653650254673,14538.57142857143,12.671428571428573,0.0
2021-04-01,17.7,24.0,12.0,0.0,15920.0,토마토,5kg,4,3,0,17870.0,18470.0,0.13676844783715003,17091.428571428572,13.742857142857144,0.0
2021-04-02,17.8,23.0,12.5,0.0,18170.0,토마토,5kg,4,4,0,15920.0,16520.0,-0.10912143256855067,16727.14285714286,14.828571428571427,0.0
2021-04-02,17.8,23.0,12.5,0.0,16220.0,토마토,5kg,4,4,0,18170.0,17670.0,0.14133165829145722,16962.85714285714,15.828571428571427,0.0
2021-04-03,14.9,18.0,10.9,56.2,0.0,토마토,5kg,4,5,1,16220.0,15720.0,-0.10731975784259773,16755.714285714286,16.414285714285715,18.733333333333334
2021-04-03,14.9,18.0,10.9,56.2,0.0,토마토,5kg,4,5,1,0.0,17670.0,-1.0,14510.0,16.47142857142857,37.46666666666667
2021-04-05,11.9,19.3,5.4,0.0,15920.0,토마토,5kg,4,0,0,17970.0,15920.0,inf,9754.285714285714,14.442857142857141,0.19999999999999998
2021-04-06,13.9,19.2,9.4,0.0,17970.0,토마토,5kg,4,1,0,15920.0,18170.0,-0.11407902058987196,9754.285714285714,13.885714285714286,0.0
2021-04-06,13.9,19.2,9.4,0.0,15920.0,토마토,5kg,4,1,0,17970.0,16220.0,0.12876884422110546,9725.714285714286,13.328571428571431,0.0
2021-04-07,14.1,20.4,8.1,0.0,17970.0,토마토,5kg,4,2,0,15920.0,0.0,-0.11407902058987196,9682.857142857143,13.214285714285714,0.0
2021-04-07,14.1,20.4,8.1,0.0,15920.0,토마토,5kg,4,2,0,17970.0,0.0,0.12876884422110546,12250.0,13.099999999999998,0.0
2021-04-08,13.0,18.0,7.2,0.0,17970.0,토마토,5kg,4,3,0,15920.0,0.0,-0.11407902058987196,14524.285714285714,13.257142857142856,0.0
2021-04-08,13.0,18.0,7.2,0.0,15920.0,토마토,5kg,4,3,0,17970.0,17970.0,0.12876884422110546,17091.428571428572,13.414285714285713,0.0
2021-04-09,13.6,19.6,7.6,0.0,17970.0,토마토,5kg,4,4,0,15920.0,15920.0,-0.11407902058987196,16798.571428571428,13.657142857142858,0.0
2021-04-09,13.6,19.6,7.6,0.0,15920.0,토마토,5kg,4,4,0,17970.0,17970.0,0.12876884422110546,17091.428571428572,13.614285714285714,0.0
2021-04-10,12.6,18.8,7.7,0.0,0.0,토마토,5kg,4,5,1,15920.0,15920.0,-0.11407902058987196,16798.571428571428,13.428571428571429,0.0
2021-04-10,12.6,18.8,7.7,0.0,0.0,토마토,5kg,4,5,1,0.0,17970.0,-1.0,14524.285714285714,13.214285714285714,0.0
2021-04-12,13.8,17.8,11.9,22.0,15140.0,토마토,5kg,4,0,0,17190.0,15920.0,inf,9571.42857142857,13.571428571428571,14.666666666666666
2021-04-13,10.4,13.5,5.7,8.0,17220.0,토마토,5kg,4,1,0,15140.0,17970.0,-0.11925538103548572,9460.0,13.114285714285714,17.333333333333332
2021-04-13,10.4,13.5,5.7,8.0,15170.0,토마토,5kg,4,1,0,17220.0,15920.0,0.13738441215323638,9352.857142857143,12.657142857142858,12.666666666666666
2021-04-14,8.4,13.3,3.1,0.0,17220.0,토마토,5kg,4,2,0,15170.0,0.0,-0.11904761904761907,9245.714285714286,12.057142857142855,5.333333333333333
2021-04-14,8.4,13.3,3.1,0.0,15170.0,토마토,5kg,4,2,0,17220.0,0.0,0.1351351351351351,11705.714285714286,11.457142857142857,2.6666666666666665
2021-04-15,11.6,18.3,6.3,0.0,16770.0,토마토,5kg,4,3,0,15170.0,0.0,-0.11904761904761907,13872.857142857143,10.971428571428572,0.0
2021-04-15,11.6,18.3,6.3,0.0,14720.0,토마토,5kg,4,3,0,16770.0,17190.0,0.10547132498352019,16268.57142857143,10.657142857142858,0.0
2021-04-16,11.3,14.8,8.1,0.7,16570.0,토마토,5kg,4,4,0,14720.0,15140.0,-0.12224209898628502,15915.714285714286,10.299999999999999,0.2333333333333333
2021-04-16,11.3,14.8,8.1,0.7,14520.0,토마토,5kg,4,4,0,16570.0,17220.0,0.12567934782608692,16120.0,10.428571428571429,0.4666666666666666
2021-04-17,9.6,14.6,6.0,0.0,0.0,토마토,5kg,4,5,1,14520.0,15170.0,-0.12371756185878091,15734.285714285714,10.314285714285715,0.4666666666666666
2021-04-17,9.6,14.6,6.0,0.0,0.0,토마토,5kg,4,5,1,0.0,17220.0,-1.0,13567.142857142857,10.485714285714284,0.2333333333333333
2021-04-19,12.2,19.4,5.8,0.0,14520.0,토마토,5kg,4,0,0,16570.0,14720.0,inf,8911.42857142857,10.87142857142857,0.0
2021-04-20,14.8,22.0,8.1,0.0,16570.0,토마토,5kg,4,1,0,14520.0,16570.0,-0.12371756185878091,8882.857142857143,11.371428571428572,0.0
2021-04-20,14.8,22.0,8.1,0.0,14520.0,토마토,5kg,4,1,0,16570.0,14520.0,0.14118457300275478,8882.857142857143,11.87142857142857,0.0
2021-04-21,19.1,28.2,10.3,0.0,16470.0,토마토,5kg,4,2,0,14520.0,0.0,-0.12371756185878091,8882.857142857143,13.228571428571428,0.0
2021-04-21,19.1,28.2,10.3,0.0,14420.0,토마토,5kg,4,2,0,16470.0,0.0,0.13429752066115697,11235.714285714286,14.585714285714287,0.0
2021-04-22,20.9,27.5,16.1,0.0,17670.0,토마토,5kg,4,3,0,14420.0,0.0,-0.12446873102610811,13295.714285714286,16.157142857142855,0.0
2021-04-22,20.9,27.5,16.1,0.0,15620.0,토마토,5kg,4,3,0,17670.0,16570.0,0.22538141470180295,15820.0,17.4,0.0
2021-04-23,19.0,21.7,17.0,0.0,16670.0,토마토,5kg,4,4,0,15620.0,14520.0,-0.11601584606677984,15684.285714285714,18.37142857142857,0.0
2021-04-23,19.0,21.7,17.0,0.0,14620.0,토마토,5kg,4,4,0,16670.0,16570.0,0.0672215108834826,15991.42857142857,18.97142857142857,0.0
2021-04-24,18.3,22.2,15.3,0.0,0.0,토마토,5kg,4,5,1,14620.0,14520.0,-0.12297540491901615,15712.857142857143,19.47142857142857,0.0
2021-04-24,18.3,22.2,15.3,0.0,0.0,토마토,5kg,4,5,1,0.0,16470.0,-1.0,13638.57142857143,19.357142857142858,0.0
2021-04-26,16.2,20.6,12.3,0.0,14440.0,토마토,5kg,4,0,0,16490.0,15620.0,inf,9057.142857142857,17.885714285714286,0.0
2021-04-27,15.4,20.0,12.5,1.7,16440.0,토마토,5kg,4,1,0,14440.0,16670.0,-0.12431776834445118,8888.57142857143,17.37142857142857,0.5666666666666667
2021-04-27,15.4,20.0,12.5,1.7,14390.0,토마토,5kg,4,1,0,16440.0,14620.0,0.13850415512465375,8855.714285714286,16.857142857142858,1.1333333333333333
2021-04-28,14.5,18.2,11.2,4.7,15940.0,토마토,5kg,4,2,0,14390.0,0.0,-0.12469586374695862,8822.857142857143,16.314285714285713,2.6999999999999997
2021-04-28,14.5,18.2,11.2,4.7,13890.0,토마토,5kg,4,2,0,15940.0,0.0,0.1077136900625435,11100.0,15.771428571428572,3.7000000000000006
2021-04-29,14.6,20.1,10.9,3.9,16240.0,토마토,5kg,4,3,0,13890.0,0.0,-0.1286072772898369,13084.285714285714,15.257142857142856,4.433333333333334
2021-04-29,14.6,20.1,10.9,3.9,14190.0,토마토,5kg,4,3,0,16240.0,16490.0,0.16918646508279345,15404.285714285714,15.028571428571428,4.166666666666667
2021-04-30,11.3,14.6,8.6,26.3,14970.0,토마토,5kg,4,4,0,14190.0,14440.0,-0.12623152709359609,15075.714285714286,14.328571428571427,11.366666666666667
2021-04-30,11.3,14.6,8.6,26.3,12920.0,토마토,5kg,4,4,0,14970.0,16440.0,0.05496828752642702,15151.42857142857,13.742857142857144,18.833333333333332
2021-05-01,10.2,15.3,8.5,8.0,0.0,토마토,5kg,5,5,1,12920.0,14390.0,-0.136940547762191,14648.57142857143,13.0,20.200000000000003
2021-05-01,10.2,15.3,8.5,8.0,0.0,토마토,5kg,5,5,1,0.0,15940.0,-1.0,12592.857142857143,12.385714285714286,14.1
2021-05-03,14.1,20.3,8.4,0.0,12920.0,토마토,5kg,5,0,0,14970.0,14190.0,inf,8150.0,11.942857142857141,0.5666666666666667
2021-05-04,13.8,15.8,11.4,19.6,14570.0,토마토,5kg,5,1,0,12920.0,14970.0,-0.136940547762191,7968.571428571428,12.299999999999999,6.533333333333334
2021-05-04,13.8,15.8,11.4,19.6,12520.0,토마토,5kg,5,1,0,14570.0,12920.0,0.1277089783281733,7911.428571428572,12.657142857142858,13.066666666666668
2021-05-05,13.9,18.4,10.3,0.1,0.0,토마토,5kg,5,2,0,12520.0,0.0,-0.14070006863417983,7854.285714285715,13.185714285714285,13.100000000000001
2021-05-05,13.9,18.4,10.3,0.1,0.0,토마토,5kg,5,2,0,0.0,0.0,-1.0,7854.285714285715,13.714285714285714,6.6000000000000005
2021-05-06,15.7,23.1,7.9,0.0,11140.0,토마토,5kg,5,3,0,13090.0,14970.0,inf,9724.285714285714,14.414285714285713,0.03333333333333333
2021-05-07,14.4,17.2,10.7,8.8,13090.0,토마토,5kg,5,4,0,11140.0,12920.0,-0.14896867838044303,9177.142857142857,14.457142857142857,2.9333333333333336
2021-05-07,14.4,17.2,10.7,8.8,11140.0,토마토,5kg,5,4,0,13090.0,14570.0,0.17504488330341106,9201.42857142857,14.542857142857144,5.866666666666667
2021-05-08,14.3,21.0,8.9,0.0,0.0,토마토,5kg,5,5,1,11140.0,12520.0,-0.14896867838044303,8711.42857142857,14.614285714285714,5.866666666666667
2021-05-08,14.3,21.0,8.9,0.0,0.0,토마토,5kg,5,5,1,0.0,0.0,-1.0,6922.857142857143,14.671428571428573,2.9333333333333336
2021-05-10,13.2,14.6,11.7,0.0,10140.0,토마토,5kg,5,0,0,12090.0,11140.0,inf,6780.0,14.214285714285714,0.0
2021-05-11,18.5,25.7,9.4,0.0,12290.0,토마토,5kg,5,1,0,10140.0,13090.0,-0.16129032258064513,6637.142857142857,14.799999999999999,0.0
2021-05-11,18.5,25.7,9.4,0.0,10340.0,토마토,5kg,5,1,0,12290.0,11140.0,0.21203155818540442,6522.857142857143,15.385714285714284,0.0
2021-05-12,22.0,27.7,16.9,0.0,12190.0,토마토,5kg,5,2,0,10340.0,0.0,-0.15866558177379986,6408.571428571428,16.485714285714288,0.0
2021-05-12,22.0,27.7,16.9,0.0,10240.0,토마토,5kg,5,2,0,12190.0,0.0,0.178916827852998,8150.0,17.585714285714285,0.0
2021-05-13,22.9,29.6,16.6,0.0,12190.0,토마토,5kg,5,3,0,10240.0,0.0,-0.1599671862182116,9612.857142857143,18.614285714285717,0.0
2021-05-13,22.9,29.6,16.6,0.0,10240.0,토마토,5kg,5,3,0,12190.0,12090.0,0.1904296875,11354.285714285714,20.0,0.0
2021-05-14,24.1,30.8,18.0,0.0,12190.0,토마토,5kg,5,4,0,10240.0,10140.0,-0.1599671862182116,11090.0,21.557142857142857,0.0
2021-05-14,24.1,30.8,18.0,0.0,10240.0,토마토,5kg,5,4,0,12190.0,12290.0,0.1904296875,11382.857142857143,22.357142857142858,0.0
2021-05-15,22.1,26.2,20.8,15.0,0.0,토마토,5kg,5,5,1,10240.0,10340.0,-0.1599671862182116,11090.0,22.871428571428574,5.0
2021-05-15,22.1,26.2,20.8,15.0,0.0,토마토,5kg,5,5,1,0.0,12190.0,-1.0,9612.857142857143,22.88571428571429,10.0
2021-05-17,15.3,16.7,14.2,3.1,9790.0,토마토,5kg,5,0,0,11740.0,10240.0,inf,6344.285714285715,20.2,24.36666666666667
2021-05-18,17.9,24.5,13.6,0.0,11740.0,토마토,5kg,5,1,0,9790.0,12190.0,-0.16609880749574102,6280.0,19.314285714285713,2.066666666666667
2021-05-18,17.9,24.5,13.6,0.0,9790.0,토마토,5kg,5,1,0,11740.0,10240.0,0.1991828396322779,6215.714285714285,18.428571428571427,1.0333333333333334
2021-05-19,19.9,26.6,12.4,0.0,0.0,토마토,5kg,5,2,0,9790.0,0.0,-0.16609880749574102,6151.428571428572,18.114285714285714,0.0
2021-05-19,19.9,26.6,12.4,0.0,0.0,토마토,5kg,5,2,0,0.0,0.0,-1.0,6151.428571428572,17.8,0.0
2021-05-20,18.7,22.9,15.6,0.9,9690.0,토마토,5kg,5,3,0,11640.0,11740.0,inf,7814.285714285715,18.32857142857143,0.6
2021-05-21,16.0,18.2,14.2,6.9,11140.0,토마토,5kg,5,4,0,9690.0,9790.0,-0.16752577319587625,7521.428571428572,18.428571428571427,2.9000000000000004
2021-05-21,16.0,18.2,14.2,6.9,9190.0,토마토,5kg,5,4,0,11140.0,11740.0,0.14963880288957698,7714.285714285715,18.157142857142855,4.8999999999999995
2021-05-22,18.6,23.8,13.8,0.2,0.0,토마토,5kg,5,5,1,9190.0,9790.0,-0.17504488330341117,7350.0,18.257142857142856,4.666666666666667
2021-05-22,18.6,23.8,13.8,0.2,0.0,토마토,5kg,5,5,1,0.0,0.0,-1.0,5951.428571428572,18.071428571428573,2.4333333333333336
2021-05-24,19.4,24.5,16.4,0.0,7290.0,토마토,5kg,5,0,0,9170.0,9690.0,inf,5598.571428571428,18.214285714285715,0.0
2021-05-25,15.3,19.3,11.9,8.3,8350.0,토마토,5kg,5,1,0,7290.0,11140.0,-0.20501635768811344,5255.714285714285,18.114285714285714,2.766666666666667
2021-05-25,15.3,19.3,11.9,8.3,6470.0,토마토,5kg,5,1,0,8350.0,9190.0,0.14540466392318252,4857.142857142857,18.014285714285712,5.533333333333334
2021-05-26,18.0,23.0,11.5,0.0,8350.0,토마토,5kg,5,2,0,6470.0,0.0,-0.22514970059880235,4468.571428571428,17.928571428571427,5.533333333333334
2021-05-26,18.0,23.0,11.5,0.0,6470.0,토마토,5kg,5,2,0,8350.0,0.0,0.2905718701700155,5661.428571428572,17.842857142857145,2.766666666666667
2021-05-27,15.8,18.7,13.9,8.9,8550.0,토마토,5kg,5,3,0,6470.0,0.0,-0.22514970059880235,6585.714285714285,17.314285714285713,2.966666666666667
2021-05-27,15.8,18.7,13.9,8.9,6670.0,토마토,5kg,5,3,0,8550.0,9170.0,0.32148377125193206,7807.142857142857,16.8,5.933333333333334
2021-05-28,15.3,19.7,12.4,12.3,8920.0,토마토,5kg,5,4,0,6670.0,7290.0,-0.21988304093567257,7450.0,16.214285714285715,10.033333333333333
2021-05-28,15.3,19.7,12.4,12.3,7070.0,토마토,5kg,5,4,0,8920.0,8350.0,0.3373313343328337,7682.857142857143,16.214285714285715,11.166666666666666
2021-05-29,15.4,19.1,12.8,0.3,0.0,토마토,5kg,5,5,1,7070.0,6470.0,-0.20739910313901344,7500.0,16.228571428571428,8.3
2021-05-29,15.4,19.1,12.8,0.3,0.0,토마토,5kg,5,5,1,0.0,8350.0,-1.0,6575.714285714285,15.857142857142858,4.3
2021-05-31,19.9,23.8,16.5,4.0,6870.0,토마토,5kg,5,0,0,8720.0,6670.0,inf,4482.857142857143,17.085714285714285,8.700000000000001
2021-06-01,20.2,23.9,15.9,3.2,9120.0,토마토,5kg,6,1,0,6870.0,8920.0,-0.21215596330275233,4511.428571428572,17.785714285714285,3.733333333333333
2021-06-01,20.2,23.9,15.9,3.2,7270.0,토마토,5kg,6,1,0,9120.0,7070.0,0.32751091703056767,4540.0,18.485714285714284,3.466666666666667
2021-06-02,23.2,29.7,16.6,0.0,9120.0,토마토,5kg,6,2,0,7270.0,0.0,-0.20285087719298245,4568.571428571428,19.599999999999998,2.1333333333333333
2021-06-02,23.2,29.7,16.6,0.0,7270.0,토마토,5kg,6,2,0,9120.0,0.0,0.2544704264099038,5871.428571428572,20.714285714285715,1.0666666666666667
2021-06-03,19.1,22.7,14.6,18.1,8240.0,토마토,5kg,6,3,0,7270.0,0.0,-0.20285087719298245,6910.0,20.814285714285713,6.033333333333334
2021-06-03,19.1,22.7,14.6,18.1,6390.0,토마토,5kg,6,3,0,8240.0,8720.0,0.13342503438789555,8087.142857142857,20.7,12.066666666666668
2021-06-04,18.5,23.6,13.3,0.0,9720.0,토마토,5kg,6,4,0,6390.0,6870.0,-0.22451456310679607,7754.285714285715,20.5,12.066666666666668
2021-06-04,18.5,23.6,13.3,0.0,7970.0,토마토,5kg,6,4,0,9720.0,9120.0,0.5211267605633803,8161.428571428572,20.25714285714286,6.033333333333334
2021-06-05,20.8,25.7,17.0,0.0,0.0,토마토,5kg,6,5,1,7970.0,7270.0,-0.18004115226337447,7997.142857142857,20.342857142857145,0.0
2021-06-05,20.8,25.7,17.0,0.0,0.0,토마토,5kg,6,5,1,0.0,9120.0,-1.0,6958.571428571428,20.0,0.0
2021-06-07,21.1,24.0,19.4,0.0,9070.0,토마토,5kg,6,0,0,10820.0,6390.0,inf,4985.714285714285,20.542857142857144,0.0
2021-06-08,23.6,29.5,18.8,0.1,11270.0,토마토,5kg,6,1,0,9070.0,9720.0,-0.1617375231053605,5368.571428571428,21.271428571428572,0.03333333333333333
2021-06-08,23.6,29.5,18.8,0.1,9520.0,토마토,5kg,6,1,0,11270.0,7970.0,0.24255788313120186,5590.0,22.0,0.06666666666666667
2021-06-09,25.8,31.6,19.5,0.0,11270.0,토마토,5kg,6,2,0,9520.0,0.0,-0.15527950310559002,5811.428571428572,22.714285714285715,0.06666666666666667
2021-06-09,25.8,31.6,19.5,0.0,9520.0,토마토,5kg,6,2,0,11270.0,0.0,0.18382352941176472,7421.428571428572,23.428571428571434,0.03333333333333333
2021-06-10,24.9,29.8,20.5,6.1,10870.0,토마토,5kg,6,3,0,9520.0,0.0,-0.15527950310559002,8781.42857142857,23.7,2.033333333333333
2021-06-10,24.9,29.8,20.5,6.1,9120.0,토마토,5kg,6,3,0,10870.0,10820.0,0.14180672268907557,10334.285714285714,24.24285714285714,4.066666666666666
2021-06-11,21.5,24.4,19.9,4.6,10370.0,토마토,5kg,6,4,0,9120.0,9070.0,-0.1609935602575897,10091.42857142857,24.3,5.599999999999999
2021-06-11,21.5,24.4,19.9,4.6,8620.0,토마토,5kg,6,4,0,10370.0,11270.0,0.13706140350877183,10277.142857142857,24.0,5.1
2021-06-12,24.2,30.2,18.2,0.0,0.0,토마토,5kg,6,5,1,8620.0,9520.0,-0.16875602700096437,9898.57142857143,24.08571428571429,3.0666666666666664
2021-06-12,24.2,30.2,18.2,0.0,0.0,토마토,5kg,6,5,1,0.0,11270.0,-1.0,8538.57142857143,23.857142857142858,1.5333333333333332
2021-06-14,24.8,30.2,18.9,0.0,7920.0,토마토,5kg,6,0,0,9670.0,9120.0,inf,5397.142857142857,23.685714285714287,0.0
2021-06-15,22.5,25.3,21.5,1.9,9470.0,토마토,5kg,6,1,0,7920.0,10370.0,-0.18097207859358844,5225.714285714285,23.82857142857143,0.6333333333333333
2021-06-15,22.5,25.3,21.5,1.9,7720.0,토마토,5kg,6,1,0,9470.0,8620.0,0.19570707070707072,5097.142857142857,23.97142857142857,1.2666666666666666
2021-06-16,24.3,28.9,20.3,0.0,9470.0,토마토,5kg,6,2,0,7720.0,0.0,-0.18479408658922913,4968.571428571428,23.985714285714288,1.2666666666666666
2021-06-16,24.3,28.9,20.3,0.0,7720.0,토마토,5kg,6,2,0,9470.0,0.0,0.22668393782383411,6321.428571428572,24.0,0.6333333333333333
2021-06-17,21.9,25.0,19.6,0.0,9940.0,토마토,5kg,6,3,0,7720.0,0.0,-0.18479408658922913,7424.285714285715,23.585714285714285,0.0
2021-06-17,21.9,25.0,19.6,0.0,8190.0,토마토,5kg,6,3,0,9940.0,9670.0,0.28756476683937815,8844.285714285714,23.17142857142857,0.0
2021-06-18,20.0,21.4,19.0,6.3,10890.0,토마토,5kg,6,4,0,8190.0,7920.0,-0.176056338028169,8632.857142857143,22.485714285714284,2.1
2021-06-18,20.0,21.4,19.0,6.3,9040.0,토마토,5kg,6,4,0,10890.0,9470.0,0.3296703296703296,9057.142857142857,22.128571428571426,4.2
2021-06-19,22.3,27.4,17.5,0.0,0.0,토마토,5kg,6,5,1,9040.0,7720.0,-0.16988062442607899,8995.714285714286,22.099999999999998,4.2
2021-06-19,22.3,27.4,17.5,0.0,0.0,토마토,5kg,6,5,1,0.0,9470.0,-1.0,7892.857142857143,21.814285714285717,2.1
2021-06-21,23.6,28.5,19.2,0.0,8590.0,토마토,5kg,6,0,0,10340.0,8190.0,inf,5494.285714285715,22.1,0.0
2021-06-22,22.8,28.6,19.7,0.0,9090.0,토마토,5kg,6,1,0,8590.0,10890.0,-0.16924564796905217,5551.428571428572,22.5,0.0
2021-06-22,22.8,28.6,19.7,0.0,7445.0,토마토,5kg,6,1,0,9090.0,9040.0,0.05820721769499415,5294.285714285715,22.9,0.0
2021-06-23,22.4,27.9,18.8,7.5,9090.0,토마토,5kg,6,2,0,7445.0,0.0,-0.18096809680968096,5066.428571428572,22.914285714285715,2.5
2021-06-23,22.4,27.9,18.8,7.5,7445.0,토마토,5kg,6,2,0,9090.0,0.0,0.22095366017461382,6365.0,22.928571428571427,5.0
2021-06-24,23.0,28.0,18.5,0.0,8890.0,토마토,5kg,6,3,0,7445.0,0.0,-0.18096809680968096,7428.571428571428,22.942857142857147,5.0
2021-06-24,23.0,28.0,18.5,0.0,7245.0,토마토,5kg,6,3,0,8890.0,10340.0,0.19408999328408338,8698.57142857143,22.857142857142858,2.5
2021-06-25,24.1,29.5,19.5,0.0,8890.0,토마토,5kg,6,4,0,7245.0,8590.0,-0.18503937007874016,8256.42857142857,22.928571428571427,0.0
2021-06-25,24.1,29.5,19.5,0.0,7245.0,토마토,5kg,6,4,0,8890.0,9090.0,0.22705314009661826,8299.285714285714,23.11428571428571,0.0
2021-06-26,22.8,26.7,19.9,4.5,0.0,토마토,5kg,6,5,1,7245.0,7445.0,-0.18503937007874016,8035.714285714285,23.114285714285717,1.5
2021-06-26,22.8,26.7,19.9,4.5,0.0,토마토,5kg,6,5,1,0.0,9090.0,-1.0,6972.142857142857,23.17142857142857,3.0
2021-06-28,23.7,29.2,21.0,0.1,7520.0,토마토,5kg,6,0,0,9170.0,7245.0,inf,4650.0,23.67142857142857,12.800000000000002
2021-06-29,23.9,28.4,21.3,8.0,9770.0,토마토,5kg,6,1,0,7520.0,8890.0,-0.17993456924754636,4689.285714285715,23.642857142857142,2.733333333333333
2021-06-29,23.9,28.4,21.3,8.0,8120.0,토마토,5kg,6,1,0,9770.0,7245.0,0.29920212765957444,4815.0,23.614285714285717,5.366666666666667
2021-06-30,24.3,28.8,21.0,6.0,9970.0,토마토,5kg,6,2,0,8120.0,0.0,-0.16888433981576256,4940.0,23.828571428571426,7.333333333333333
2021-06-30,24.3,28.8,21.0,6.0,8220.0,토마토,5kg,6,2,0,9970.0,0.0,0.2278325123152709,6364.285714285715,24.042857142857144,6.666666666666667
2021-07-01,26.3,31.0,21.4,0.0,9970.0,토마토,5kg,7,3,0,8220.0,0.0,-0.1755265797392177,7538.571428571428,24.300000000000004,3.9999999999999996
2021-07-01,26.3,31.0,21.4,0.0,8220.0,토마토,5kg,7,3,0,9970.0,9170.0,0.21289537712895368,8962.857142857143,24.67142857142857,1.9999999999999998
2021-07-02,27.1,31.8,23.6,0.0,11220.0,토마토,5kg,7,4,0,8220.0,7520.0,-0.1755265797392177,8827.142857142857,25.157142857142862,0.0
2021-07-02,27.1,31.8,23.6,0.0,9370.0,토마토,5kg,7,4,0,11220.0,9770.0,0.36496350364963503,9355.714285714286,25.614285714285717,0.0
2021-07-03,22.6,25.7,19.6,60.0,0.0,토마토,5kg,7,5,1,9370.0,8120.0,-0.1648841354723708,9298.57142857143,25.428571428571427,20.0
2021-07-03,22.6,25.7,19.6,60.0,0.0,토마토,5kg,7,5,1,0.0,9970.0,-1.0,8138.571428571428,25.185714285714287,40.0
2021-07-05,23.3,26.9,20.1,0.0,12020.0,토마토,5kg,7,0,0,13870.0,8220.0,inf,6097.142857142857,23.914285714285715,7.133333333333333
2021-07-06,25.3,30.1,21.0,0.0,13870.0,토마토,5kg,7,1,0,12020.0,11220.0,-0.1333813987022351,6640.0,23.657142857142862,0.0
2021-07-06,25.3,30.1,21.0,0.0,12020.0,토마토,5kg,7,1,0,13870.0,9370.0,0.15391014975041606,7018.571428571428,23.400000000000002,0.0
2021-07-07,26.4,29.1,23.9,12.7,13670.0,토마토,5kg,7,2,0,12020.0,0.0,-0.1333813987022351,7397.142857142857,23.942857142857143,4.233333333333333
2021-07-07,26.4,29.1,23.9,12.7,11820.0,토마토,5kg,7,2,0,13670.0,0.0,0.137271214642263,9350.0,24.485714285714288,8.466666666666667
2021-07-08,26.0,29.8,23.8,2.9,14370.0,토마토,5kg,7,3,0,11820.0,0.0,-0.1353328456474031,11038.57142857143,25.142857142857142,9.433333333333332
2021-07-08,26.0,29.8,23.8,2.9,12520.0,토마토,5kg,7,3,0,14370.0,13870.0,0.2157360406091371,13091.42857142857,25.52857142857143,6.166666666666667
2021-07-09,25.5,29.2,23.6,0.0,13970.0,토마토,5kg,7,4,0,12520.0,12020.0,-0.12874043145441894,12898.57142857143,25.842857142857145,1.9333333333333333
2021-07-09,25.5,29.2,23.6,0.0,12120.0,토마토,5kg,7,4,0,13970.0,13870.0,0.11581469648562304,13177.142857142857,25.87142857142857,0.9666666666666667
2021-07-10,25.9,29.2,23.1,0.5,0.0,토마토,5kg,7,5,1,12120.0,12020.0,-0.1324266284896206,12927.142857142857,25.95714285714286,0.16666666666666666
2021-07-10,25.9,29.2,23.1,0.5,0.0,토마토,5kg,7,5,1,0.0,13670.0,-1.0,11210.0,25.885714285714283,0.3333333333333333
2021-07-12,28.1,32.5,23.8,0.0,12020.0,토마토,5kg,7,0,0,13870.0,12520.0,inf,7497.142857142857,26.385714285714283,0.13333333333333333
2021-07-13,28.8,31.5,26.3,0.0,11980.0,토마토,5kg,7,1,0,12020.0,13970.0,-0.1333813987022351,7425.714285714285,26.857142857142858,0.0
2021-07-13,28.8,31.5,26.3,0.0,10170.0,토마토,5kg,7,1,0,11980.0,12120.0,-0.0033277870216306127,7141.428571428572,27.32857142857143,0.0
2021-07-14,29.7,33.5,26.1,0.0,11980.0,토마토,5kg,7,2,0,10170.0,0.0,-0.1510851419031719,6862.857142857143,27.87142857142857,0.0
2021-07-14,29.7,33.5,26.1,0.0,10170.0,토마토,5kg,7,2,0,11980.0,0.0,0.17797443461160278,8574.285714285714,28.41428571428571,0.0
2021-07-15,29.1,34.5,25.9,0.0,11430.0,토마토,5kg,7,3,0,10170.0,0.0,-0.1510851419031719,10027.142857142857,28.900000000000002,0.0
2021-07-15,29.1,34.5,25.9,0.0,9620.0,토마토,5kg,7,3,0,11430.0,13870.0,0.12389380530973448,11660.0,29.042857142857144,0.0
2021-07-16,28.8,35.2,24.2,0.0,10930.0,토마토,5kg,7,4,0,9620.0,12020.0,-0.15835520559930005,11052.857142857143,29.142857142857142,0.0
2021-07-16,28.8,35.2,24.2,0.0,9120.0,토마토,5kg,7,4,0,10930.0,11980.0,0.1361746361746361,10897.142857142857,29.142857142857142,0.0
2021-07-17,29.1,32.8,24.7,0.0,0.0,토마토,5kg,7,5,1,9120.0,10170.0,-0.1655992680695334,10488.57142857143,29.185714285714283,0.0
2021-07-17,29.1,32.8,24.7,0.0,0.0,토마토,5kg,7,5,1,0.0,11980.0,-1.0,9035.714285714286,29.1,0.0
2021-07-19,26.4,30.5,24.0,67.4,9120.0,토마토,5kg,7,0,0,10930.0,9620.0,inf,5800.0,28.314285714285713,44.93333333333334
2021-07-20,27.9,31.8,23.6,0.0,11030.0,토마토,5kg,7,1,0,9120.0,10930.0,-0.1655992680695334,5728.571428571428,28.185714285714283,44.93333333333334
2021-07-20,27.9,31.8,23.6,0.0,9220.0,토마토,5kg,7,1,0,11030.0,9120.0,0.20942982456140347,5742.857142857143,28.057142857142857,22.46666666666667
2021-07-21,30.5,35.3,25.3,0.0,11030.0,토마토,5kg,7,2,0,9220.0,0.0,-0.1640979147778785,5757.142857142857,28.25714285714286,0.0
2021-07-21,30.5,35.3,25.3,0.0,9220.0,토마토,5kg,7,2,0,11030.0,0.0,0.19631236442516276,7332.857142857143,28.457142857142856,0.0
2021-07-22,31.2,35.9,26.5,0.0,11030.0,토마토,5kg,7,3,0,9220.0,0.0,-0.1640979147778785,8650.0,28.685714285714283,0.0
2021-07-22,31.2,35.9,26.5,0.0,9220.0,토마토,5kg,7,3,0,11030.0,10930.0,0.19631236442516276,10225.714285714286,29.37142857142857,0.0
2021-07-23,31.2,35.8,27.2,0.0,11180.0,토마토,5kg,7,4,0,9220.0,9120.0,-0.1640979147778785,9981.42857142857,30.057142857142857,0.0
2021-07-23,31.2,35.8,27.2,0.0,9370.0,토마토,5kg,7,4,0,11180.0,11030.0,0.21258134490238612,10275.714285714286,30.52857142857143,0.0
2021-07-24,31.7,36.5,26.9,0.0,0.0,토마토,5kg,7,5,1,9370.0,9220.0,-0.16189624329159213,10038.57142857143,31.071428571428573,0.0
2021-07-24,31.7,36.5,26.9,0.0,0.0,토마토,5kg,7,5,1,0.0,11030.0,-1.0,8721.42857142857,31.24285714285714,0.0
2021-07-26,31.2,35.4,27.4,0.0,8570.0,토마토,5kg,7,0,0,10380.0,9220.0,inf,5735.714285714285,31.385714285714283,0.0
2021-07-27,31.1,35.7,27.8,0.0,10230.0,토마토,5kg,7,1,0,8570.0,11180.0,-0.17437379576107903,5642.857142857143,31.37142857142857,0.0
2021-07-27,31.1,35.7,27.8,0.0,8420.0,토마토,5kg,7,1,0,10230.0,9370.0,0.19369894982497082,5507.142857142857,31.357142857142858,0.0
2021-07-28,30.4,34.7,27.1,0.0,10230.0,토마토,5kg,7,2,0,8420.0,0.0,-0.17693059628543495,5371.428571428572,31.17142857142857,0.0
2021-07-28,30.4,34.7,27.1,0.0,8420.0,토마토,5kg,7,2,0,10230.0,0.0,0.21496437054631823,6832.857142857143,30.985714285714288,0.0
2021-07-29,29.6,33.3,27.0,0.0,10230.0,토마토,5kg,7,3,0,8420.0,0.0,-0.17693059628543495,8035.714285714285,30.714285714285715,0.0
2021-07-29,29.6,33.3,27.0,0.0,8420.0,토마토,5kg,7,3,0,10230.0,10380.0,0.21496437054631823,9497.142857142857,30.485714285714288,0.0
2021-07-30,30.5,35.4,25.8,0.0,10430.0,토마토,5kg,7,4,0,8420.0,8570.0,-0.17693059628543495,9217.142857142857,30.385714285714283,0.0
2021-07-30,30.5,35.4,25.8,0.0,8620.0,토마토,5kg,7,4,0,10430.0,10230.0,0.23871733966745845,9482.857142857143,30.3,0.0
2021-07-31,29.8,34.3,26.8,3.0,0.0,토마토,5kg,7,5,1,8620.0,8420.0,-0.17353787152444866,9252.857142857143,30.114285714285717,1.0
2021-07-31,29.8,34.3,26.8,3.0,0.0,토마토,5kg,7,5,1,0.0,10230.0,-1.0,8050.0,30.028571428571432,2.0
2021-08-02,26.5,28.6,25.0,1.7,7590.0,토마토,5kg,8,0,0,9440.0,8420.0,inf,5272.857142857143,28.671428571428574,8.133333333333333
2021-08-03,28.0,31.4,24.1,0.0,9370.0,토마토,5kg,8,1,0,7590.0,10430.0,-0.19597457627118642,5154.285714285715,28.314285714285717,1.1333333333333333
2021-08-03,28.0,31.4,24.1,0.0,7520.0,토마토,5kg,8,1,0,9370.0,8620.0,0.23451910408432153,5002.857142857143,27.95714285714286,0.5666666666666667
2021-08-04,28.9,33.2,26.3,0.0,8970.0,토마토,5kg,8,2,0,7520.0,0.0,-0.19743863393810035,4845.714285714285,27.82857142857143,0.0
2021-08-04,28.9,33.2,26.3,0.0,7120.0,토마토,5kg,8,2,0,8970.0,0.0,0.19281914893617014,6127.142857142857,27.699999999999996,0.0
2021-08-05,29.4,33.7,25.6,0.0,8970.0,토마토,5kg,8,3,0,7120.0,0.0,-0.20624303232998886,7144.285714285715,28.02857142857143,0.0
2021-08-05,29.4,33.7,25.6,0.0,7120.0,토마토,5kg,8,3,0,8970.0,9440.0,0.2598314606741574,8425.714285714286,28.442857142857143,0.0
2021-08-06,28.1,32.2,26.0,0.0,9000.0,토마토,5kg,8,4,0,7120.0,7590.0,-0.20624303232998886,8094.285714285715,28.67142857142857,0.0
2021-08-06,28.1,32.2,26.0,0.0,7150.0,토마토,5kg,8,4,0,9000.0,9370.0,0.2640449438202248,8295.714285714286,28.685714285714283,0.0
2021-08-07,28.0,32.3,23.4,0.0,0.0,토마토,5kg,8,5,1,7150.0,7520.0,-0.2055555555555556,7978.571428571428,28.685714285714283,0.0
2021-08-07,28.0,32.3,23.4,0.0,0.0,토마토,5kg,8,5,1,0.0,8970.0,-1.0,6904.285714285715,28.557142857142853,0.0
2021-08-09,28.3,33.6,23.3,0.0,7150.0,토마토,5kg,8,0,0,9000.0,7120.0,inf,4610.0,27.942857142857143,4.233333333333333
2021-08-10,27.7,32.2,24.3,0.0,9800.0,토마토,5kg,8,1,0,7150.0,9000.0,-0.2055555555555556,4614.285714285715,27.88571428571429,0.0
2021-08-10,27.7,32.2,24.3,0.0,7950.0,토마토,5kg,8,1,0,9800.0,7150.0,0.3706293706293706,4728.571428571428,27.82857142857143,0.0
2021-08-11,27.4,31.6,24.1,0.0,9550.0,토마토,5kg,8,2,0,7950.0,0.0,-0.18877551020408168,4842.857142857143,27.742857142857144,0.0
2021-08-11,27.4,31.6,24.1,0.0,7700.0,토마토,5kg,8,2,0,9550.0,0.0,0.20125786163522008,6207.142857142857,27.657142857142862,0.0
2021-08-12,26.8,31.7,24.0,0.0,9830.0,토마토,5kg,8,3,0,7700.0,0.0,-0.19371727748691103,7307.142857142857,27.657142857142855,0.0
2021-08-12,26.8,31.7,24.0,0.0,7980.0,토마토,5kg,8,3,0,9830.0,9000.0,0.27662337662337655,8711.42857142857,27.442857142857143,0.0
2021-08-13,26.6,30.1,23.4,0.0,9730.0,토마토,5kg,8,4,0,7980.0,7150.0,-0.18819938962360117,8565.714285714286,27.2,0.0
2021-08-13,26.6,30.1,23.4,0.0,7880.0,토마토,5kg,8,4,0,9730.0,9800.0,0.2192982456140351,8934.285714285714,27.04285714285714,0.0
2021-08-14,26.1,30.5,23.4,0.0,0.0,토마토,5kg,8,5,1,7880.0,7950.0,-0.19013360739979446,8660.0,26.814285714285713,0.0
2021-08-14,26.1,30.5,23.4,0.0,0.0,토마토,5kg,8,5,1,0.0,9550.0,-1.0,7524.285714285715,26.62857142857143,0.0
2021-08-17,25.9,31.3,21.9,9.3,8600.0,토마토,5kg,8,1,0,10450.0,7880.0,inf,2618.5714285714284,26.5,6.2
2021-08-18,24.3,31.0,20.6,5.6,10050.0,토마토,5kg,8,2,0,8600.0,0.0,-0.17703349282296654,2721.4285714285716,26.24285714285714,8.066666666666668
2021-08-18,24.3,31.0,20.6,5.6,8200.0,토마토,5kg,8,2,0,10050.0,0.0,0.16860465116279078,4157.142857142857,25.985714285714284,6.833333333333333
2021-08-19,26.0,31.5,21.0,0.0,10770.0,토마토,5kg,8,3,0,8200.0,0.0,-0.1840796019900498,5328.571428571428,25.857142857142858,3.733333333333333
2021-08-19,26.0,31.5,21.0,0.0,8920.0,토마토,5kg,8,3,0,10770.0,0.0,0.3134146341463415,6867.142857142857,25.67142857142857,1.8666666666666665
2021-08-20,26.6,30.7,22.6,0.0,12270.0,토마토,5kg,8,4,0,8920.0,0.0,-0.17177344475394618,8141.428571428572,25.571428571428573,0.0
2021-08-20,26.6,30.7,22.6,0.0,10420.0,토마토,5kg,8,4,0,12270.0,10450.0,0.37556053811659185,9894.285714285714,25.671428571428574,0.0
2021-08-21,23.8,25.5,21.0,62.8,0.0,토마토,5kg,8,5,1,10420.0,8600.0,-0.15077424612876933,9890.0,25.371428571428574,20.933333333333334
2021-08-21,23.8,25.5,21.0,62.8,0.0,토마토,5kg,8,5,1,0.0,10050.0,-1.0,8661.42857142857,25.3,41.86666666666667
2021-08-23,22.4,24.0,21.0,7.4,10670.0,토마토,5kg,8,0,0,12520.0,8920.0,inf,6304.285714285715,24.285714285714285,4.933333333333334
2021-08-24,23.4,26.4,21.1,10.5,12620.0,토마토,5kg,8,1,0,10670.0,12270.0,-0.1477635782747604,6554.285714285715,23.828571428571426,8.433333333333334
2021-08-24,23.4,26.4,21.1,10.5,10770.0,토마토,5kg,8,1,0,12620.0,10420.0,0.1827553889409559,6604.285714285715,23.37142857142857,9.466666666666667
2021-08-25,25.0,27.3,23.5,0.3,13320.0,토마토,5kg,8,2,0,10770.0,0.0,-0.1465927099841522,6654.285714285715,23.54285714285714,7.1000000000000005
2021-08-25,25.0,27.3,23.5,0.3,11470.0,토마토,5kg,8,2,0,13320.0,0.0,0.23676880222841223,8557.142857142857,23.714285714285715,3.6999999999999997
2021-08-26,25.5,27.9,22.9,0.7,13720.0,토마토,5kg,8,3,0,11470.0,0.0,-0.13888888888888884,10195.714285714286,23.87142857142857,0.4333333333333333
2021-08-26,25.5,27.9,22.9,0.7,11870.0,토마토,5kg,8,3,0,13720.0,12520.0,0.19616390584132515,12155.714285714286,24.314285714285713,0.5666666666666665
2021-08-27,22.4,25.5,20.4,0.9,14150.0,토마토,5kg,8,4,0,11870.0,10670.0,-0.1348396501457726,12062.857142857143,24.314285714285717,0.7666666666666666
2021-08-27,22.4,25.5,20.4,0.9,12300.0,토마토,5kg,8,4,0,14150.0,12620.0,0.19208087615838254,12560.0,24.17142857142857,0.8333333333333334
2021-08-28,23.6,28.2,19.7,0.0,0.0,토마토,5kg,8,5,1,12300.0,10770.0,-0.1307420494699647,12514.285714285714,24.2,0.6000000000000001
2021-08-28,23.6,28.2,19.7,0.0,0.0,토마토,5kg,8,5,1,0.0,13320.0,-1.0,10975.714285714286,24.0,0.3
2021-08-30,24.2,27.7,21.2,0.0,11370.0,토마토,5kg,8,0,0,13220.0,11870.0,inf,7362.857142857143,23.442857142857143,0.3
2021-08-31,20.5,23.1,18.1,77.4,13470.0,토마토,5kg,8,1,0,11370.0,14150.0,-0.13993948562783665,7291.428571428572,23.17142857142857,25.8
2021-08-31,20.5,23.1,18.1,77.4,11620.0,토마토,5kg,8,1,0,13470.0,12300.0,0.18469656992084427,7194.285714285715,22.900000000000002,51.6
2021-09-01,21.4,23.9,18.5,0.8,13470.0,토마토,5kg,9,2,0,11620.0,0.0,-0.13734224201930212,7097.142857142857,22.585714285714285,51.866666666666674
2021-09-01,21.4,23.9,18.5,0.8,11620.0,토마토,5kg,9,2,0,13470.0,0.0,0.15920826161790025,9021.42857142857,22.271428571428572,26.333333333333332
2021-09-02,23.5,26.7,20.7,0.0,14200.0,토마토,5kg,9,3,0,11620.0,0.0,-0.13734224201930212,10681.42857142857,22.242857142857144,0.5333333333333333
2021-09-02,23.5,26.7,20.7,0.0,12350.0,토마토,5kg,9,3,0,14200.0,13220.0,0.2220309810671257,12710.0,22.142857142857142,0.26666666666666666
2021-09-03,24.3,29.2,20.6,0.0,14480.0,토마토,5kg,9,4,0,12350.0,11370.0,-0.13028169014084512,12585.714285714286,22.157142857142855,0.0
2021-09-03,24.3,29.2,20.6,0.0,12630.0,토마토,5kg,9,4,0,14480.0,13470.0,0.17246963562753037,13030.0,22.7,0.0
2021-09-04,23.2,28.6,18.5,0.0,0.0,토마토,5kg,9,5,1,12630.0,11620.0,-0.12776243093922657,12910.0,23.085714285714285,0.0
2021-09-04,23.2,28.6,18.5,0.0,0.0,토마토,5kg,9,5,1,0.0,13470.0,-1.0,11250.0,23.342857142857145,0.0
2021-09-06,22.3,26.4,18.0,12.0,12530.0,토마토,5kg,9,0,0,14380.0,12350.0,inf,7691.428571428572,23.24285714285714,8.0
2021-09-07,19.6,20.9,17.6,29.6,13970.0,토마토,5kg,9,1,0,12530.0,14480.0,-0.12865090403337964,7717.142857142857,22.571428571428573,17.866666666666667
2021-09-07,19.6,20.9,17.6,29.6,12120.0,토마토,5kg,9,1,0,13970.0,12630.0,0.11492418196328802,7644.285714285715,21.900000000000002,23.733333333333334
2021-09-08,22.2,26.9,19.0,1.6,13970.0,토마토,5kg,9,2,0,12120.0,0.0,-0.1324266284896206,7571.428571428572,21.75714285714286,20.26666666666667
2021-09-08,22.2,26.9,19.0,1.6,12120.0,토마토,5kg,9,2,0,13970.0,0.0,0.15264026402640263,9567.142857142857,21.61428571428571,10.933333333333335
2021-09-09,23.5,29.1,19.1,0.0,13420.0,토마토,5kg,9,3,0,12120.0,0.0,-0.1324266284896206,11298.57142857143,21.67142857142857,1.0666666666666667
2021-09-09,23.5,29.1,19.1,0.0,11570.0,토마토,5kg,9,3,0,13420.0,14380.0,0.10726072607260728,13215.714285714286,21.842857142857138,0.5333333333333333
2021-09-10,23.6,28.9,19.5,0.0,13420.0,토마토,5kg,9,4,0,11570.0,12530.0,-0.13785394932935913,12814.285714285714,22.028571428571432,0.0
2021-09-10,23.6,28.9,19.5,0.0,11570.0,토마토,5kg,9,4,0,13420.0,13970.0,0.1598962834917892,12941.42857142857,22.6,0.0
2021-09-11,24.0,29.4,19.9,0.0,0.0,토마토,5kg,9,5,1,11570.0,12120.0,-0.13785394932935913,12598.57142857143,23.228571428571428,0.0
2021-09-11,24.0,29.4,19.9,0.0,0.0,토마토,5kg,9,5,1,0.0,13970.0,-1.0,10867.142857142857,23.485714285714288,0.0
2021-09-13,24.8,30.3,20.8,0.0,11970.0,토마토,5kg,9,0,0,13820.0,11570.0,inf,7197.142857142857,24.142857142857142,0.0
2021-09-14,24.6,29.5,20.0,0.0,13820.0,토마토,5kg,9,1,0,11970.0,13420.0,-0.13386396526772792,7254.285714285715,24.285714285714285,0.0
2021-09-14,24.6,29.5,20.0,0.0,11970.0,토마토,5kg,9,1,0,13820.0,11570.0,0.15455304928989144,7311.428571428572,24.428571428571427,0.0
2021-09-15,23.6,28.9,19.5,0.0,13420.0,토마토,5kg,9,2,0,11970.0,0.0,-0.13386396526772792,7368.571428571428,24.37142857142857,0.0
2021-09-15,23.6,28.9,19.5,0.0,11570.0,토마토,5kg,9,2,0,13420.0,0.0,0.12113617376775276,9285.714285714286,24.314285714285713,0.0
2021-09-16,22.9,27.3,18.0,0.0,13520.0,토마토,5kg,9,3,0,11570.0,0.0,-0.13785394932935913,10938.57142857143,24.12857142857143,0.0
2021-09-16,22.9,27.3,18.0,0.0,11670.0,토마토,5kg,9,3,0,13520.0,13820.0,0.1685393258426966,12870.0,23.857142857142858,0.0
2021-09-17,23.5,28.2,20.5,0.0,13520.0,토마토,5kg,9,4,0,11670.0,11970.0,-0.13683431952662717,12562.857142857143,23.67142857142857,0.0
2021-09-17,23.5,28.2,20.5,0.0,11670.0,토마토,5kg,9,4,0,13520.0,13820.0,0.15852613538988858,12784.285714285714,23.514285714285712,0.0
2021-09-18,23.9,29.8,18.9,0.0,0.0,토마토,5kg,9,5,1,11670.0,11970.0,-0.13683431952662717,12477.142857142857,23.414285714285715,0.0
2021-09-18,23.9,29.8,18.9,0.0,0.0,토마토,5kg,9,5,1,0.0,13420.0,-1.0,10767.142857142857,23.457142857142856,0.0
2021-09-23,20.9,25.9,16.9,0.0,11670.0,토마토,5kg,9,3,0,13520.0,0.0,inf,1931.4285714285713,21.414285714285715,1.5
2021-09-24,21.8,26.9,16.7,0.0,13650.0,토마토,5kg,9,4,0,11670.0,0.0,-0.13683431952662717,3598.5714285714284,21.142857142857142,0.0
2021-09-24,21.8,26.9,16.7,0.0,11800.0,토마토,5kg,9,4,0,13650.0,0.0,0.16966580976863743,5548.571428571428,21.114285714285717,0.0
2021-09-25,21.2,23.1,18.7,0.0,0.0,토마토,5kg,9,5,1,11800.0,0.0,-0.1355311355311355,7234.285714285715,21.0,0.0
2021-09-25,21.2,23.1,18.7,0.0,0.0,토마토,5kg,9,5,1,0.0,0.0,-1.0,7234.285714285715,21.142857142857142,0.0
2021-09-27,21.6,25.0,18.7,0.0,11780.0,토마토,5kg,9,0,0,13630.0,11670.0,inf,7250.0,21.685714285714287,0.0
2021-09-28,21.5,24.4,19.6,1.3,14400.0,토마토,5kg,9,1,0,11780.0,13650.0,-0.1357300073367571,7265.714285714285,21.642857142857142,0.43333333333333335
2021-09-28,21.5,24.4,19.6,1.3,12550.0,토마토,5kg,9,1,0,14400.0,11800.0,0.22241086587436332,7372.857142857143,21.599999999999998,0.8666666666666667
2021-09-29,20.2,21.4,17.8,13.1,14400.0,토마토,5kg,9,2,0,12550.0,0.0,-0.1284722222222222,7480.0,21.457142857142856,5.233333333333333
2021-09-29,20.2,21.4,17.8,13.1,12550.0,토마토,5kg,9,2,0,14400.0,0.0,0.14741035856573714,9537.142857142857,21.314285714285717,9.166666666666666
2021-09-30,20.3,25.9,16.0,0.0,14300.0,토마토,5kg,9,3,0,12550.0,0.0,-0.1284722222222222,11330.0,20.985714285714288,8.733333333333333
2021-09-30,20.3,25.9,16.0,0.0,12450.0,토마토,5kg,9,3,0,14300.0,13630.0,0.1394422310756973,13372.857142857143,20.8,4.366666666666666
2021-10-01,21.1,27.5,16.9,13.3,14100.0,토마토,5kg,10,4,0,12450.0,11780.0,-0.12937062937062938,13204.285714285714,20.728571428571428,4.433333333333334
2021-10-01,21.1,27.5,16.9,13.3,12250.0,토마토,5kg,10,4,0,14100.0,14400.0,0.1325301204819278,13535.714285714286,20.671428571428574,8.866666666666667
2021-10-02,20.7,26.6,16.4,0.0,0.0,토마토,5kg,10,5,1,12250.0,12550.0,-0.13120567375886527,13228.57142857143,20.557142857142857,8.866666666666667
2021-10-02,20.7,26.6,16.4,0.0,0.0,토마토,5kg,10,5,1,0.0,14400.0,-1.0,11435.714285714286,20.62857142857143,4.433333333333334
2021-10-05,23.6,26.5,21.7,0.0,12530.0,토마토,5kg,10,1,0,14380.0,12250.0,inf,3804.285714285714,22.385714285714283,1.2
2021-10-06,18.8,21.7,17.9,6.4,14850.0,토마토,5kg,10,2,0,12530.0,0.0,-0.12865090403337964,3844.285714285714,22.114285714285717,2.1333333333333333
2021-10-06,18.8,21.7,17.9,6.4,13000.0,토마토,5kg,10,2,0,14850.0,0.0,0.1851556264964087,5965.714285714285,21.842857142857145,4.266666666666667
2021-10-07,19.4,21.9,17.9,4.6,15050.0,토마토,5kg,10,3,0,13000.0,0.0,-0.12457912457912457,7822.857142857143,21.428571428571427,5.8
2021-10-07,19.4,21.9,17.9,4.6,13100.0,토마토,5kg,10,3,0,15050.0,0.0,0.1576923076923078,9972.857142857143,20.928571428571427,5.2
2021-10-08,18.8,20.0,17.5,3.5,15050.0,토마토,5kg,10,4,0,13100.0,0.0,-0.12956810631229232,11844.285714285714,20.342857142857145,4.233333333333333
2021-10-08,18.8,20.0,17.5,3.5,13100.0,토마토,5kg,10,4,0,15050.0,14380.0,0.14885496183206115,13994.285714285714,19.657142857142862,3.8666666666666667
2021-10-09,20.9,24.1,18.5,0.4,0.0,토마토,5kg,10,5,1,13100.0,12530.0,-0.12956810631229232,13811.42857142857,19.271428571428572,2.466666666666667
2021-10-09,20.9,24.1,18.5,0.4,0.0,토마토,5kg,10,5,1,0.0,14850.0,-1.0,12021.42857142857,19.571428571428573,1.4333333333333333
2021-10-12,17.9,21.3,15.8,0.0,13100.0,토마토,5kg,10,1,0,15050.0,13100.0,inf,4021.4285714285716,18.27142857142857,0.09999999999999999
2021-10-13,19.6,25.2,14.9,0.0,14250.0,토마토,5kg,10,2,0,13100.0,0.0,-0.12956810631229232,4021.4285714285716,18.085714285714285,0.0
2021-10-13,19.6,25.2,14.9,0.0,12300.0,토마토,5kg,10,2,0,14250.0,0.0,0.08778625954198471,6057.142857142857,17.9,0.0
2021-10-14,19.7,23.9,17.4,0.0,13650.0,토마토,5kg,10,3,0,12300.0,0.0,-0.13684210526315788,7814.285714285715,17.871428571428574,0.0
2021-10-14,19.7,23.9,17.4,0.0,11700.0,토마토,5kg,10,3,0,13650.0,0.0,0.10975609756097571,9764.285714285714,18.514285714285712,0.0
2021-10-15,19.0,21.4,17.0,0.0,13750.0,토마토,5kg,10,4,0,11700.0,0.0,-0.1428571428571429,11435.714285714286,19.057142857142857,0.0
2021-10-15,19.0,21.4,17.0,0.0,11800.0,토마토,5kg,10,4,0,13750.0,15050.0,0.17521367521367526,13400.0,19.214285714285715,0.0
2021-10-16,10.7,18.1,4.2,0.0,0.0,토마토,5kg,10,5,1,11800.0,13100.0,-0.14181818181818184,12935.714285714286,18.185714285714287,0.0
2021-10-16,10.7,18.1,4.2,0.0,0.0,토마토,5kg,10,5,1,0.0,14250.0,-1.0,11064.285714285714,16.914285714285715,0.0
2021-10-18,9.6,16.1,2.8,5.6,12020.0,토마토,5kg,10,0,0,13970.0,11700.0,inf,7317.142857142857,12.028571428571427,3.733333333333333
2021-10-19,10.9,15.0,7.1,4.4,13970.0,토마토,5kg,10,1,0,12020.0,13750.0,-0.13958482462419475,7362.857142857143,10.87142857142857,5.2
2021-10-19,10.9,15.0,7.1,4.4,12020.0,토마토,5kg,10,1,0,13970.0,11800.0,0.1622296173044926,7394.285714285715,9.714285714285714,4.8
2021-10-20,9.5,15.8,4.6,0.0,13970.0,토마토,5kg,10,2,0,12020.0,0.0,-0.13958482462419475,7425.714285714285,9.542857142857143,2.9333333333333336
2021-10-20,9.5,15.8,4.6,0.0,12020.0,토마토,5kg,10,2,0,13970.0,0.0,0.1622296173044926,9421.42857142857,9.37142857142857,1.4666666666666668
2021-10-21,9.8,16.2,4.9,0.0,13670.0,토마토,5kg,10,3,0,12020.0,0.0,-0.13958482462419475,11138.57142857143,9.971428571428572,0.0
2021-10-21,9.8,16.2,4.9,0.0,11720.0,토마토,5kg,10,3,0,13670.0,13970.0,0.137271214642263,13091.42857142857,10.0,0.0
2021-10-22,10.8,17.2,5.2,0.0,14870.0,토마토,5kg,10,4,0,11720.0,12020.0,-0.14264813460131676,12770.0,10.171428571428573,0.0
2021-10-22,10.8,17.2,5.2,0.0,12920.0,토마토,5kg,10,4,0,14870.0,13970.0,0.2687713310580204,13177.142857142857,10.157142857142857,0.0
2021-10-23,11.4,18.4,5.7,0.0,0.0,토마토,5kg,10,5,1,12920.0,12020.0,-0.13113651647612645,13027.142857142857,10.228571428571428,0.0
2021-10-23,11.4,18.4,5.7,0.0,0.0,토마토,5kg,10,5,1,0.0,13970.0,-1.0,11310.0,10.5,0.0
2021-10-25,11.7,17.6,6.3,0.0,12670.0,토마토,5kg,10,0,0,14670.0,11720.0,inf,7740.0,11.314285714285715,0.0
2021-10-26,13.0,19.0,7.7,0.0,14670.0,토마토,5kg,10,1,0,12670.0,14870.0,-0.13633265167007502,7875.714285714285,11.628571428571428,0.0
2021-10-26,13.0,19.0,7.7,0.0,12670.0,토마토,5kg,10,1,0,14670.0,12920.0,0.15785319652722962,7847.142857142857,11.942857142857141,0.0
2021-10-27,13.4,18.1,9.8,0.0,14670.0,토마토,5kg,10,2,0,12670.0,0.0,-0.13633265167007502,7811.428571428572,12.228571428571428,0.0
2021-10-27,13.4,18.1,9.8,0.0,12670.0,토마토,5kg,10,2,0,14670.0,0.0,0.15785319652722962,9907.142857142857,12.514285714285714,0.0
2021-10-28,12.7,20.0,7.1,0.0,17520.0,토마토,5kg,10,3,0,12670.0,0.0,-0.13633265167007502,11717.142857142857,12.7,0.0
2021-10-28,12.7,20.0,7.1,0.0,15470.0,토마토,5kg,10,3,0,17520.0,14670.0,0.38279400157853205,14220.0,12.842857142857142,0.0
2021-10-29,14.6,20.6,10.5,0.0,17350.0,토마토,5kg,10,4,0,15470.0,12670.0,-0.11700913242009137,14334.285714285714,13.257142857142856,0.0
2021-10-29,14.6,20.6,10.5,0.0,15300.0,토마토,5kg,10,4,0,17350.0,14670.0,0.12152553329023918,15002.857142857143,13.485714285714286,0.0
2021-10-30,13.8,18.0,11.0,0.0,0.0,토마토,5kg,10,5,1,15300.0,12670.0,-0.11815561959654175,15092.857142857143,13.6,0.0
2021-10-30,13.8,18.0,11.0,0.0,0.0,토마토,5kg,10,5,1,0.0,14670.0,-1.0,13282.857142857143,13.657142857142857,0.0
2021-11-01,12.9,16.9,10.3,0.0,16630.0,토마토,5kg,11,0,0,18680.0,15470.0,inf,9542.857142857143,13.814285714285715,0.2333333333333333
2021-11-02,11.5,16.9,7.9,0.0,20020.0,토마토,5kg,11,1,0,16630.0,17350.0,-0.10974304068522489,9708.57142857143,13.371428571428572,0.0
2021-11-02,11.5,16.9,7.9,0.0,17970.0,토마토,5kg,11,1,0,20020.0,15300.0,0.20384846662657852,10090.0,12.928571428571429,0.0
2021-11-03,12.1,17.1,7.6,0.0,20020.0,토마토,5kg,11,2,0,17970.0,0.0,-0.10239760239760243,10471.42857142857,12.685714285714285,0.0
2021-11-03,12.1,17.1,7.6,0.0,17970.0,토마토,5kg,11,2,0,20020.0,0.0,0.11407902058987207,13331.42857142857,12.442857142857145,0.0
2021-11-04,12.1,16.3,8.4,0.0,19990.0,토마토,5kg,11,3,0,17970.0,0.0,-0.10239760239760243,15898.57142857143,12.157142857142857,0.0
2021-11-04,12.1,16.3,8.4,0.0,17940.0,토마토,5kg,11,3,0,19990.0,18680.0,0.11240957150806907,18754.285714285714,12.042857142857143,0.0
2021-11-05,13.0,20.2,7.8,0.0,20490.0,토마토,5kg,11,4,0,17940.0,16630.0,-0.10255127563781896,18648.571428571428,12.057142857142855,0.0
2021-11-05,13.0,20.2,7.8,0.0,18440.0,토마토,5kg,11,4,0,20490.0,20020.0,0.14214046822742477,19200.0,12.27142857142857,0.0
2021-11-06,14.1,21.3,8.8,0.0,0.0,토마토,5kg,11,5,1,18440.0,17970.0,-0.10004880429477792,18974.285714285714,12.642857142857142,0.0
2021-11-06,14.1,21.3,8.8,0.0,0.0,토마토,5kg,11,5,1,0.0,20020.0,-1.0,16407.14285714286,12.928571428571429,0.0
2021-11-08,8.6,15.5,4.5,25.7,18440.0,토마토,5kg,11,0,0,20490.0,17940.0,inf,11051.42857142857,12.385714285714286,17.133333333333333
2021-11-09,4.9,6.5,3.0,2.0,19120.0,토마토,5kg,11,1,0,18440.0,20490.0,-0.10004880429477792,11122.857142857143,11.22857142857143,17.8
2021-11-09,4.9,6.5,3.0,2.0,17070.0,토마토,5kg,11,1,0,19120.0,18440.0,0.03687635574837311,10927.142857142857,10.071428571428571,9.9
2021-11-10,4.2,7.7,0.7,0.3,19120.0,토마토,5kg,11,2,0,17070.0,0.0,-0.10721757322175729,10731.42857142857,8.657142857142857,1.4333333333333333
2021-11-10,4.2,7.7,0.7,0.3,17070.0,토마토,5kg,11,2,0,19120.0,0.0,0.12009373169302862,13462.857142857143,7.242857142857143,0.8666666666666667
2021-11-11,5.3,9.7,2.1,0.0,19120.0,토마토,5kg,11,3,0,17070.0,0.0,-0.10721757322175729,15901.42857142857,5.814285714285714,0.19999999999999998
2021-11-11,5.3,9.7,2.1,0.0,17070.0,토마토,5kg,11,3,0,19120.0,20490.0,0.12009373169302862,18632.85714285714,5.3428571428571425,0.09999999999999999
2021-11-12,4.5,8.6,1.3,0.0,19290.0,토마토,5kg,11,4,0,17070.0,18440.0,-0.10721757322175729,18144.285714285714,4.757142857142858,0.0
2021-11-12,4.5,8.6,1.3,0.0,17240.0,토마토,5kg,11,4,0,19290.0,19120.0,0.1300527240773286,18265.714285714286,4.7,0.0
2021-11-13,7.3,13.4,0.5,0.0,0.0,토마토,5kg,11,5,1,17240.0,17070.0,-0.1062726801451529,17997.14285714286,5.042857142857144,0.0
2021-11-13,7.3,13.4,0.5,0.0,0.0,토마토,5kg,11,5,1,0.0,19120.0,-1.0,15558.57142857143,5.485714285714286,0.0
2021-11-15,10.1,15.7,5.8,0.0,18090.0,토마토,5kg,11,0,0,20140.0,17070.0,inf,10534.285714285714,7.871428571428572,0.0
2021-11-16,8.5,13.6,4.4,0.0,19070.0,토마토,5kg,11,1,0,18090.0,19290.0,-0.10178748758689171,10680.0,8.442857142857143,0.0
2021-11-16,8.5,13.6,4.4,0.0,17120.0,토마토,5kg,11,1,0,19070.0,17240.0,0.05417357656163624,10648.57142857143,9.014285714285714,0.0
2021-11-17,7.5,12.5,2.7,0.0,19070.0,토마토,5kg,11,2,0,17120.0,0.0,-0.10225485055060302,10631.42857142857,9.042857142857143,0.0
2021-11-17,7.5,12.5,2.7,0.0,17120.0,토마토,5kg,11,2,0,19070.0,0.0,0.11390186915887845,13355.714285714286,9.071428571428571,0.0
2021-11-18,11.9,16.2,7.7,0.0,19070.0,토마토,5kg,11,3,0,17120.0,0.0,-0.10225485055060302,15801.42857142857,9.157142857142858,0.0
2021-11-18,11.9,16.2,7.7,0.0,17120.0,토마토,5kg,11,3,0,19070.0,20140.0,0.11390186915887845,18525.714285714286,9.414285714285715,0.0
2021-11-19,12.9,16.7,10.2,0.0,19070.0,토마토,5kg,11,4,0,17120.0,18090.0,-0.10225485055060302,18094.285714285714,9.814285714285715,0.0
2021-11-19,12.9,16.7,10.2,0.0,17120.0,토마토,5kg,11,4,0,19070.0,19070.0,0.11390186915887845,18234.285714285714,10.442857142857141,0.0
2021-11-20,10.4,15.6,6.8,0.0,0.0,토마토,5kg,11,5,1,17120.0,17120.0,-0.10225485055060302,17955.714285714286,10.714285714285714,0.0
2021-11-20,10.4,15.6,6.8,0.0,0.0,토마토,5kg,11,5,1,0.0,19070.0,-1.0,15510.0,11.12857142857143,0.0
2021-11-22,2.7,7.5,-0.6,1.3,16520.0,토마토,5kg,11,0,0,18470.0,17120.0,inf,10254.285714285714,8.914285714285715,2.8333333333333335
2021-11-23,-0.6,2.3,-3.7,0.0,18470.0,토마토,5kg,11,1,0,16520.0,19070.0,-0.10557661072008662,10168.57142857143,6.985714285714286,0.8666666666666667
2021-11-23,-0.6,2.3,-3.7,0.0,16520.0,토마토,5kg,11,1,0,18470.0,17120.0,0.11803874092009692,10082.857142857143,5.057142857142857,0.43333333333333335
2021-11-24,4.1,9.1,-2.6,0.0,18200.0,토마토,5kg,11,2,0,16520.0,0.0,-0.10557661072008662,9997.142857142857,4.1571428571428575,0.0
2021-11-24,4.1,9.1,-2.6,0.0,16250.0,토마토,5kg,11,2,0,18200.0,0.0,0.10169491525423724,12597.142857142857,3.257142857142857,0.0
2021-11-25,5.7,9.9,2.6,0.0,18200.0,토마토,5kg,11,3,0,16250.0,0.0,-0.1071428571428571,14918.57142857143,2.585714285714286,0.0
2021-11-25,5.7,9.9,2.6,0.0,16250.0,토마토,5kg,11,3,0,18200.0,18470.0,0.1200000000000001,17518.571428571428,3.0142857142857147,0.0
2021-11-26,2.9,7.2,-0.5,0.0,18200.0,토마토,5kg,11,4,0,16250.0,16520.0,-0.1071428571428571,17201.428571428572,3.0428571428571423,0.0
2021-11-26,2.9,7.2,-0.5,0.0,16250.0,토마토,5kg,11,4,0,18200.0,18470.0,0.1200000000000001,17441.428571428572,3.5428571428571423,0.0
2021-11-27,3.4,10.1,-1.4,0.0,0.0,토마토,5kg,11,5,1,16250.0,16520.0,-0.1071428571428571,17124.285714285714,4.114285714285715,0.0
2021-11-27,3.4,10.1,-1.4,0.0,0.0,토마토,5kg,11,5,1,0.0,18200.0,-1.0,14764.285714285714,4.014285714285714,0.0
2021-11-29,7.6,13.7,2.5,0.0,16250.0,토마토,5kg,11,0,0,18200.0,16250.0,inf,9842.857142857143,4.7,0.0
2021-11-30,5.7,8.9,0.7,27.2,17130.0,토마토,5kg,11,1,0,16250.0,18200.0,-0.1071428571428571,9842.857142857143,5.1000000000000005,9.066666666666666
2021-11-30,5.7,8.9,0.7,27.2,15180.0,토마토,5kg,11,1,0,17130.0,16250.0,0.05415384615384622,9690.0,5.5,18.133333333333333
2021-12-01,-1.3,1.5,-3.0,0.0,17130.0,토마토,5kg,12,2,0,15180.0,0.0,-0.11383537653239928,9537.142857142857,4.828571428571429,18.133333333333333
2021-12-01,-1.3,1.5,-3.0,0.0,15180.0,토마토,5kg,12,2,0,17130.0,0.0,0.12845849802371534,11984.285714285714,4.1571428571428575,9.066666666666666
2021-12-02,1.3,5.0,-4.6,0.1,17130.0,토마토,5kg,12,3,0,15180.0,0.0,-0.11383537653239928,14152.857142857143,3.614285714285714,0.03333333333333333
2021-12-02,1.3,5.0,-4.6,0.1,15180.0,토마토,5kg,12,3,0,17130.0,18200.0,0.12845849802371534,16600.0,2.7142857142857144,0.06666666666666667
2021-12-03,1.9,4.6,-1.8,0.4,0.0,토마토,5kg,12,4,0,15180.0,16250.0,-0.11383537653239928,16168.57142857143,1.9,0.20000000000000004
2021-12-03,1.9,4.6,-1.8,0.4,0.0,토마토,5kg,12,4,0,0.0,17130.0,-1.0,13847.142857142857,1.3571428571428572,0.30000000000000004
2021-12-06,5.4,12.1,-0.7,0.0,14820.0,토마토,5kg,12,0,0,16770.0,17130.0,inf,7011.428571428572,2.8857142857142857,0.0
2021-12-07,6.8,13.3,2.6,0.0,16350.0,토마토,5kg,12,1,0,14820.0,15180.0,-0.11627906976744184,6681.428571428572,3.6714285714285713,0.0
2021-12-07,6.8,13.3,2.6,0.0,14400.0,토마토,5kg,12,1,0,16350.0,0.0,0.10323886639676116,6848.571428571428,4.371428571428572,0.0
2021-12-08,6.7,13.3,1.9,0.0,16350.0,토마토,5kg,12,2,0,14400.0,0.0,-0.11926605504587151,8905.714285714286,5.057142857142858,0.0
2021-12-08,6.7,13.3,1.9,0.0,14400.0,토마토,5kg,12,2,0,16350.0,0.0,0.13541666666666674,11241.42857142857,5.814285714285715,0.0
2021-12-09,6.5,9.7,2.7,0.0,16800.0,토마토,5kg,12,3,0,14400.0,0.0,-0.11926605504587151,13298.57142857143,6.328571428571428,0.0
2021-12-09,6.5,9.7,2.7,0.0,14850.0,토마토,5kg,12,3,0,16800.0,16770.0,0.16666666666666674,15698.57142857143,6.485714285714286,0.0
2021-12-10,7.0,8.2,5.8,0.7,16800.0,토마토,5kg,12,4,0,14850.0,14820.0,-0.1160714285714286,15424.285714285714,6.714285714285714,0.2333333333333333
2021-12-10,7.0,8.2,5.8,0.7,14850.0,토마토,5kg,12,4,0,16800.0,16350.0,0.13131313131313127,15707.142857142857,6.742857142857143,0.4666666666666666
2021-12-11,6.0,9.8,4.4,0.0,0.0,토마토,5kg,12,5,1,14850.0,14400.0,-0.1160714285714286,15492.857142857143,6.628571428571428,0.4666666666666666
2021-12-11,6.0,9.8,4.4,0.0,0.0,토마토,5kg,12,5,1,0.0,16350.0,-1.0,13435.714285714286,6.528571428571429,0.2333333333333333
2021-12-13,-2.2,1.9,-5.9,0.0,15050.0,토마토,5kg,12,0,0,17000.0,14850.0,inf,9071.42857142857,3.257142857142857,0.0
2021-12-14,3.7,8.2,-0.7,1.2,17100.0,토마토,5kg,12,1,0,15050.0,16800.0,-0.11470588235294121,9100.0,2.7857142857142856,0.39999999999999997
2021-12-14,3.7,8.2,-0.7,1.2,15150.0,토마토,5kg,12,1,0,17100.0,14850.0,0.1362126245847175,9142.857142857143,2.3142857142857145,0.7999999999999999
2021-12-15,7.2,10.0,5.4,2.1,16600.0,토마토,5kg,12,2,0,15150.0,0.0,-0.11403508771929827,9185.714285714286,2.485714285714286,1.5
2021-12-15,7.2,10.0,5.4,2.1,14650.0,토마토,5kg,12,2,0,16600.0,0.0,0.09570957095709565,11557.142857142857,2.6571428571428575,1.8
2021-12-16,6.4,9.8,3.3,0.0,18040.0,토마토,5kg,12,3,0,14650.0,0.0,-0.1174698795180723,13650.0,3.400000000000001,1.4000000000000004
2021-12-16,6.4,9.8,3.3,0.0,16090.0,토마토,5kg,12,3,0,18040.0,17000.0,0.23139931740614328,16227.142857142857,4.628571428571429,0.7000000000000001
2021-12-17,-5.6,3.2,-10.1,0.0,18040.0,토마토,5kg,12,4,0,16090.0,15050.0,-0.10809312638580926,16097.142857142857,4.142857142857144,0.0
2021-12-17,-5.6,3.2,-10.1,0.0,16090.0,토마토,5kg,12,4,0,18040.0,17100.0,0.1211932877563704,16524.285714285714,2.8142857142857145,0.0
2021-12-18,-5.7,-1.8,-11.2,2.8,0.0,토마토,5kg,12,5,1,16090.0,15150.0,-0.10809312638580926,16380.0,1.4714285714285715,0.9333333333333332
2021-12-18,-5.7,-1.8,-11.2,2.8,0.0,토마토,5kg,12,5,1,0.0,16600.0,-1.0,14215.714285714286,-0.3714285714285713,1.8666666666666665
2021-12-20,5.2,11.1,-0.9,0.0,17050.0,토마토,5kg,12,0,0,19000.0,16090.0,inf,9888.57142857143,-1.8571428571428572,0.06666666666666667
2021-12-21,5.2,8.9,0.8,0.0,19000.0,토마토,5kg,12,1,0,17050.0,18040.0,-0.10263157894736841,10025.714285714286,-0.31428571428571417,0.0
2021-12-21,5.2,8.9,0.8,0.0,17050.0,토마토,5kg,12,1,0,19000.0,16090.0,0.11436950146627556,10162.857142857143,1.2285714285714289,0.0
2021-12-22,2.2,8.2,-2.6,0.0,18770.0,토마토,5kg,12,2,0,17050.0,0.0,-0.10263157894736841,10300.0,2.357142857142857,0.0
2021-12-22,2.2,8.2,-2.6,0.0,16820.0,토마토,5kg,12,2,0,18770.0,0.0,0.10087976539589438,12981.42857142857,3.485714285714286,0.0
2021-12-23,2.7,8.3,-1.5,0.0,18670.0,토마토,5kg,12,3,0,16820.0,0.0,-0.10388918486947252,15384.285714285714,3.9857142857142853,0.0
2021-12-23,2.7,8.3,-1.5,0.0,16720.0,토마토,5kg,12,3,0,18670.0,19000.0,0.10998810939357906,18051.428571428572,3.628571428571429,0.0
2021-12-24,-0.3,3.2,-7.3,0.2,19270.0,토마토,5kg,12,4,0,16720.0,17050.0,-0.10444563470808788,17725.714285714286,2.842857142857143,0.06666666666666667
2021-12-24,-0.3,3.2,-7.3,0.2,17220.0,토마토,5kg,12,4,0,19270.0,19000.0,0.15251196172248793,18042.85714285714,2.0571428571428574,0.13333333333333333
2021-12-25,-11.7,-7.3,-14.4,0.0,0.0,토마토,5kg,12,5,1,17220.0,17050.0,-0.1063829787234043,17788.571428571428,-0.35714285714285715,0.13333333333333333
2021-12-25,-11.7,-7.3,-14.4,0.0,0.0,토마토,5kg,12,5,1,0.0,18770.0,-1.0,15352.857142857143,-2.3428571428571425,0.06666666666666667
2021-12-27,-7.6,-3.9,-12.9,0.0,17650.0,토마토,5kg,12,0,0,19500.0,16720.0,inf,10387.142857142857,-7.328571428571428,0.0
2021-12-28,-4.1,-0.9,-8.5,0.0,18820.0,토마토,5kg,12,1,0,17650.0,19270.0,-0.09487179487179487,10520.0,-7.871428571428571,0.0
2021-12-28,-4.1,-0.9,-8.5,0.0,16970.0,토마토,5kg,12,1,0,18820.0,17220.0,0.06628895184135986,10455.714285714286,-8.414285714285715,0.0
2021-12-29,0.4,5.9,-3.8,0.2,19190.0,토마토,5kg,12,2,0,16970.0,0.0,-0.09829968119022314,10420.0,-6.685714285714285,0.06666666666666667
2021-12-29,0.4,5.9,-3.8,0.2,17340.0,토마토,5kg,12,2,0,19190.0,0.0,0.13081909251620516,13161.42857142857,-4.957142857142856,0.13333333333333333
2021-12-30,-3.9,0.2,-6.8,0.0,19190.0,토마토,5kg,12,3,0,17340.0,0.0,-0.0964043772798332,15638.57142857143,-3.7857142857142856,0.13333333333333333
2021-12-30,-3.9,0.2,-6.8,0.0,17340.0,토마토,5kg,12,3,0,19190.0,19500.0,0.10668973471741627,18380.0,-3.2571428571428567,0.06666666666666667
2021-12-31,-6.7,-3.9,-8.8,0.0,19770.0,토마토,5kg,12,4,0,17340.0,17650.0,-0.0964043772798332,18071.428571428572,-3.1285714285714286,0.0
2021-12-31,-6.7,-3.9,-8.8,0.0,17920.0,토마토,5kg,12,4,0,19770.0,18820.0,0.1401384083044983,18374.285714285714,-3.4999999999999996,0.0
2022-01-01,-4.3,2.3,-10.2,0.0,0.0,토마토,5kg,1,5,1,17920.0,16970.0,-0.09357612544258975,18245.714285714286,-3.5285714285714285,0.0
2022-01-01,-4.3,2.3,-10.2,0.0,0.0,토마토,5kg,1,5,1,0.0,19190.0,-1.0,15821.42857142857,-4.2,0.0
2022-01-03,-1.9,2.5,-8.0,0.0,20750.0,토마토,5kg,1,0,0,22700.0,17340.0,inf,11104.285714285714,-3.871428571428571,0.09999999999999999
2022-01-04,-2.5,1.0,-5.6,0.0,22600.0,토마토,5kg,1,1,0,20750.0,19770.0,-0.08590308370044053,11591.42857142857,-3.2714285714285714,0.0
2022-01-04,-2.5,1.0,-5.6,0.0,20650.0,토마토,5kg,1,1,0,22600.0,17920.0,0.08915662650602418,11995.714285714286,-2.6714285714285713,0.0
2022-01-05,-2.8,1.9,-7.8,0.0,22600.0,토마토,5kg,1,2,0,20650.0,0.0,-0.08628318584070793,12385.714285714286,-2.457142857142857,0.0
2022-01-05,-2.8,1.9,-7.8,0.0,20650.0,토마토,5kg,1,2,0,22600.0,0.0,0.09443099273607758,15614.285714285714,-2.242857142857143,0.0
2022-01-06,-2.2,3.3,-5.9,0.0,21630.0,토마토,5kg,1,3,0,20650.0,0.0,-0.08628318584070793,18564.285714285714,-2.3714285714285714,0.0
2022-01-06,-2.2,3.3,-5.9,0.0,19680.0,토마토,5kg,1,3,0,21630.0,22700.0,0.047457627118643986,21654.285714285714,-2.414285714285714,0.0
2022-01-07,-1.6,4.5,-5.9,0.0,21250.0,토마토,5kg,1,4,0,19680.0,20750.0,-0.09015256588072118,21222.85714285714,-2.371428571428571,0.0
2022-01-07,-1.6,4.5,-5.9,0.0,19300.0,토마토,5kg,1,4,0,21250.0,22600.0,0.0797764227642277,21294.285714285714,-2.242857142857143,0.0
2022-01-08,0.3,3.7,-5.0,0.0,0.0,토마토,5kg,1,5,1,19300.0,20650.0,-0.09176470588235297,20822.85714285714,-1.8428571428571427,0.0
2022-01-08,0.3,3.7,-5.0,0.0,0.0,토마토,5kg,1,5,1,0.0,22600.0,-1.0,17872.85714285714,-1.4000000000000001,0.0
2022-01-10,0.5,4.4,-3.4,0.9,18850.0,토마토,5kg,1,0,0,20800.0,19680.0,inf,11575.714285714286,-0.04285714285714289,0.6
2022-01-11,-7.4,0.3,-10.3,0.2,20340.0,토마토,5kg,1,1,0,18850.0,21250.0,-0.09375,11457.142857142857,-0.8714285714285716,0.6666666666666666
2022-01-11,-7.4,0.3,-10.3,0.2,18390.0,토마토,5kg,1,1,0,20340.0,19300.0,0.07904509283819627,11327.142857142857,-1.7,0.4333333333333334
2022-01-12,-7.7,-3.4,-11.3,0.0,20520.0,토마토,5kg,1,2,0,18390.0,0.0,-0.09587020648967548,11197.142857142857,-2.842857142857143,0.13333333333333333
2022-01-12,-7.7,-3.4,-11.3,0.0,18570.0,토마토,5kg,1,2,0,20520.0,0.0,0.11582381729200653,14128.57142857143,-3.985714285714286,0.06666666666666667
2022-01-13,-6.4,-3.1,-8.9,0.0,20520.0,토마토,5kg,1,3,0,18570.0,0.0,-0.09502923976608191,16781.428571428572,-5.085714285714286,0.0
2022-01-13,-6.4,-3.1,-8.9,0.0,17870.0,토마토,5kg,1,3,0,20520.0,20800.0,0.10500807754442643,19712.85714285714,-6.071428571428571,0.0
2022-01-14,-4.8,1.3,-10.1,0.0,20900.0,토마토,5kg,1,4,0,17870.0,18850.0,-0.12914230019493178,19294.285714285714,-6.828571428571429,0.0
2022-01-14,-4.8,1.3,-10.1,0.0,18380.0,토마토,5kg,1,4,0,20900.0,20340.0,0.16955791829882494,19587.14285714286,-6.457142857142857,0.0
2022-01-15,-1.0,1.8,-5.3,0.0,0.0,토마토,5kg,1,5,1,18380.0,18390.0,-0.12057416267942589,19307.14285714286,-5.542857142857143,0.0
2022-01-15,-1.0,1.8,-5.3,0.0,0.0,토마토,5kg,1,5,1,0.0,20520.0,-1.0,16680.0,-4.585714285714286,0.0
2022-01-17,-5.8,0.1,-9.2,0.5,18950.0,토마토,5kg,1,0,0,20900.0,17870.0,inf,11150.0,-3.6,0.3333333333333333
2022-01-18,-5.6,-0.7,-9.9,0.0,20900.0,토마토,5kg,1,1,0,18950.0,20900.0,-0.09330143540669855,11304.285714285714,-3.7142857142857144,0.3333333333333333
2022-01-18,-5.6,-0.7,-9.9,0.0,18950.0,토마토,5kg,1,1,0,20900.0,18380.0,0.1029023746701847,11304.285714285714,-3.8285714285714287,0.16666666666666666
2022-01-19,-5.3,-2.7,-7.7,1.7,20900.0,토마토,5kg,1,2,0,18950.0,0.0,-0.09330143540669855,11385.714285714286,-4.442857142857142,0.5666666666666667
2022-01-19,-5.3,-2.7,-7.7,1.7,18950.0,토마토,5kg,1,2,0,20900.0,0.0,0.1029023746701847,14371.42857142857,-5.057142857142857,1.1333333333333333
2022-01-20,-5.0,0.9,-9.8,0.0,21280.0,토마토,5kg,1,3,0,18950.0,0.0,-0.09330143540669855,17078.571428571428,-5.485714285714286,1.1333333333333333
2022-01-20,-5.0,0.9,-9.8,0.0,19230.0,토마토,5kg,1,3,0,21280.0,20900.0,0.1229551451187334,20118.571428571428,-5.371428571428571,0.5666666666666667
2022-01-21,-2.7,4.6,-8.7,0.0,21280.0,토마토,5kg,1,4,0,19230.0,18950.0,-0.09633458646616544,19880.0,-4.928571428571429,0.0
2022-01-21,-2.7,4.6,-8.7,0.0,19230.0,토마토,5kg,1,4,0,21280.0,20900.0,0.1066042641705669,20212.85714285714,-4.514285714285714,0.0
2022-01-22,0.3,7.1,-5.0,0.0,0.0,토마토,5kg,1,5,1,19230.0,18950.0,-0.09633458646616544,19974.285714285714,-3.6714285714285713,0.0
2022-01-22,0.3,7.1,-5.0,0.0,0.0,토마토,5kg,1,5,1,0.0,20900.0,-1.0,17267.14285714286,-2.871428571428571,0.0
2022-01-24,4.6,8.4,1.3,0.0,17980.0,토마토,5kg,1,0,0,20030.0,19230.0,inf,11395.714285714286,0.914285714285714,0.0
2022-01-25,2.8,4.5,1.9,0.7,20030.0,토마토,5kg,1,1,0,17980.0,21280.0,-0.1023464802795806,11217.142857142857,1.6999999999999997,0.2333333333333333
2022-01-25,2.8,4.5,1.9,0.7,17980.0,토마토,5kg,1,1,0,20030.0,19230.0,0.11401557285873198,11038.57142857143,2.4857142857142853,0.4666666666666666
2022-01-26,1.3,6.8,-1.9,0.0,20450.0,토마토,5kg,1,2,0,17980.0,0.0,-0.1023464802795806,10860.0,2.6285714285714286,0.4666666666666666
2022-01-26,1.3,6.8,-1.9,0.0,18400.0,토마토,5kg,1,2,0,20450.0,0.0,0.13737486095661855,13781.42857142857,2.7714285714285714,0.2333333333333333
2022-01-27,-1.1,4.0,-4.6,0.0,20450.0,토마토,5kg,1,3,0,18400.0,0.0,-0.10024449877750607,16410.0,2.3285714285714283,0.0
2022-01-27,-1.1,4.0,-4.6,0.0,18400.0,토마토,5kg,1,3,0,20450.0,20030.0,0.11141304347826098,19331.428571428572,1.5142857142857142,0.0
2022-01-28,-2.7,2.1,-5.9,0.0,20830.0,토마토,5kg,1,4,0,18400.0,17980.0,-0.10024449877750607,19098.571428571428,0.47142857142857136,0.0
2022-01-28,-2.7,2.1,-5.9,0.0,18780.0,토마토,5kg,1,4,0,20830.0,20030.0,0.1320652173913044,19505.714285714286,-0.3142857142857144,0.0
2022-01-29,-3.6,0.9,-7.2,0.0,0.0,토마토,5kg,1,5,1,18780.0,17980.0,-0.09841574651944307,19327.14285714286,-1.2285714285714284,0.0
2022-01-29,-3.6,0.9,-7.2,0.0,0.0,토마토,5kg,1,5,1,0.0,20450.0,-1.0,16758.571428571428,-1.9285714285714286,0.0
2022-02-03,-3.4,0.4,-6.9,0.0,18780.0,토마토,5kg,2,3,0,20830.0,0.0,inf,2975.714285714286,-2.414285714285714,0.0
2022-02-04,-5.2,-0.7,-8.2,0.0,19480.0,토마토,5kg,2,4,0,18780.0,0.0,-0.09841574651944307,5658.571428571428,-3.0571428571428574,0.0
2022-02-04,-5.2,-0.7,-8.2,0.0,17430.0,토마토,5kg,2,4,0,19480.0,0.0,0.03727369542066028,8441.42857142857,-3.6142857142857143,0.0
2022-02-05,-6.6,-2.0,-9.7,0.0,0.0,토마토,5kg,2,5,1,17430.0,0.0,-0.10523613963039014,10931.42857142857,-4.371428571428572,0.0
2022-02-05,-6.6,-2.0,-9.7,0.0,0.0,토마토,5kg,2,5,1,0.0,0.0,-1.0,10931.42857142857,-4.828571428571428,0.0
2022-02-07,-2.5,1.9,-7.3,0.0,17510.0,토마토,5kg,2,0,0,19560.0,18780.0,inf,10750.0,-4.642857142857143,0.0
2022-02-08,-0.1,5.6,-4.1,0.0,18660.0,토마토,5kg,2,1,0,17510.0,19480.0,-0.10480572597137017,10568.57142857143,-3.914285714285714,0.0
2022-02-08,-0.1,5.6,-4.1,0.0,16610.0,토마토,5kg,2,1,0,18660.0,17430.0,0.06567675613934898,10451.42857142857,-3.185714285714286,0.0
2022-02-09,1.0,7.2,-4.3,0.0,18530.0,토마토,5kg,2,2,0,16610.0,0.0,-0.109860664523044,10334.285714285714,-2.1,0.0
2022-02-09,1.0,7.2,-4.3,0.0,16480.0,토마토,5kg,2,2,0,18530.0,0.0,0.11559301625526786,12981.42857142857,-1.0142857142857142,0.0
2022-02-10,1.4,6.7,-3.2,0.0,18490.0,토마토,5kg,2,3,0,16480.0,0.0,-0.11063140852671349,15335.714285714286,-0.2571428571428572,0.0
2022-02-10,1.4,6.7,-3.2,0.0,16440.0,토마토,5kg,2,3,0,18490.0,19560.0,0.12196601941747565,17977.14285714286,0.29999999999999993,0.0
2022-02-11,2.9,8.8,-2.6,0.0,18670.0,토마토,5kg,2,4,0,16440.0,17510.0,-0.1108707409410492,17531.428571428572,1.0714285714285714,0.0
2022-02-11,2.9,8.8,-2.6,0.0,16620.0,토마토,5kg,2,4,0,18670.0,18660.0,0.13564476885644772,17697.14285714286,1.5,0.0
2022-02-12,4.8,10.4,-0.1,0.0,0.0,토마토,5kg,2,5,1,16620.0,16610.0,-0.10980182110337444,17405.714285714286,2.1999999999999997,0.0
2022-02-12,4.8,10.4,-0.1,0.0,0.0,토마토,5kg,2,5,1,0.0,18530.0,-1.0,15032.857142857143,2.742857142857143,0.0
2022-02-14,2.5,8.1,-1.3,1.7,17220.0,토마토,5kg,2,0,0,19270.0,16440.0,inf,10142.857142857143,3.599999999999999,1.1333333333333333
2022-02-15,-4.7,-1.3,-7.7,0.0,19440.0,토마토,5kg,2,1,0,17220.0,18670.0,-0.1063829787234043,10254.285714285714,2.514285714285714,1.1333333333333333
2022-02-15,-4.7,-1.3,-7.7,0.0,17390.0,토마토,5kg,2,1,0,19440.0,16620.0,0.12891986062717775,10364.285714285714,1.4285714285714284,0.5666666666666667
2022-02-16,-7.3,-4.1,-9.6,0.0,19820.0,토마토,5kg,2,2,0,17390.0,0.0,-0.10545267489711929,10474.285714285714,-0.3000000000000001,0.0
2022-02-16,-7.3,-4.1,-9.6,0.0,17770.0,토마토,5kg,2,2,0,19820.0,0.0,0.139735480161012,13305.714285714286,-2.0285714285714285,0.0
2022-02-17,-6.2,-0.5,-10.7,0.0,19620.0,토마토,5kg,2,3,0,17770.0,0.0,-0.10343087790110994,15844.285714285714,-3.6000000000000005,0.0
2022-02-17,-6.2,-0.5,-10.7,0.0,17570.0,토마토,5kg,2,3,0,19620.0,19270.0,0.10410804727068101,18647.14285714286,-4.8428571428571425,0.0
2022-02-18,-1.2,5.7,-8.0,0.0,19620.0,토마토,5kg,2,4,0,17570.0,17220.0,-0.10448521916411824,18404.285714285714,-5.371428571428572,0.0
2022-02-18,-1.2,5.7,-8.0,0.0,17570.0,토마토,5kg,2,4,0,19620.0,19440.0,0.11667615253272623,18747.14285714286,-4.871428571428572,0.0
2022-02-19,-1.7,3.7,-6.2,0.1,0.0,토마토,5kg,2,5,1,17570.0,17390.0,-0.10448521916411824,18480.0,-4.442857142857142,0.03333333333333333
2022-02-19,-1.7,3.7,-6.2,0.1,0.0,토마토,5kg,2,5,1,0.0,19820.0,-1.0,15995.714285714286,-3.642857142857143,0.06666666666666667
2022-02-21,-3.0,3.6,-8.1,0.1,17770.0,토마토,5kg,2,0,0,19820.0,17570.0,inf,10654.285714285714,-2.371428571428571,0.06666666666666667
2022-02-22,-4.5,0.5,-8.0,0.0,19620.0,토마토,5kg,2,1,0,17770.0,19620.0,-0.10343087790110994,10682.857142857143,-2.8428571428571425,0.06666666666666667
2022-02-22,-4.5,0.5,-8.0,0.0,17570.0,토마토,5kg,2,1,0,19620.0,17570.0,0.10410804727068101,10682.857142857143,-3.314285714285714,0.03333333333333333
2022-02-23,-5.6,-0.6,-10.0,0.0,19800.0,토마토,5kg,2,2,0,17570.0,0.0,-0.10448521916411824,10682.857142857143,-3.8714285714285714,0.0
2022-02-23,-5.6,-0.6,-10.0,0.0,17750.0,토마토,5kg,2,2,0,19800.0,0.0,0.12692088787706313,13511.42857142857,-4.428571428571428,0.0
2022-02-24,-2.4,3.7,-8.5,0.0,20200.0,토마토,5kg,2,3,0,17750.0,0.0,-0.10353535353535348,16047.142857142857,-4.085714285714286,0.0
2022-02-24,-2.4,3.7,-8.5,0.0,18150.0,토마토,5kg,2,3,0,20200.0,19820.0,0.13802816901408455,18932.85714285714,-4.0,0.0
2022-02-25,3.0,8.4,-3.6,0.0,19630.0,토마토,5kg,2,4,0,18150.0,17770.0,-0.10148514851485146,18694.285714285714,-3.142857142857143,0.0
2022-02-25,3.0,8.4,-3.6,0.0,17580.0,토마토,5kg,2,4,0,19630.0,19620.0,0.08154269972451789,18960.0,-2.0714285714285716,0.0
2022-02-26,5.4,9.3,1.0,1.1,0.0,토마토,5kg,2,5,1,17580.0,17570.0,-0.10443199184921037,18668.571428571428,-0.6571428571428571,0.3666666666666667
2022-02-26,5.4,9.3,1.0,1.1,0.0,토마토,5kg,2,5,1,0.0,19800.0,-1.0,16158.57142857143,0.9142857142857145,0.7333333333333334
2022-02-28,6.8,11.5,2.7,0.0,17580.0,토마토,5kg,2,0,0,19630.0,18150.0,inf,10712.857142857143,4.871428571428572,0.0
2022-03-01,5.8,9.7,0.3,2.3,0.0,토마토,5kg,3,1,0,17580.0,19630.0,-0.10443199184921037,10631.42857142857,5.271428571428571,0.7666666666666666
2022-03-01,5.8,9.7,0.3,2.3,0.0,토마토,5kg,3,1,0,0.0,17580.0,-1.0,7827.142857142857,5.671428571428572,1.5333333333333332
2022-03-02,3.5,8.8,-2.3,0.0,17840.0,토마토,5kg,3,2,0,19890.0,0.0,inf,8157.142857142857,5.128571428571429,0.7666666666666666
2022-03-03,5.8,12.4,0.9,0.0,19890.0,토마토,5kg,3,3,0,17840.0,0.0,-0.10306686777275009,10705.714285714286,5.428571428571429,0.0
2022-03-03,5.8,12.4,0.9,0.0,17840.0,토마토,5kg,3,3,0,19890.0,19630.0,0.1149103139013452,13547.142857142857,5.285714285714286,0.0
2022-03-04,6.9,14.6,0.6,0.0,19890.0,토마토,5kg,3,4,0,17840.0,17580.0,-0.10306686777275009,13291.42857142857,5.3,0.0
2022-03-04,6.9,14.6,0.6,0.0,17840.0,토마토,5kg,3,4,0,19890.0,0.0,0.1149103139013452,13621.42857142857,5.457142857142857,0.0
2022-03-05,2.3,6.7,-0.7,0.0,0.0,토마토,5kg,3,5,1,17840.0,0.0,-0.10306686777275009,16170.0,4.957142857142856,0.0
2022-03-05,2.3,6.7,-0.7,0.0,0.0,토마토,5kg,3,5,1,0.0,19890.0,-1.0,16170.0,4.785714285714286,0.0
2022-03-07,2.8,8.7,-2.7,0.0,17450.0,토마토,5kg,3,0,0,19450.0,17840.0,inf,10717.142857142857,3.6285714285714286,0.0
2022-03-08,6.0,12.3,1.1,0.0,18000.0,토마토,5kg,3,1,0,17450.0,19890.0,-0.10282776349614398,10661.42857142857,3.5,0.0
2022-03-08,6.0,12.3,1.1,0.0,16000.0,토마토,5kg,3,1,0,18000.0,17840.0,0.03151862464183375,10391.42857142857,3.371428571428571,0.0
2022-03-09,7.1,14.8,1.7,0.0,0.0,토마토,5kg,3,2,0,16000.0,0.0,-0.11111111111111116,10128.57142857143,4.057142857142857,0.0
2022-03-09,7.1,14.8,1.7,0.0,0.0,토마토,5kg,3,2,0,0.0,0.0,-1.0,10128.57142857143,4.742857142857143,0.0
2022-03-10,9.3,15.8,4.2,0.0,16260.0,토마토,5kg,3,3,0,18360.0,19450.0,inf,12751.42857142857,6.8,0.0
2022-03-11,11.2,18.4,5.1,0.0,18360.0,토마토,5kg,3,4,0,16260.0,17450.0,-0.1143790849673203,12295.714285714286,8.0,0.0
2022-03-11,11.2,18.4,5.1,0.0,16260.0,토마토,5kg,3,4,0,18360.0,18000.0,0.12915129151291516,12425.714285714286,8.742857142857142,0.0
2022-03-12,12.8,19.5,6.3,2.6,0.0,토마토,5kg,3,5,1,16260.0,16000.0,-0.1143790849673203,12177.142857142857,9.714285714285714,0.8666666666666667
2022-03-12,12.8,19.5,6.3,2.6,0.0,토마토,5kg,3,5,1,0.0,0.0,-1.0,9891.42857142857,10.528571428571428,1.7333333333333334
2022-03-14,8.2,13.2,4.9,8.7,15700.0,토마토,5kg,3,0,0,17800.0,16260.0,inf,9811.42857142857,10.87142857142857,19.833333333333332
2022-03-15,7.2,13.3,2.3,0.0,17700.0,토마토,5kg,3,1,0,15700.0,18360.0,-0.1179775280898876,9731.42857142857,10.299999999999999,5.8
2022-03-15,7.2,13.3,2.3,0.0,15600.0,토마토,5kg,3,1,0,17700.0,16260.0,0.1273885350318471,9637.142857142857,9.728571428571428,2.9
2022-03-16,10.3,16.8,3.6,0.0,17670.0,토마토,5kg,3,2,0,15600.0,0.0,-0.11864406779661019,9542.857142857143,9.371428571428572,0.0
2022-03-16,10.3,16.8,3.6,0.0,15570.0,토마토,5kg,3,2,0,17670.0,0.0,0.13269230769230766,12067.142857142857,9.014285714285714,0.0
2022-03-17,10.7,15.1,7.8,1.2,18470.0,토마토,5kg,3,3,0,15570.0,0.0,-0.11884550084889645,14291.42857142857,8.871428571428572,0.39999999999999997
2022-03-17,10.7,15.1,7.8,1.2,16370.0,토마토,5kg,3,3,0,18470.0,17800.0,0.1862556197816314,16930.0,9.228571428571428,0.7999999999999999
2022-03-18,7.5,9.6,5.5,0.0,18240.0,토마토,5kg,3,4,0,16370.0,15700.0,-0.11369788846778561,16725.714285714286,9.128571428571428,0.7999999999999999
2022-03-18,7.5,9.6,5.5,0.0,16140.0,토마토,5kg,3,4,0,18240.0,17700.0,0.11423335369578491,17088.571428571428,9.171428571428573,0.39999999999999997
2022-03-19,3.4,6.1,0.9,14.6,16140.0,토마토,5kg,3,5,1,16140.0,15600.0,-0.11513157894736847,16865.714285714286,8.628571428571428,4.866666666666666
2022-03-20,5.4,9.3,2.2,0.0,16140.0,토마토,5kg,3,6,1,16140.0,17670.0,0.0,16942.85714285714,7.928571428571429,4.866666666666666
2022-03-21,5.0,10.9,-0.3,0.0,18220.0,토마토,5kg,3,0,0,16140.0,15570.0,0.0,16724.285714285714,7.171428571428571,4.866666666666666
2022-03-21,5.0,10.9,-0.3,0.0,16120.0,토마토,5kg,3,0,0,18220.0,18470.0,0.12887236679058245,17102.85714285714,6.357142857142857,0.0
2022-03-22,7.1,13.6,1.1,0.0,18220.0,토마토,5kg,3,1,0,16120.0,16370.0,-0.115257958287596,16767.14285714286,5.8428571428571425,0.0
2022-03-22,7.1,13.6,1.1,0.0,16120.0,토마토,5kg,3,1,0,18220.0,18240.0,0.13027295285359797,17031.428571428572,5.785714285714286,0.0
2022-03-23,6.2,8.2,4.9,0.0,18220.0,토마토,5kg,3,2,0,16120.0,16140.0,-0.115257958287596,16728.571428571428,5.6,0.0
2022-03-23,6.2,8.2,4.9,0.0,16120.0,토마토,5kg,3,2,0,18220.0,16140.0,0.13027295285359797,17025.714285714286,6.0,0.0
2022-03-24,8.2,12.4,3.9,0.0,18320.0,토마토,5kg,3,3,0,16120.0,16140.0,-0.115257958287596,17022.85714285714,6.3999999999999995,0.0
2022-03-24,8.2,12.4,3.9,0.0,16220.0,토마토,5kg,3,3,0,18320.0,18220.0,0.1364764267990075,17334.285714285714,6.857142857142857,0.0
2022-03-25,12.0,17.2,6.3,10.9,18320.0,토마토,5kg,3,4,0,16220.0,16120.0,-0.11462882096069871,17048.571428571428,7.857142857142857,3.6333333333333333
2022-03-25,12.0,17.2,6.3,10.9,16220.0,토마토,5kg,3,4,0,18320.0,18220.0,0.12946979038224415,17362.85714285714,8.557142857142857,7.266666666666667
2022-03-26,11.8,14.7,9.5,19.8,0.0,토마토,5kg,3,5,1,16220.0,16120.0,-0.11462882096069871,17077.14285714286,9.228571428571428,13.866666666666667
2022-03-26,11.8,14.7,9.5,19.8,0.0,토마토,5kg,3,5,1,0.0,18220.0,-1.0,14774.285714285714,10.028571428571428,16.833333333333332
2022-03-28,8.2,15.1,1.5,0.0,16100.0,토마토,5kg,3,0,0,18200.0,16220.0,inf,9851.42857142857,10.299999999999999,0.0
2022-03-29,9.7,15.6,3.3,0.0,18200.0,토마토,5kg,3,1,0,16100.0,18320.0,-0.11538461538461542,9834.285714285714,9.971428571428572,0.0
2022-03-29,9.7,15.6,3.3,0.0,16100.0,토마토,5kg,3,1,0,18200.0,16220.0,0.13043478260869557,9817.142857142857,9.642857142857142,0.0
2022-03-30,10.8,15.7,5.9,0.4,17720.0,토마토,5kg,3,2,0,16100.0,0.0,-0.11538461538461542,9800.0,9.5,0.13333333333333333
2022-03-30,10.8,15.7,5.9,0.4,15620.0,토마토,5kg,3,2,0,17720.0,0.0,0.10062111801242235,12331.42857142857,9.357142857142858,0.26666666666666666
2022-03-31,10.9,14.7,7.6,0.0,17460.0,토마토,5kg,3,3,0,15620.0,0.0,-0.11851015801354403,14562.857142857143,9.757142857142856,0.26666666666666666
2022-03-31,10.9,14.7,7.6,0.0,15260.0,토마토,5kg,3,3,0,17460.0,18200.0,0.11779769526248396,17057.14285714286,10.142857142857142,0.13333333333333333
2022-04-01,9.2,14.9,4.5,0.0,18630.0,토마토,5kg,4,4,0,15260.0,16100.0,-0.12600229095074456,16637.14285714286,10.285714285714286,0.0
2022-04-01,9.2,14.9,4.5,0.0,16300.0,토마토,5kg,4,4,0,18630.0,18200.0,0.22083879423328967,16998.571428571428,10.214285714285714,0.0
2022-04-02,8.2,14.2,3.7,0.0,0.0,토마토,5kg,4,5,1,16300.0,16100.0,-0.12506709608158884,16727.14285714286,10.0,0.0
2022-04-02,8.2,14.2,3.7,0.0,0.0,토마토,5kg,4,5,1,0.0,17720.0,-1.0,14427.142857142857,9.62857142857143,0.0
2022-04-04,10.3,16.4,5.1,0.0,14260.0,토마토,5kg,4,0,0,18120.0,15260.0,inf,9758.57142857143,9.285714285714286,0.0
2022-04-05,10.3,15.8,4.9,0.0,17800.0,토마토,5kg,4,1,0,14260.0,18630.0,-0.21302428256070638,9615.714285714286,9.442857142857141,0.0
2022-04-05,10.3,15.8,4.9,0.0,14000.0,토마토,5kg,4,1,0,17800.0,16300.0,0.24824684431977562,9497.142857142857,9.6,0.0
2022-04-06,11.7,17.0,8.0,0.0,17000.0,토마토,5kg,4,2,0,14000.0,0.0,-0.2134831460674157,9168.57142857143,10.1,0.0
2022-04-06,11.7,17.0,8.0,0.0,13200.0,토마토,5kg,4,2,0,17000.0,0.0,0.2142857142857142,11597.142857142857,10.6,0.0
2022-04-07,10.9,15.7,7.4,0.0,15440.0,토마토,5kg,4,3,0,13200.0,0.0,-0.22352941176470587,13482.857142857143,10.785714285714286,0.0
2022-04-07,10.9,15.7,7.4,0.0,11640.0,토마토,5kg,4,3,0,15440.0,18120.0,0.16969696969696968,15688.57142857143,10.87142857142857,0.0
2022-04-08,12.9,20.0,5.1,0.0,15440.0,토마토,5kg,4,4,0,11640.0,14260.0,-0.24611398963730569,14762.857142857143,11.242857142857144,0.0
2022-04-08,12.9,20.0,5.1,0.0,11640.0,토마토,5kg,4,4,0,15440.0,17800.0,0.3264604810996563,14931.42857142857,11.614285714285716,0.0
2022-04-09,17.8,24.2,12.4,0.5,0.0,토마토,5kg,4,5,1,11640.0,14000.0,-0.24611398963730569,14051.42857142857,12.685714285714285,0.16666666666666666
2022-04-09,17.8,24.2,12.4,0.5,0.0,토마토,5kg,4,5,1,0.0,17000.0,-1.0,12051.42857142857,13.557142857142859,0.3333333333333333
2022-04-11,19.6,26.6,13.4,0.0,11720.0,토마토,5kg,4,0,0,15520.0,11640.0,inf,7748.571428571428,16.97142857142857,0.0
2022-04-12,19.3,26.4,15.9,0.5,15120.0,토마토,5kg,4,1,0,11720.0,15440.0,-0.2448453608247423,7760.0,17.885714285714286,0.16666666666666666
2022-04-12,19.3,26.4,15.9,0.5,11320.0,토마토,5kg,4,1,0,15120.0,11640.0,0.2901023890784984,7714.285714285715,18.800000000000004,0.3333333333333333
2022-04-13,13.1,15.9,12.0,1.3,14800.0,토마토,5kg,4,2,0,11320.0,0.0,-0.2513227513227513,7668.571428571428,18.12857142857143,0.7666666666666666
2022-04-13,13.1,15.9,12.0,1.3,11000.0,토마토,5kg,4,2,0,14800.0,0.0,0.3074204946996466,9782.857142857143,17.45714285714286,1.0333333333333334
2022-04-14,13.2,15.3,11.4,0.0,13080.0,토마토,5kg,4,3,0,11000.0,0.0,-0.2567567567567568,11354.285714285714,16.742857142857144,0.8666666666666667
2022-04-14,13.2,15.3,11.4,0.0,9520.0,토마토,5kg,4,3,0,13080.0,15520.0,0.1890909090909092,13222.857142857143,15.828571428571431,0.43333333333333335
2022-04-15,13.3,19.3,7.5,0.0,12960.0,토마토,5kg,4,4,0,9520.0,11720.0,-0.27217125382262997,12365.714285714286,14.928571428571429,0.0
2022-04-15,13.3,19.3,7.5,0.0,9520.0,토마토,5kg,4,4,0,12960.0,15120.0,0.3613445378151261,12542.857142857143,14.071428571428571,0.0
2022-04-16,13.2,20.2,7.1,0.0,0.0,토마토,5kg,4,5,1,9520.0,11320.0,-0.26543209876543206,11742.857142857143,13.200000000000001,0.0
2022-04-16,13.2,20.2,7.1,0.0,0.0,토마토,5kg,4,5,1,0.0,14800.0,-1.0,10125.714285714286,13.214285714285714,0.0
2022-04-18,15.2,21.6,11.4,0.0,9660.0,토마토,5kg,4,0,0,13100.0,9520.0,inf,6442.857142857143,13.914285714285713,0.0
2022-04-19,15.2,22.1,8.9,0.0,13100.0,토마토,5kg,4,1,0,9660.0,12960.0,-0.26259541984732826,6462.857142857143,14.185714285714285,0.0
2022-04-19,15.2,22.1,8.9,0.0,9660.0,토마토,5kg,4,1,0,13100.0,9520.0,0.3561076604554865,6482.857142857143,14.457142857142856,0.0
2022-04-20,15.7,22.1,9.7,0.0,12900.0,토마토,5kg,4,2,0,9660.0,0.0,-0.26259541984732826,6502.857142857143,14.814285714285713,0.0
2022-04-20,15.7,22.1,9.7,0.0,9470.0,토마토,5kg,4,2,0,12900.0,0.0,0.3354037267080745,8345.714285714286,15.171428571428573,0.0
2022-04-21,16.3,22.7,9.6,0.0,12720.0,토마토,5kg,4,3,0,9470.0,0.0,-0.265891472868217,9698.57142857143,15.499999999999998,0.0
2022-04-21,16.3,22.7,9.6,0.0,9290.0,토마토,5kg,4,3,0,12720.0,13100.0,0.34318901795142565,11515.714285714286,15.657142857142857,0.0
2022-04-22,15.0,16.8,13.2,0.0,12720.0,토마토,5kg,4,4,0,9290.0,9660.0,-0.26965408805031443,10971.42857142857,15.62857142857143,0.0
2022-04-22,15.0,16.8,13.2,0.0,9290.0,토마토,5kg,4,4,0,12720.0,13100.0,0.3692142088266954,11408.57142857143,15.599999999999998,0.0
2022-04-23,17.7,25.3,10.4,0.0,0.0,토마토,5kg,4,5,1,9290.0,9660.0,-0.26965408805031443,10864.285714285714,15.957142857142857,0.0
2022-04-23,17.7,25.3,10.4,0.0,0.0,토마토,5kg,4,5,1,0.0,12900.0,-1.0,9484.285714285714,16.242857142857144,0.0
2022-04-25,20.0,23.6,17.0,1.3,8550.0,토마토,5kg,4,0,0,11980.0,9290.0,inf,6182.857142857143,17.7,0.9666666666666668
2022-04-26,21.9,28.7,17.0,1.0,12280.0,토마토,5kg,4,1,0,8550.0,12720.0,-0.2863105175292153,6077.142857142857,18.685714285714287,1.2000000000000002
2022-04-26,21.9,28.7,17.0,1.0,9010.0,토마토,5kg,4,1,0,12280.0,9290.0,0.43625730994152057,6014.285714285715,19.67142857142857,1.0999999999999999
2022-04-27,17.7,23.9,12.6,0.0,12280.0,토마토,5kg,4,2,0,9010.0,0.0,-0.2662866449511401,5974.285714285715,19.67142857142857,0.6666666666666666
2022-04-27,17.7,23.9,12.6,0.0,9010.0,토마토,5kg,4,2,0,12280.0,0.0,0.3629300776914539,7728.571428571428,19.67142857142857,0.3333333333333333
2022-04-28,18.2,25.9,11.6,0.0,12220.0,토마토,5kg,4,3,0,9010.0,0.0,-0.2662866449511401,9015.714285714286,19.62857142857143,0.0
2022-04-28,18.2,25.9,11.6,0.0,8950.0,토마토,5kg,4,3,0,12220.0,11980.0,0.3562708102108767,10761.42857142857,19.37142857142857,0.0
2022-04-29,13.4,16.5,10.7,15.5,13300.0,토마토,5kg,4,4,0,8950.0,8550.0,-0.2675941080196399,10328.57142857143,18.428571428571427,5.166666666666667
2022-04-29,13.4,16.5,10.7,15.5,9660.0,토마토,5kg,4,4,0,13300.0,12280.0,0.4860335195530727,11007.142857142857,17.21428571428571,10.333333333333334
2022-04-30,13.0,17.8,10.5,0.0,0.0,토마토,5kg,4,5,1,9660.0,9010.0,-0.27368421052631575,10632.857142857143,15.942857142857141,10.333333333333334
2022-04-30,13.0,17.8,10.5,0.0,0.0,토마토,5kg,4,5,1,0.0,12280.0,-1.0,9345.714285714286,15.27142857142857,5.166666666666667
2022-05-02,14.2,19.4,9.1,0.0,9580.0,토마토,5kg,5,0,0,13340.0,8950.0,inf,6464.285714285715,13.514285714285714,0.0
2022-05-03,14.8,20.8,9.1,0.0,13340.0,토마토,5kg,5,1,0,9580.0,13300.0,-0.28185907046476766,6554.285714285715,13.714285714285714,0.0
2022-05-03,14.8,20.8,9.1,0.0,9580.0,토마토,5kg,5,1,0,13340.0,9660.0,0.3924843423799582,6560.0,13.914285714285715,0.0
2022-05-04,17.8,25.2,10.0,0.0,14280.0,토마토,5kg,5,2,0,9580.0,0.0,-0.28185907046476766,6548.571428571428,14.6,0.0
2022-05-04,17.8,25.2,10.0,0.0,10520.0,토마토,5kg,5,2,0,14280.0,0.0,0.4906054279749479,8588.57142857143,15.285714285714286,0.0
2022-05-05,18.9,25.8,12.5,0.0,0.0,토마토,5kg,5,3,0,10520.0,0.0,-0.2633053221288515,10091.42857142857,16.071428571428573,0.0
2022-05-05,18.9,25.8,12.5,0.0,0.0,토마토,5kg,5,3,0,0.0,13340.0,-1.0,10091.42857142857,16.74285714285714,0.0
2022-05-06,19.6,25.6,13.7,0.0,10920.0,토마토,5kg,5,4,0,14880.0,13340.0,inf,8942.857142857143,18.2,0.0
2022-05-07,18.4,23.1,15.3,0.5,0.0,토마토,5kg,5,5,1,10920.0,9580.0,-0.2661290322580645,8597.142857142857,18.714285714285715,0.16666666666666666
2022-05-07,18.4,23.1,15.3,0.5,0.0,토마토,5kg,5,5,1,0.0,14280.0,-1.0,7228.571428571428,18.8,0.3333333333333333
2022-05-09,17.9,25.3,11.0,0.0,11120.0,토마토,5kg,5,0,0,15080.0,0.0,inf,5840.0,18.157142857142855,0.6666666666666666
2022-05-10,19.9,26.3,13.6,0.0,15200.0,토마토,5kg,5,1,0,11120.0,14880.0,-0.2625994694960212,7428.571428571428,18.2,0.0
2022-05-10,19.9,26.3,13.6,0.0,11240.0,토마토,5kg,5,1,0,15200.0,10920.0,0.3669064748201438,7474.285714285715,18.24285714285714,0.0
2022-05-11,19.7,25.2,16.6,0.0,14400.0,토마토,5kg,5,2,0,11240.0,0.0,-0.2605263157894737,7520.0,18.428571428571427,0.0
2022-05-11,19.7,25.2,16.6,0.0,10440.0,토마토,5kg,5,2,0,14400.0,0.0,0.2811387900355873,9577.142857142857,18.614285714285717,0.0
2022-05-12,20.9,28.1,14.1,0.0,14400.0,토마토,5kg,5,3,0,10440.0,0.0,-0.275,11068.57142857143,19.41428571428571,0.0
2022-05-12,20.9,28.1,14.1,0.0,10440.0,토마토,5kg,5,3,0,14400.0,15080.0,0.3793103448275863,13125.714285714286,19.842857142857138,0.0
2022-05-13,19.4,25.2,15.0,0.0,14140.0,토마토,5kg,5,4,0,10440.0,11120.0,-0.275,12462.857142857143,20.057142857142853,0.0
2022-05-13,19.4,25.2,15.0,0.0,10180.0,토마토,5kg,5,4,0,14140.0,15200.0,0.35440613026819934,12894.285714285714,19.985714285714284,0.0
2022-05-14,15.7,20.0,11.9,0.0,0.0,토마토,5kg,5,5,1,10180.0,11240.0,-0.28005657708628007,12177.142857142857,19.385714285714283,0.0
2022-05-14,15.7,20.0,11.9,0.0,0.0,토마토,5kg,5,5,1,0.0,14400.0,-1.0,10571.42857142857,18.814285714285713,0.0
2022-05-16,17.3,23.7,10.9,0.0,9180.0,토마토,5kg,5,0,0,13140.0,10440.0,inf,6842.857142857143,17.285714285714285,0.0
2022-05-17,20.0,27.4,13.0,0.0,13100.0,토마토,5kg,5,1,0,9180.0,14140.0,-0.3013698630136986,6662.857142857143,17.37142857142857,0.0
2022-05-17,20.0,27.4,13.0,0.0,9140.0,토마토,5kg,5,1,0,13100.0,10180.0,0.4270152505446623,6514.285714285715,17.45714285714286,0.0
2022-05-18,20.0,25.4,15.7,1.5,12900.0,토마토,5kg,5,2,0,9140.0,0.0,-0.3022900763358779,6365.714285714285,18.071428571428573,0.5
2022-05-18,20.0,25.4,15.7,1.5,9140.0,토마토,5kg,5,2,0,12900.0,0.0,0.4113785557986871,8208.57142857143,18.685714285714287,1.0
2022-05-19,19.9,24.2,16.1,0.0,12280.0,토마토,5kg,5,3,0,9140.0,0.0,-0.2914728682170543,9514.285714285714,19.214285714285715,1.0
2022-05-19,19.9,24.2,16.1,0.0,8862.0,토마토,5kg,5,3,0,12280.0,13140.0,0.34354485776805244,11268.57142857143,19.585714285714285,0.5
2022-05-20,20.6,25.8,15.6,0.0,12280.0,토마토,5kg,5,4,0,8862.0,9180.0,-0.27833876221498366,10657.42857142857,20.057142857142857,0.0
2022-05-20,20.6,25.8,15.6,0.0,8862.0,토마토,5kg,5,4,0,12280.0,13100.0,0.38569171744527186,11100.285714285714,20.142857142857142,0.0
2022-05-21,20.1,26.0,16.1,0.0,0.0,토마토,5kg,5,5,1,8862.0,9140.0,-0.27833876221498366,10494.857142857143,20.157142857142855,0.0
2022-05-21,20.1,26.0,16.1,0.0,0.0,토마토,5kg,5,5,1,0.0,12900.0,-1.0,9189.142857142857,20.17142857142857,0.0
2022-05-23,23.0,30.7,17.8,0.0,8622.0,토마토,5kg,5,0,0,11880.0,8862.0,inf,5983.428571428572,21.099999999999998,0.0
2022-05-24,22.9,30.2,16.7,0.0,12280.0,토마토,5kg,5,1,0,8622.0,12280.0,-0.2742424242424243,5949.142857142857,21.428571428571427,0.0
2022-05-24,22.9,30.2,16.7,0.0,9022.0,토마토,5kg,5,1,0,12280.0,8862.0,0.42426351194618417,5949.142857142857,21.75714285714286,0.0
2022-05-25,21.0,26.7,16.7,3.5,12240.0,토마토,5kg,5,2,0,9022.0,0.0,-0.2653094462540717,5972.0,21.885714285714283,1.1666666666666667
2022-05-25,21.0,26.7,16.7,3.5,8972.0,토마토,5kg,5,2,0,12240.0,0.0,0.35668366215916647,7720.571428571428,22.014285714285712,2.3333333333333335
2022-05-26,18.7,23.5,14.1,0.0,11880.0,토마토,5kg,5,3,0,8972.0,0.0,-0.26699346405228763,9002.285714285714,21.785714285714285,2.3333333333333335
2022-05-26,18.7,23.5,14.1,0.0,8822.0,토마토,5kg,5,3,0,11880.0,11880.0,0.3241194828354881,10699.42857142857,21.171428571428574,1.1666666666666667
2022-05-27,20.0,25.6,16.0,0.0,11680.0,토마토,5kg,5,4,0,8822.0,8622.0,-0.2574074074074074,10262.57142857143,20.74285714285714,0.0
2022-05-27,20.0,25.6,16.0,0.0,8622.0,토마토,5kg,5,4,0,11680.0,12280.0,0.3239628202221718,10699.42857142857,20.328571428571426,0.0
2022-05-28,22.3,29.3,15.0,0.0,0.0,토마토,5kg,5,5,1,8622.0,9022.0,-0.2618150684931507,10176.857142857143,20.24285714285714,0.0
2022-05-28,22.3,29.3,15.0,0.0,0.0,토마토,5kg,5,5,1,0.0,12240.0,-1.0,8888.0,20.428571428571427,0.0
2022-05-30,20.8,24.7,17.2,0.0,8502.0,토마토,5kg,5,0,0,11680.0,8822.0,inf,5829.142857142857,21.32857142857143,0.0
2022-05-31,20.7,27.2,14.2,0.0,11600.0,토마토,5kg,5,1,0,8502.0,11680.0,-0.2720890410958904,5783.428571428572,21.428571428571427,0.0
2022-05-31,20.7,27.2,14.2,0.0,8422.0,토마토,5kg,5,1,0,11600.0,8622.0,0.36438485062338266,5772.0,21.528571428571432,0.0
2022-06-01,22.1,28.6,16.2,0.0,0.0,토마토,5kg,6,2,0,8422.0,0.0,-0.2739655172413793,5743.428571428572,21.5,0.0
2022-06-01,22.1,28.6,16.2,0.0,0.0,토마토,5kg,6,2,0,0.0,0.0,-1.0,5743.428571428572,21.471428571428568,0.0
2022-06-02,21.5,26.9,17.1,0.0,8290.0,토마토,5kg,6,3,0,11480.0,11680.0,inf,7383.428571428572,21.342857142857145,0.0
2022-06-03,24.5,32.6,18.7,0.0,10990.0,토마토,5kg,6,4,0,8290.0,8502.0,-0.2778745644599303,6899.142857142857,21.871428571428574,0.0
2022-06-03,24.5,32.6,18.7,0.0,7790.0,토마토,5kg,6,4,0,10990.0,11600.0,0.3256936067551266,7254.571428571428,22.414285714285715,0.0
2022-06-04,25.6,29.7,20.3,0.0,0.0,토마토,5kg,6,5,1,7790.0,8422.0,-0.29117379435850776,6710.285714285715,23.114285714285717,0.0
2022-06-04,25.6,29.7,20.3,0.0,0.0,토마토,5kg,6,5,1,0.0,0.0,-1.0,5507.142857142857,23.61428571428571,0.0
2022-06-07,20.6,25.1,15.1,0.0,7622.0,토마토,5kg,6,1,0,10960.0,7790.0,inf,2678.5714285714284,22.071428571428573,1.4333333333333333
2022-06-08,21.2,25.8,16.2,0.0,10960.0,토마토,5kg,6,2,0,7622.0,0.0,-0.30456204379562046,2654.5714285714284,21.442857142857143,0.0
2022-06-08,21.2,25.8,16.2,0.0,7622.0,토마토,5kg,6,2,0,10960.0,0.0,0.4379427971660981,4220.285714285715,20.814285714285717,0.0
2022-06-09,20.9,24.5,18.5,2.6,11140.0,토마토,5kg,6,3,0,7622.0,0.0,-0.30456204379562046,5309.142857142857,20.557142857142857,0.8666666666666667
2022-06-09,20.9,24.5,18.5,2.6,7762.0,토마토,5kg,6,3,0,11140.0,0.0,0.46155864602466545,6900.571428571428,20.728571428571428,1.7333333333333334
2022-06-10,20.9,26.6,17.2,1.2,11340.0,토마토,5kg,6,4,0,7762.0,0.0,-0.3032315978456014,8009.428571428572,20.9,2.1333333333333333
2022-06-10,20.9,26.6,17.2,1.2,7962.0,토마토,5kg,6,4,0,11340.0,10960.0,0.4609636691574337,9629.42857142857,20.942857142857143,1.6666666666666667
2022-06-11,24.6,32.7,17.7,0.0,0.0,토마토,5kg,6,5,1,7962.0,7622.0,-0.29788359788359786,9201.142857142857,21.514285714285712,0.7999999999999999
2022-06-11,24.6,32.7,17.7,0.0,0.0,토마토,5kg,6,5,1,0.0,10960.0,-1.0,8112.285714285715,22.0,0.39999999999999997
2022-06-13,23.6,29.2,19.6,18.0,8802.0,토마토,5kg,6,0,0,11860.0,7762.0,inf,5560.571428571428,23.25714285714286,12.0
2022-06-14,21.5,27.1,17.7,0.0,12260.0,토마토,5kg,6,1,0,8802.0,11340.0,-0.2578414839797639,5709.142857142857,23.342857142857145,12.0
2022-06-14,21.5,27.1,17.7,0.0,9202.0,토마토,5kg,6,1,0,12260.0,7962.0,0.39286525789593285,5840.571428571428,23.428571428571427,6.0
2022-06-15,17.5,20.1,14.9,18.5,12060.0,토마토,5kg,6,2,0,9202.0,0.0,-0.24942903752039147,6017.714285714285,22.414285714285715,6.166666666666667
2022-06-15,17.5,20.1,14.9,18.5,9070.0,토마토,5kg,6,2,0,12060.0,0.0,0.31058465550967185,7740.571428571428,21.400000000000002,12.333333333333334
2022-06-16,20.3,24.8,17.6,0.7,12260.0,토마토,5kg,6,3,0,9070.0,0.0,-0.2479270315091211,9036.285714285714,20.785714285714285,12.566666666666668
2022-06-16,20.3,24.8,17.6,0.7,9270.0,토마토,5kg,6,3,0,12260.0,11860.0,0.35170893054024255,10787.714285714286,20.314285714285717,6.633333333333333
2022-06-17,22.5,28.1,16.5,0.0,12380.0,토마토,5kg,6,4,0,9270.0,8802.0,-0.24388254486133765,10417.714285714286,20.157142857142855,0.4666666666666666
2022-06-17,22.5,28.1,16.5,0.0,9470.0,토마토,5kg,6,4,0,12380.0,12260.0,0.3354908306364617,10928.857142857143,20.3,0.2333333333333333
2022-06-18,23.3,25.1,22.0,0.0,0.0,토마토,5kg,6,5,1,9470.0,9202.0,-0.23505654281098542,10530.285714285714,20.557142857142857,0.0
2022-06-18,23.3,25.1,22.0,0.0,0.0,토마토,5kg,6,5,1,0.0,12060.0,-1.0,9215.714285714286,21.385714285714283,0.0
2022-06-20,25.2,29.0,22.0,0.0,9270.0,토마토,5kg,6,0,0,11980.0,9270.0,inf,6157.142857142857,23.62857142857143,0.0
2022-06-21,26.5,32.6,21.2,0.0,12180.0,토마토,5kg,6,1,0,9270.0,12380.0,-0.22621035058430716,6157.142857142857,24.2,0.0
2022-06-21,26.5,32.6,21.2,0.0,9470.0,토마토,5kg,6,1,0,12180.0,9470.0,0.31391585760517793,6128.571428571428,24.771428571428572,0.0
2022-06-22,25.9,31.0,21.9,0.0,12080.0,토마토,5kg,6,2,0,9470.0,0.0,-0.22249589490968802,6128.571428571428,25.142857142857142,0.0
2022-06-22,25.9,31.0,21.9,0.0,9370.0,토마토,5kg,6,2,0,12080.0,0.0,0.2756071805702218,7854.285714285715,25.514285714285712,0.0
2022-06-23,24.3,26.4,23.3,103.0,12160.0,토마토,5kg,6,3,0,9370.0,0.0,-0.2243377483443708,9192.857142857143,25.642857142857142,34.333333333333336
2022-06-23,24.3,26.4,23.3,103.0,9436.0,토마토,5kg,6,3,0,12160.0,11980.0,0.2977588046958377,10930.0,25.514285714285716,68.66666666666667
2022-06-24,22.6,24.9,20.6,19.1,11900.0,토마토,5kg,6,4,0,9436.0,9270.0,-0.22401315789473686,10566.57142857143,25.142857142857142,75.03333333333333
2022-06-24,22.6,24.9,20.6,19.1,9182.0,토마토,5kg,6,4,0,11900.0,12180.0,0.26112759643916905,10942.285714285714,24.585714285714285,47.06666666666666
2022-06-25,26.0,30.5,21.5,0.0,0.0,토마토,5kg,6,5,1,9182.0,9470.0,-0.22840336134453787,10514.0,24.514285714285712,12.733333333333334
2022-06-25,26.0,30.5,21.5,0.0,0.0,토마토,5kg,6,5,1,0.0,12080.0,-1.0,9161.142857142857,24.52857142857143,6.366666666666667
2022-06-27,26.8,28.1,25.4,6.1,8582.0,토마토,5kg,6,0,0,11280.0,9436.0,inf,5971.142857142857,25.328571428571426,4.066666666666666
2022-06-28,26.9,27.9,25.7,6.3,11280.0,토마토,5kg,6,1,0,8582.0,11900.0,-0.23918439716312057,5849.142857142857,25.942857142857143,6.166666666666667
2022-06-28,26.9,27.9,25.7,6.3,8582.0,토마토,5kg,6,1,0,11280.0,9182.0,0.31437893264973193,5760.571428571428,26.557142857142857,6.233333333333333
2022-06-29,25.1,26.1,24.4,37.8,11080.0,토마토,5kg,6,2,0,8582.0,0.0,-0.23918439716312057,5674.857142857143,26.428571428571427,16.8
2022-06-29,25.1,26.1,24.4,37.8,8514.0,토마토,5kg,6,2,0,11080.0,0.0,0.2910743416453041,7257.714285714285,26.3,27.3
2022-06-30,22.3,24.5,21.2,176.2,10620.0,토마토,5kg,6,3,0,8514.0,0.0,-0.23158844765342956,8474.0,25.7,83.93333333333334
2022-06-30,22.3,24.5,21.2,176.2,8048.0,토마토,5kg,6,3,0,10620.0,11280.0,0.2473572938689217,9991.142857142857,25.057142857142857,130.06666666666666
2022-07-01,26.6,30.9,21.9,0.0,10036.0,토마토,5kg,7,4,0,8048.0,8582.0,-0.24218455743879475,9529.42857142857,25.028571428571432,117.46666666666665
2022-07-01,26.6,30.9,21.9,0.0,7472.0,토마토,5kg,7,4,0,10036.0,11280.0,0.2470178926441351,9737.142857142857,24.985714285714288,58.73333333333334
2022-07-02,28.8,33.8,24.0,0.0,0.0,토마토,5kg,7,5,1,7472.0,8582.0,-0.2554802710243125,9193.142857142857,25.25714285714286,0.0
2022-07-02,28.8,33.8,24.0,0.0,0.0,토마토,5kg,7,5,1,0.0,11080.0,-1.0,7967.142857142857,25.785714285714285,0.0
2022-07-04,29.3,32.6,26.4,0.0,7672.0,토마토,5kg,7,0,0,10236.0,8048.0,inf,5113.142857142857,28.385714285714283,0.0
2022-07-05,29.2,33.1,26.7,0.0,10270.0,토마토,5kg,7,1,0,7672.0,10036.0,-0.25048847205939817,5059.428571428572,28.75714285714286,0.0
2022-07-05,29.2,33.1,26.7,0.0,7672.0,토마토,5kg,7,1,0,10270.0,7472.0,0.3386339937434828,5092.857142857143,29.12857142857143,0.0
2022-07-06,29.5,33.3,26.2,16.1,10016.0,토마토,5kg,7,2,0,7672.0,0.0,-0.2529698149951315,5121.428571428572,29.228571428571428,5.366666666666677
2022-07-06,29.5,33.3,26.2,16.1,7406.0,토마토,5kg,7,2,0,10016.0,0.0,0.305526590198123,6552.285714285715,29.32857142857143,10.733333333333343
2022-07-07,28.2,31.0,26.4,0.0,10740.0,토마토,5kg,7,3,0,7406.0,0.0,-0.2605830670926518,7610.285714285715,29.17142857142857,10.733333333333343
2022-07-07,28.2,31.0,26.4,0.0,8116.0,토마토,5kg,7,3,0,10740.0,10236.0,0.45017553335133664,9144.57142857143,29.014285714285712,5.366666666666677
2022-07-08,25.8,27.9,24.0,1.7,12240.0,토마토,5kg,7,4,0,8116.0,7672.0,-0.24432029795158283,8841.714285714286,28.514285714285712,0.5666666666666761
2022-07-08,25.8,27.9,24.0,1.7,9450.0,토마토,5kg,7,4,0,12240.0,10270.0,0.5081320847708231,9494.285714285714,28.02857142857143,1.1333333333333429
2022-07-09,26.9,30.9,24.0,0.1,0.0,토마토,5kg,7,5,1,9450.0,7672.0,-0.2279411764705882,9377.142857142857,27.7,1.166666666666676
2022-07-09,26.9,30.9,24.0,0.1,0.0,토마토,5kg,7,5,1,0.0,10016.0,-1.0,8281.142857142857,27.32857142857143,0.6333333333333427
2022-07-11,27.0,30.6,24.7,9.0,10170.0,토마토,5kg,7,0,0,13160.0,8116.0,inf,6138.0,26.942857142857143,6.00000000000001
2022-07-12,26.8,29.4,23.2,0.0,13360.0,토마토,5kg,7,1,0,10170.0,12240.0,-0.2272036474164134,6431.428571428572,27.08571428571429,6.00000000000001
2022-07-12,26.8,29.4,23.2,0.0,10370.0,토마토,5kg,7,1,0,13360.0,9450.0,0.31366764995083574,6591.428571428572,27.228571428571428,3.0000000000000093
2022-07-13,25.0,27.1,24.0,114.5,13940.0,토마토,5kg,7,2,0,10370.0,0.0,-0.22380239520958078,6722.857142857143,26.957142857142856,38.16666666666668
2022-07-13,25.0,27.1,24.0,114.5,11150.0,토마토,5kg,7,2,0,13940.0,0.0,0.34426229508196715,8714.285714285714,26.685714285714287,76.33333333333334
2022-07-14,25.7,29.9,23.3,0.9,14560.0,토마토,5kg,7,3,0,11150.0,0.0,-0.20014347202295557,10307.142857142857,26.185714285714287,76.63333333333334
2022-07-14,25.7,29.9,23.3,0.9,11640.0,토마토,5kg,7,3,0,14560.0,13160.0,0.30582959641255614,12387.142857142857,26.0,38.76666666666667
2022-07-15,26.0,30.3,23.0,0.0,17060.0,토마토,5kg,7,4,0,11640.0,10170.0,-0.2005494505494505,12170.0,25.857142857142858,0.6000000000000095
2022-07-15,26.0,30.3,23.0,0.0,13660.0,토마토,5kg,7,4,0,17060.0,13360.0,0.465635738831615,13154.285714285714,25.74285714285714,0.3000000000000095
2022-07-16,24.8,28.2,23.2,34.0,0.0,토마토,5kg,7,5,1,13660.0,10370.0,-0.1992966002344666,13197.142857142857,25.457142857142856,11.333333333333343
2022-07-16,24.8,28.2,23.2,34.0,0.0,토마토,5kg,7,5,1,0.0,13940.0,-1.0,11715.714285714286,25.428571428571427,22.666666666666675
2022-07-18,26.8,30.1,23.1,0.0,13860.0,토마토,5kg,7,0,0,17260.0,11640.0,inf,8517.142857142857,25.814285714285713,0.0
2022-07-19,27.4,31.1,24.3,0.0,17460.0,토마토,5kg,7,1,0,13860.0,17060.0,-0.19698725376593285,8834.285714285714,26.014285714285712,0.0
2022-07-19,27.4,31.1,24.3,0.0,14060.0,토마토,5kg,7,1,0,17460.0,13660.0,0.2597402597402598,8891.42857142857,26.214285714285715,0.0
2022-07-20,27.1,30.4,24.3,1.1,17660.0,토마토,5kg,7,2,0,14060.0,0.0,-0.1947308132875143,8948.57142857143,26.54285714285714,0.3666666666666762
2022-07-20,27.1,30.4,24.3,1.1,14260.0,토마토,5kg,7,2,0,17660.0,0.0,0.2560455192034139,11471.42857142857,26.87142857142857,0.7333333333333428
2022-07-21,23.2,25.2,20.8,10.4,19340.0,토마토,5kg,7,3,0,14260.0,0.0,-0.19252548131370328,13508.57142857143,26.542857142857144,4.20000000000001
2022-07-21,23.2,25.2,20.8,10.4,15640.0,토마토,5kg,7,3,0,19340.0,17260.0,0.3562412342215988,16271.42857142857,26.02857142857143,7.300000000000009
2022-07-22,25.1,27.5,22.9,5.2,21660.0,토마토,5kg,7,4,0,15640.0,13860.0,-0.1913133402275078,16040.0,25.785714285714285,8.666666666666677
2022-07-22,25.1,27.5,22.9,5.2,17960.0,토마토,5kg,7,4,0,21660.0,17460.0,0.38491048593350374,17154.285714285714,25.45714285714286,6.933333333333343
2022-07-23,24.8,28.0,22.3,9.9,0.0,토마토,5kg,7,5,1,17960.0,14060.0,-0.1708217913204063,17225.714285714286,25.085714285714285,6.766666666666676
2022-07-23,24.8,28.0,22.3,9.9,0.0,토마토,5kg,7,5,1,0.0,17660.0,-1.0,15217.142857142857,24.75714285714286,8.333333333333343
2022-07-25,27.5,32.0,23.6,0.0,16940.0,토마토,5kg,7,0,0,20340.0,15640.0,inf,10800.0,25.685714285714287,0.40000000000000946
2022-07-26,28.9,33.1,24.4,0.0,18200.0,토마토,5kg,7,1,0,16940.0,21660.0,-0.16715830875122906,10985.714285714286,26.22857142857143,0.0
2022-07-26,28.9,33.1,24.4,0.0,14800.0,토마토,5kg,7,1,0,18200.0,17960.0,0.07438016528925617,10491.42857142857,26.77142857142857,0.0
2022-07-27,29.3,33.4,26.4,0.0,18520.0,토마토,5kg,7,2,0,14800.0,0.0,-0.18681318681318682,10040.0,27.414285714285715,0.0
2022-07-27,29.3,33.4,26.4,0.0,15120.0,토마토,5kg,7,2,0,18520.0,0.0,0.25135135135135145,12685.714285714286,28.057142857142857,0.0
2022-07-28,29.7,34.4,25.1,0.0,18780.0,토마토,5kg,7,3,0,15120.0,0.0,-0.18358531317494597,14845.714285714286,28.728571428571428,0.0
2022-07-28,29.7,34.4,25.1,0.0,15380.0,토마토,5kg,7,3,0,18780.0,20340.0,0.2420634920634921,17528.571428571428,29.04285714285714,0.0
2022-07-29,30.7,34.3,27.3,0.0,20040.0,토마토,5kg,7,4,0,15380.0,16940.0,-0.18104366347177847,16820.0,29.5,0.0
2022-07-29,30.7,34.3,27.3,0.0,16640.0,토마토,5kg,7,4,0,20040.0,18200.0,0.3029908972691808,17262.85714285714,29.757142857142856,0.0
2022-07-30,30.9,36.1,27.3,1.0,0.0,토마토,5kg,7,5,1,16640.0,14800.0,-0.1696606786427146,17040.0,30.042857142857144,0.3333333333333428
2022-07-30,30.9,36.1,27.3,1.0,0.0,토마토,5kg,7,5,1,0.0,18520.0,-1.0,14925.714285714286,30.271428571428572,0.6666666666666762
2022-08-01,28.6,32.4,25.4,30.0,17180.0,토마토,5kg,8,0,0,20580.0,15380.0,inf,10377.142857142857,29.657142857142862,35.73333333333334
2022-08-02,26.8,28.5,25.5,33.5,20220.0,토마토,5kg,8,1,0,17180.0,20040.0,-0.16520894071914483,10634.285714285714,29.099999999999998,31.166666666666675
2022-08-02,26.8,28.5,25.5,33.5,16820.0,토마토,5kg,8,1,0,20220.0,16640.0,0.17694994179278223,10660.0,28.542857142857144,32.33333333333334
2022-08-03,27.1,30.0,25.2,51.1,20180.0,토마토,5kg,8,2,0,16820.0,0.0,-0.16815034619188918,10685.714285714286,28.0,39.366666666666674
2022-08-03,27.1,30.0,25.2,51.1,16720.0,토마토,5kg,8,2,0,20180.0,0.0,0.1997621878715814,13568.57142857143,27.457142857142856,45.23333333333335
2022-08-04,28.9,32.9,26.0,0.0,20380.0,토마토,5kg,8,3,0,16720.0,0.0,-0.1714568880079287,15957.142857142857,27.7,34.06666666666668
2022-08-04,28.9,32.9,26.0,0.0,16920.0,토마토,5kg,8,3,0,20380.0,20580.0,0.21889952153110048,18868.571428571428,27.742857142857144,17.033333333333342
2022-08-05,29.4,32.7,27.0,0.0,21380.0,토마토,5kg,8,4,0,16920.0,17180.0,-0.16977428851815501,18345.714285714286,27.857142857142858,0.0
2022-08-05,29.4,32.7,27.0,0.0,17720.0,토마토,5kg,8,4,0,21380.0,20220.0,0.2635933806146573,18945.714285714286,28.228571428571428,0.0
2022-08-06,28.7,30.3,27.4,13.6,0.0,토마토,5kg,8,5,1,17720.0,16820.0,-0.17118802619270346,18588.571428571428,28.5,4.533333333333343
2022-08-06,28.7,30.3,27.4,13.6,0.0,토마토,5kg,8,5,1,0.0,20180.0,-1.0,16185.714285714286,28.728571428571428,9.066666666666675
2022-08-08,26.8,28.4,0.0,129.6,16240.0,토마토,5kg,8,0,0,19920.0,16920.0,inf,10848.57142857143,28.385714285714283,86.7
2022-08-09,25.1,26.5,22.0,123.1,20520.0,토마토,5kg,8,1,0,16240.0,21380.0,-0.18473895582329314,10751.42857142857,27.771428571428572,127.43333333333335
2022-08-09,25.1,26.5,22.0,123.1,16840.0,토마토,5kg,8,1,0,20520.0,17720.0,0.2635467980295567,10628.57142857143,27.157142857142862,125.26666666666667
2022-08-10,24.7,28.8,21.4,7.6,18840.0,토마토,5kg,8,2,0,16840.0,0.0,-0.1793372319688109,10502.857142857143,26.585714285714285,84.60000000000001
2022-08-10,24.7,28.8,21.4,7.6,15240.0,토마토,5kg,8,2,0,18840.0,0.0,0.11876484560570066,13194.285714285714,26.014285714285712,46.1
2022-08-11,25.0,27.5,23.4,38.8,18200.0,토마토,5kg,8,3,0,15240.0,0.0,-0.19108280254777066,15371.42857142857,25.457142857142856,18.00000000000001
2022-08-11,25.0,27.5,23.4,38.8,14600.0,토마토,5kg,8,3,0,18200.0,19920.0,0.19422572178477693,17971.428571428572,25.2,28.400000000000006
2022-08-12,27.0,32.4,23.0,0.0,18140.0,토마토,5kg,8,4,0,14600.0,16240.0,-0.19780219780219777,17211.428571428572,25.228571428571428,25.866666666666674
2022-08-12,27.0,32.4,23.0,0.0,14540.0,토마토,5kg,8,4,0,18140.0,20520.0,0.24246575342465748,17482.85714285714,25.5,12.933333333333344
2022-08-13,25.8,27.5,24.7,4.0,0.0,토마토,5kg,8,5,1,14540.0,16840.0,-0.19845644983461963,16628.571428571428,25.599999999999998,1.3333333333333452
2022-08-13,25.8,27.5,24.7,4.0,0.0,토마토,5kg,8,5,1,0.0,18840.0,-1.0,14222.857142857143,25.75714285714286,2.6666666666666785
2022-08-16,26.7,30.0,24.1,0.0,13486.0,토마토,5kg,8,1,0,16880.0,14540.0,inf,4488.571428571428,26.97142857142857,0.30000000000001187
2022-08-17,26.0,30.5,22.8,0.0,16080.0,토마토,5kg,8,2,0,13486.0,0.0,-0.2010663507109005,4338.0,27.0,0.0
2022-08-17,26.0,30.5,22.8,0.0,12686.0,토마토,5kg,8,2,0,16080.0,0.0,0.19234761975381875,6635.142857142857,27.02857142857143,0.0
2022-08-18,25.6,29.8,22.4,0.0,16080.0,토마토,5kg,8,3,0,12686.0,0.0,-0.21106965174129355,8447.42857142857,26.74285714285714,0.0
2022-08-18,25.6,29.8,22.4,0.0,12686.0,토마토,5kg,8,3,0,16080.0,0.0,0.2675390193914551,10744.57142857143,26.385714285714283,0.0
2022-08-19,26.0,27.5,23.3,66.1,16180.0,토마토,5kg,8,4,0,12686.0,0.0,-0.21106965174129355,12556.857142857143,26.08571428571429,22.033333333333342
2022-08-19,26.0,27.5,23.3,66.1,12786.0,토마토,5kg,8,4,0,16180.0,16880.0,0.2754217247359294,14868.285714285714,25.985714285714284,44.06666666666667
2022-08-20,28.2,32.0,25.7,0.0,0.0,토마토,5kg,8,5,1,12786.0,13486.0,-0.20976514215080344,14283.42857142857,26.2,44.06666666666667
2022-08-20,28.2,32.0,25.7,0.0,0.0,토마토,5kg,8,5,1,0.0,16080.0,-1.0,12356.857142857143,26.514285714285712,22.033333333333342
2022-08-22,26.8,30.2,22.9,3.2,11446.0,토마토,5kg,8,0,0,14840.0,12686.0,inf,8070.285714285715,27.157142857142862,2.133333333333343
2022-08-23,25.4,30.2,22.4,2.2,17240.0,토마토,5kg,8,1,0,11446.0,16180.0,-0.22870619946091642,7893.142857142857,27.071428571428573,2.8666666666666765
2022-08-23,25.4,30.2,22.4,2.2,13840.0,토마토,5kg,8,1,0,17240.0,12786.0,0.5062030403634457,8044.571428571428,26.985714285714288,2.533333333333343
2022-08-24,24.8,27.9,22.4,0.0,17380.0,토마토,5kg,8,2,0,13840.0,0.0,-0.19721577726218098,8195.142857142857,26.5,1.4666666666666763
2022-08-24,24.8,27.9,22.4,0.0,13980.0,토마토,5kg,8,2,0,17380.0,0.0,0.2557803468208093,10678.0,26.014285714285716,0.7333333333333428
2022-08-25,22.2,24.0,21.1,1.6,19520.0,토마토,5kg,8,3,0,13980.0,0.0,-0.19562715765247407,12675.142857142857,25.17142857142857,0.5333333333333429
2022-08-25,22.2,24.0,21.1,1.6,16120.0,토마토,5kg,8,3,0,19520.0,14840.0,0.396280400572246,15463.714285714286,24.514285714285712,1.0666666666666762
2022-08-26,23.8,28.4,19.9,0.0,21280.0,토마토,5kg,8,4,0,16120.0,11446.0,-0.1741803278688525,15646.57142857143,24.085714285714285,1.0666666666666762
2022-08-26,23.8,28.4,19.9,0.0,17880.0,토마토,5kg,8,4,0,21280.0,17240.0,0.3200992555831266,17051.428571428572,23.857142857142858,0.5333333333333429
2022-08-27,21.5,25.5,17.6,17.6,0.0,토마토,5kg,8,5,1,17880.0,13840.0,-0.15977443609022557,17142.85714285714,23.300000000000004,5.866666666666677
2022-08-27,21.5,25.5,17.6,17.6,0.0,토마토,5kg,8,5,1,0.0,17380.0,-1.0,15165.714285714286,22.82857142857143,11.733333333333343
2022-08-29,21.0,22.5,19.5,2.2,20040.0,토마토,5kg,8,0,0,23400.0,16120.0,inf,11240.0,22.171428571428574,1.4666666666666763
2022-08-30,19.1,20.3,17.9,35.8,23600.0,토마토,5kg,8,1,0,20040.0,21280.0,-0.14358974358974363,11800.0,21.5,13.400000000000007
2022-08-30,19.1,20.3,17.9,35.8,20240.0,토마토,5kg,8,1,0,23600.0,17880.0,0.17764471057884235,12131.42857142857,20.82857142857143,24.600000000000005
2022-08-31,21.7,24.9,19.6,0.0,23800.0,토마토,5kg,8,2,0,20240.0,0.0,-0.14237288135593218,12468.57142857143,20.857142857142858,23.866666666666674
2022-08-31,21.7,24.9,19.6,0.0,20440.0,토마토,5kg,8,2,0,23800.0,0.0,0.1758893280632412,15868.57142857143,20.885714285714283,11.933333333333342
2022-09-01,24.0,30.4,18.3,0.0,23800.0,토마토,5kg,9,3,0,20440.0,0.0,-0.14117647058823535,18788.571428571428,21.08571428571429,0.0
2022-09-01,24.0,30.4,18.3,0.0,20440.0,토마토,5kg,9,3,0,23800.0,23400.0,0.1643835616438356,22188.571428571428,21.514285714285716,0.0
2022-09-02,24.7,29.8,20.3,0.0,23340.0,토마토,5kg,9,4,0,20440.0,20040.0,-0.14117647058823535,21765.714285714286,22.042857142857144,0.0
2022-09-02,24.7,29.8,20.3,0.0,19980.0,토마토,5kg,9,4,0,23340.0,23600.0,0.14187866927592951,22237.14285714286,22.842857142857138,0.0
2022-09-03,24.2,29.2,20.5,0.0,0.0,토마토,5kg,9,5,1,19980.0,20240.0,-0.14395886889460152,21720.0,23.571428571428573,0.0
2022-09-03,24.2,29.2,20.5,0.0,0.0,토마토,5kg,9,5,1,0.0,23800.0,-1.0,18828.571428571428,23.928571428571427,0.0
2022-09-05,19.2,22.7,17.7,120.0,20180.0,토마토,5kg,9,0,0,23540.0,20440.0,inf,12471.42857142857,22.642857142857142,91.26666666666667
2022-09-06,21.0,26.3,17.0,25.3,24680.0,토마토,5kg,9,1,0,20180.0,23340.0,-0.1427357689039932,12434.285714285714,22.11428571428571,88.43333333333334
2022-09-06,21.0,26.3,17.0,25.3,21280.0,토마토,5kg,9,1,0,24680.0,19980.0,0.2229930624380574,12625.714285714286,21.585714285714285,56.866666666666674
2022-09-07,22.8,28.1,17.9,0.0,24800.0,토마토,5kg,9,2,0,21280.0,0.0,-0.13776337115072934,12811.42857142857,21.385714285714283,16.866666666666678
2022-09-07,22.8,28.1,17.9,0.0,21400.0,토마토,5kg,9,2,0,24800.0,0.0,0.16541353383458657,16354.285714285714,21.185714285714287,8.433333333333342
2022-09-08,23.2,29.5,16.7,0.0,23680.0,토마토,5kg,9,3,0,21400.0,0.0,-0.13709677419354838,19411.428571428572,21.314285714285713,0.0
2022-09-08,23.2,29.5,16.7,0.0,20280.0,토마토,5kg,9,3,0,23680.0,23540.0,0.1065420560747663,22794.285714285714,21.88571428571429,0.0
2022-09-09,24.3,30.8,18.9,0.0,0.0,토마토,5kg,9,4,0,20280.0,20180.0,-0.14358108108108103,22328.571428571428,22.614285714285717,0.0
2022-09-09,24.3,30.8,18.9,0.0,0.0,토마토,5kg,9,4,0,0.0,24680.0,-1.0,19445.714285714286,23.085714285714285,0.0
2022-09-13,24.3,26.4,21.8,0.0,18640.0,토마토,5kg,9,1,0,22040.0,0.0,inf,3148.5714285714284,23.914285714285718,0.0
2022-09-14,24.6,27.9,22.7,0.0,19800.0,토마토,5kg,9,2,0,18640.0,0.0,-0.15426497277676954,5811.428571428572,23.95714285714286,0.0
2022-09-14,24.6,27.9,22.7,0.0,16400.0,토마토,5kg,9,2,0,19800.0,0.0,0.0622317596566524,8640.0,24.1,0.0
2022-09-15,25.2,28.3,22.0,0.1,19600.0,토마토,5kg,9,3,0,16400.0,0.0,-0.1717171717171717,10982.857142857143,24.37142857142857,0.03333333333334281
2022-09-15,25.2,28.3,22.0,0.1,16200.0,토마토,5kg,9,3,0,19600.0,0.0,0.19512195121951215,13782.857142857143,24.571428571428573,0.06666666666667614
2022-09-16,25.7,29.9,23.4,14.6,19520.0,토마토,5kg,9,4,0,16200.0,0.0,-0.173469387755102,16097.142857142857,24.842857142857145,4.9333333333333425
2022-09-16,25.7,29.9,23.4,14.6,16120.0,토마토,5kg,9,4,0,19520.0,22040.0,0.20493827160493838,18885.714285714286,25.042857142857144,9.766666666666675
2022-09-17,25.6,29.4,23.3,4.3,0.0,토마토,5kg,9,5,1,16120.0,18640.0,-0.1741803278688525,18040.0,25.228571428571428,11.166666666666677
2022-09-17,25.6,29.4,23.3,4.3,0.0,토마토,5kg,9,5,1,0.0,19800.0,-1.0,15377.142857142857,25.37142857142857,7.733333333333342
2022-09-19,24.6,29.6,19.5,0.0,13880.0,토마토,5kg,9,0,0,17280.0,16200.0,inf,9874.285714285714,25.557142857142857,0.0
2022-09-20,19.9,24.6,16.1,0.0,17480.0,토마토,5kg,9,1,0,13880.0,19520.0,-0.1967592592592593,9542.857142857143,24.72857142857143,0.0
2022-09-20,19.9,24.6,16.1,0.0,14080.0,토마토,5kg,9,1,0,17480.0,16120.0,0.25936599423631135,9251.42857142857,23.900000000000002,0.0
2022-09-21,19.4,25.6,13.0,0.0,19520.0,토마토,5kg,9,2,0,14080.0,0.0,-0.19450800915331812,8960.0,23.014285714285712,0.0
2022-09-21,19.4,25.6,13.0,0.0,16120.0,토마토,5kg,9,2,0,19520.0,0.0,0.38636363636363646,11748.57142857143,22.12857142857143,0.0
2022-09-22,19.8,24.7,14.2,0.0,19520.0,토마토,5kg,9,3,0,16120.0,0.0,-0.1741803278688525,14051.42857142857,21.085714285714285,0.0
2022-09-22,19.8,24.7,14.2,0.0,16120.0,토마토,5kg,9,3,0,19520.0,17280.0,0.2109181141439207,16840.0,20.400000000000002,0.0
2022-09-23,17.5,22.2,14.7,3.3,22320.0,토마토,5kg,9,4,0,16120.0,13880.0,-0.1741803278688525,16674.285714285714,19.385714285714283,1.1000000000000094
2022-09-23,17.5,22.2,14.7,3.3,18920.0,토마토,5kg,9,4,0,22320.0,17480.0,0.3846153846153846,17880.0,19.042857142857144,2.2000000000000095
2022-09-24,18.5,24.2,12.3,0.0,0.0,토마토,5kg,9,5,1,18920.0,14080.0,-0.1523297491039427,18085.714285714286,18.842857142857138,2.2000000000000095
2022-09-24,18.5,24.2,12.3,0.0,0.0,토마토,5kg,9,5,1,0.0,19520.0,-1.0,16074.285714285714,18.714285714285715,1.1000000000000094
2022-09-26,20.0,25.4,14.8,0.0,18480.0,토마토,5kg,9,0,0,21680.0,16120.0,inf,11291.42857142857,18.8,0.0
2022-09-27,20.9,28.0,14.0,0.0,24000.0,토마토,5kg,9,1,0,18480.0,22320.0,-0.14760147601476015,11628.57142857143,19.285714285714285,0.0
2022-09-27,20.9,28.0,14.0,0.0,20600.0,토마토,5kg,9,1,0,24000.0,18920.0,0.2987012987012987,11868.57142857143,19.771428571428572,0.0
2022-09-28,20.4,26.1,16.1,0.0,28620.0,토마토,5kg,9,2,0,20600.0,0.0,-0.14166666666666672,12108.57142857143,20.042857142857144,0.0
2022-09-28,20.4,26.1,16.1,0.0,25220.0,토마토,5kg,9,2,0,28620.0,0.0,0.38932038834951466,16197.142857142857,20.314285714285713,0.0
2022-09-29,20.4,26.5,16.4,0.0,32900.0,토마토,5kg,9,3,0,25220.0,0.0,-0.11879804332634525,19800.0,20.428571428571427,0.0
2022-09-29,20.4,26.5,16.4,0.0,29440.0,토마토,5kg,9,3,0,32900.0,21680.0,0.30452022204599527,24500.0,20.485714285714288,0.0
2022-09-30,20.7,27.7,14.8,0.0,35120.0,토마토,5kg,9,4,0,29440.0,18480.0,-0.10516717325227964,25608.571428571428,20.585714285714285,0.0
2022-09-30,20.7,27.7,14.8,0.0,31720.0,토마토,5kg,9,4,0,35120.0,24000.0,0.19293478260869557,27985.714285714286,20.557142857142853,0.0
2022-10-01,20.9,27.6,14.4,0.0,0.0,토마토,5kg,10,5,1,31720.0,20600.0,-0.09681093394077445,29088.571428571428,20.557142857142853,0.0
2022-10-01,20.9,27.6,14.4,0.0,0.0,토마토,5kg,10,5,1,0.0,28620.0,-1.0,26145.714285714286,20.628571428571426,0.0
2022-10-04,17.9,23.0,14.2,11.8,31100.0,토마토,5kg,10,1,0,34500.0,31720.0,inf,9460.0,19.971428571428568,33.20000000000001
2022-10-05,16.6,21.6,14.1,0.1,34760.0,토마토,5kg,10,2,0,31100.0,0.0,-0.09855072463768111,9371.42857142857,19.357142857142858,7.90000000000001
2022-10-05,16.6,21.6,14.1,0.1,31360.0,토마토,5kg,10,2,0,34760.0,0.0,0.1176848874598071,14337.142857142857,18.74285714285714,4.00000000000001
2022-10-06,15.8,19.1,12.7,0.0,35160.0,토마토,5kg,10,3,0,31360.0,0.0,-0.09781357882623709,18817.14285714286,18.228571428571428,0.06666666666667614
2022-10-06,15.8,19.1,12.7,0.0,31760.0,토마토,5kg,10,3,0,35160.0,0.0,0.12117346938775508,23840.0,17.428571428571427,0.03333333333334281
2022-10-07,14.3,18.6,11.0,0.0,35300.0,토마토,5kg,10,4,0,31760.0,0.0,-0.09670079635949946,28377.14285714286,16.414285714285715,0.0
2022-10-07,14.3,18.6,11.0,0.0,31900.0,토마토,5kg,10,4,0,35300.0,34500.0,0.11146095717884141,33420.0,15.900000000000002,0.0
2022-10-08,15.8,21.6,11.1,0.0,0.0,토마토,5kg,10,5,1,31900.0,31100.0,-0.09631728045325783,33048.57142857143,15.6,0.0
2022-10-08,15.8,21.6,11.1,0.0,0.0,토마토,5kg,10,5,1,0.0,34760.0,-1.0,28605.714285714286,15.485714285714286,0.0
2022-10-11,11.1,16.4,7.4,0.0,22560.0,토마토,5kg,10,1,0,25960.0,31900.0,inf,8265.714285714286,12.385714285714284,0.0
2022-10-12,13.5,20.6,6.5,0.0,23060.0,토마토,5kg,10,2,0,22560.0,0.0,-0.13097072419106315,6931.428571428572,12.057142857142855,0.0
2022-10-12,13.5,20.6,6.5,0.0,19660.0,토마토,5kg,10,2,0,23060.0,0.0,0.022163120567375794,10225.714285714286,11.728571428571428,0.0
2022-10-13,16.3,22.7,10.7,0.0,22860.0,토마토,5kg,10,3,0,19660.0,0.0,-0.14744145706851697,13034.285714285714,12.185714285714287,0.0
2022-10-13,16.3,22.7,10.7,0.0,19460.0,토마토,5kg,10,3,0,22860.0,0.0,0.16276703967446582,16300.0,13.1,0.0
2022-10-14,17.1,23.0,12.4,0.0,22660.0,토마토,5kg,10,4,0,19460.0,0.0,-0.1487314085739283,19080.0,14.128571428571428,0.0
2022-10-14,17.1,23.0,12.4,0.0,19260.0,토마토,5kg,10,4,0,22660.0,25960.0,0.16443987667009252,22317.14285714286,14.985714285714286,0.0
2022-10-15,18.2,24.4,12.6,0.0,0.0,토마토,5kg,10,5,1,19260.0,22560.0,-0.1500441306266549,21360.0,16.0,0.0
2022-10-15,18.2,24.4,12.6,0.0,0.0,토마토,5kg,10,5,1,0.0,23060.0,-1.0,18137.14285714286,16.67142857142857,0.0
2022-10-17,11.2,15.1,7.4,0.0,19360.0,토마토,5kg,10,0,0,22760.0,19460.0,inf,12020.0,15.7,0.0
2022-10-18,9.4,14.2,5.0,0.0,22720.0,토마토,5kg,10,1,0,19360.0,22660.0,-0.14938488576449915,12005.714285714286,14.6,0.0
2022-10-18,9.4,14.2,5.0,0.0,19320.0,토마토,5kg,10,1,0,22720.0,19260.0,0.17355371900826455,12014.285714285714,13.5,0.0
2022-10-19,10.5,16.8,4.4,0.0,23060.0,토마토,5kg,10,2,0,19320.0,0.0,-0.14964788732394363,12022.857142857143,12.400000000000002,0.0
2022-10-19,10.5,16.8,4.4,0.0,19660.0,토마토,5kg,10,2,0,23060.0,0.0,0.19358178053830222,15317.142857142857,11.299999999999999,0.0
2022-10-20,12.9,19.7,6.0,0.0,21680.0,토마토,5kg,10,3,0,19660.0,0.0,-0.14744145706851697,18125.714285714286,10.728571428571428,0.0
2022-10-20,12.9,19.7,6.0,0.0,18280.0,토마토,5kg,10,3,0,21680.0,22760.0,0.10274669379450652,21222.85714285714,10.971428571428572,0.0
2022-10-21,14.0,20.9,8.8,0.0,21580.0,토마토,5kg,10,4,0,18280.0,19360.0,-0.15682656826568264,20582.85714285714,11.37142857142857,0.0
2022-10-21,14.0,20.9,8.8,0.0,18180.0,토마토,5kg,10,4,0,21580.0,22720.0,0.1805251641137855,20900.0,12.028571428571428,0.0
2022-10-22,15.1,20.8,10.5,0.0,0.0,토마토,5kg,10,5,1,18180.0,19320.0,-0.15755329008341057,20251.428571428572,12.842857142857143,0.0
2022-10-22,15.1,20.8,10.5,0.0,0.0,토마토,5kg,10,5,1,0.0,23060.0,-1.0,17491.428571428572,13.5,0.0
2022-10-24,10.6,14.8,7.5,0.0,17180.0,토마토,5kg,10,0,0,20580.0,18280.0,inf,11231.42857142857,13.342857142857143,0.0
2022-10-25,11.3,17.6,5.9,0.0,21200.0,토마토,5kg,10,1,0,17180.0,21580.0,-0.16520894071914483,11074.285714285714,12.957142857142857,0.0
2022-10-25,11.3,17.6,5.9,0.0,17800.0,토마토,5kg,10,1,0,21200.0,18180.0,0.2339930151338765,11020.0,12.571428571428571,0.0
2022-10-26,12.9,17.8,8.0,0.0,21460.0,토마토,5kg,10,2,0,17800.0,0.0,-0.160377358490566,10965.714285714286,12.257142857142856,0.0
2022-10-26,12.9,17.8,8.0,0.0,18060.0,토마토,5kg,10,2,0,21460.0,0.0,0.20561797752808997,14031.42857142857,11.942857142857141,0.0
2022-10-27,13.2,18.9,8.6,0.0,20860.0,토마토,5kg,10,3,0,18060.0,0.0,-0.1584342963653308,16611.428571428572,11.828571428571427,0.0
2022-10-27,13.2,18.9,8.6,0.0,17460.0,토마토,5kg,10,3,0,20860.0,20580.0,0.15503875968992253,19591.428571428572,12.200000000000001,0.0
2022-10-28,13.6,20.6,8.2,0.0,20660.0,토마토,5kg,10,4,0,17460.0,17180.0,-0.16299137104506234,19145.714285714286,12.628571428571428,0.0
2022-10-28,13.6,20.6,8.2,0.0,17260.0,토마토,5kg,10,4,0,20660.0,21200.0,0.18327605956471937,19642.85714285714,12.957142857142857,0.0
2022-10-29,14.8,21.3,10.2,0.0,0.0,토마토,5kg,10,5,1,17260.0,17800.0,-0.16456921587608908,19080.0,13.457142857142857,0.0
2022-10-29,14.8,21.3,10.2,0.0,0.0,토마토,5kg,10,5,1,0.0,21460.0,-1.0,16537.14285714286,13.728571428571428,0.0
2022-10-31,14.9,21.1,11.2,0.0,14740.0,토마토,5kg,10,0,0,18140.0,17460.0,inf,10502.857142857143,14.5,0.0
2022-11-01,13.1,17.8,9.4,0.0,18280.0,토마토,5kg,11,1,0,14740.0,20660.0,-0.1874310915104741,10114.285714285714,14.428571428571429,0.0
2022-11-01,13.1,17.8,9.4,0.0,14880.0,토마토,5kg,11,1,0,18280.0,17260.0,0.2401628222523744,9774.285714285714,14.357142857142858,0.0
2022-11-02,11.1,17.9,5.5,0.0,18080.0,토마토,5kg,11,2,0,14880.0,0.0,-0.1859956236323851,9434.285714285714,13.828571428571427,0.0
2022-11-02,11.1,17.9,5.5,0.0,14680.0,토마토,5kg,11,2,0,18080.0,0.0,0.21505376344086025,12017.142857142857,13.3,0.0
2022-11-03,9.3,13.4,5.6,0.0,18100.0,토마토,5kg,11,3,0,14680.0,0.0,-0.18805309734513276,14114.285714285714,12.5,0.0
2022-11-03,9.3,13.4,5.6,0.0,14700.0,토마토,5kg,11,3,0,18100.0,18140.0,0.23297002724795646,16700.0,11.7,0.0
2022-11-04,4.9,9.8,1.6,0.0,18840.0,토마토,5kg,11,4,0,14700.0,14740.0,-0.18784530386740328,16208.57142857143,10.271428571428572,0.0
2022-11-04,4.9,9.8,1.6,0.0,15440.0,토마토,5kg,11,4,0,18840.0,18280.0,0.28163265306122454,16794.285714285714,9.1,0.0
2022-11-05,6.5,13.6,0.8,0.0,0.0,토마토,5kg,11,5,1,15440.0,14880.0,-0.18046709129511673,16388.571428571428,8.157142857142857,0.0
2022-11-05,6.5,13.6,0.8,0.0,0.0,토마토,5kg,11,5,1,0.0,18080.0,-1.0,14262.857142857143,7.5,0.0
2022-11-07,11.4,16.6,6.1,0.0,14700.0,토마토,5kg,11,0,0,18100.0,14700.0,inf,9582.857142857143,7.885714285714286,0.0
2022-11-08,12.9,17.9,9.7,0.0,18040.0,토마토,5kg,11,1,0,14700.0,18840.0,-0.18784530386740328,9582.857142857143,9.028571428571428,0.0
2022-11-08,12.9,17.9,9.7,0.0,14640.0,토마토,5kg,11,1,0,18040.0,15440.0,0.22721088435374148,9468.57142857143,10.171428571428573,0.0
2022-11-09,11.4,16.0,6.7,0.0,18080.0,토마토,5kg,11,2,0,14640.0,0.0,-0.188470066518847,9354.285714285714,10.87142857142857,0.0
2022-11-09,11.4,16.0,6.7,0.0,14680.0,토마토,5kg,11,2,0,18080.0,0.0,0.23497267759562845,11937.142857142857,11.571428571428571,0.0
2022-11-10,13.5,19.1,8.8,0.0,17940.0,토마토,5kg,11,3,0,14680.0,0.0,-0.18805309734513276,14034.285714285714,12.12857142857143,0.0
2022-11-10,13.5,19.1,8.8,0.0,14540.0,토마토,5kg,11,3,0,17940.0,18100.0,0.2220708446866484,16597.14285714286,12.428571428571429,0.0
2022-11-11,15.6,22.1,10.9,0.0,17460.0,토마토,5kg,11,4,0,14540.0,14700.0,-0.18952062430323302,16088.57142857143,13.028571428571427,0.0
2022-11-11,15.6,22.1,10.9,0.0,14060.0,토마토,5kg,11,4,0,17460.0,18040.0,0.20082530949105926,16482.85714285714,13.414285714285715,0.0
2022-11-12,16.3,22.0,11.6,57.9,0.0,토마토,5kg,11,5,1,14060.0,14640.0,-0.1947308132875143,15914.285714285714,13.9,19.300000000000008
2022-11-12,16.3,22.0,11.6,57.9,0.0,토마토,5kg,11,5,1,0.0,18080.0,-1.0,13822.857142857143,14.6,38.60000000000001
2022-11-14,9.7,13.8,5.9,0.0,14460.0,토마토,5kg,11,0,0,17860.0,14540.0,inf,9131.42857142857,13.357142857142858,0.0
2022-11-15,8.1,12.3,4.0,1.6,17460.0,토마토,5kg,11,1,0,14460.0,17460.0,-0.19036954087346025,9120.0,12.285714285714286,0.5333333333333429
2022-11-15,8.1,12.3,4.0,1.6,14060.0,토마토,5kg,11,1,0,17460.0,14060.0,0.20746887966804972,9120.0,11.214285714285714,1.0666666666666762
2022-11-16,8.5,13.0,5.5,0.0,18180.0,토마토,5kg,11,2,0,14060.0,0.0,-0.1947308132875143,9120.0,10.1,1.0666666666666762
2022-11-16,8.5,13.0,5.5,0.0,14780.0,토마토,5kg,11,2,0,18180.0,0.0,0.2930298719772404,11717.142857142857,8.985714285714286,0.5333333333333429
2022-11-17,10.2,16.6,5.4,0.0,18320.0,토마토,5kg,11,3,0,14780.0,0.0,-0.187018701870187,13828.57142857143,8.971428571428572,0.0
2022-11-17,10.2,16.6,5.4,0.0,14920.0,토마토,5kg,11,3,0,18320.0,17860.0,0.23951285520974297,16445.714285714286,9.042857142857143,0.0
2022-11-18,11.0,18.1,5.3,0.0,19340.0,토마토,5kg,11,4,0,14920.0,14460.0,-0.18558951965065507,16025.714285714286,9.228571428571428,0.0
2022-11-18,11.0,18.1,5.3,0.0,15940.0,토마토,5kg,11,4,0,19340.0,17460.0,0.29624664879356577,16722.85714285714,9.642857142857142,0.0
2022-11-19,12.9,19.2,8.7,0.0,0.0,토마토,5kg,11,5,1,15940.0,14060.0,-0.17580144777662876,16505.714285714286,10.328571428571427,0.0
2022-11-19,12.9,19.2,8.7,0.0,0.0,토마토,5kg,11,5,1,0.0,18180.0,-1.0,14497.142857142857,10.957142857142857,0.0
2022-11-21,11.8,16.2,9.3,0.0,14320.0,토마토,5kg,11,0,0,17720.0,14920.0,inf,9702.857142857143,12.157142857142857,0.0
2022-11-22,10.7,13.7,7.0,0.0,17320.0,토마토,5kg,11,1,0,14320.0,19340.0,-0.19187358916478559,9617.142857142857,12.114285714285714,0.0
2022-11-22,10.7,13.7,7.0,0.0,13920.0,토마토,5kg,11,1,0,17320.0,15940.0,0.2094972067039107,9328.57142857143,12.071428571428571,0.0
2022-11-23,10.8,15.2,6.8,0.0,16400.0,토마토,5kg,11,2,0,13920.0,0.0,-0.19630484988452657,9040.0,11.771428571428572,0.0
2022-11-23,10.8,15.2,6.8,0.0,13000.0,토마토,5kg,11,2,0,16400.0,0.0,0.17816091954022983,11382.857142857143,11.471428571428572,0.0
2022-11-24,9.4,14.1,5.9,0.0,15320.0,토마토,5kg,11,3,0,13000.0,0.0,-0.20731707317073167,13240.0,10.857142857142858,0.0
2022-11-24,9.4,14.1,5.9,0.0,11920.0,토마토,5kg,11,3,0,15320.0,17720.0,0.17846153846153845,15428.57142857143,10.514285714285714,0.0
2022-11-25,12.3,17.8,7.1,1.7,14320.0,토마토,5kg,11,4,0,11920.0,14320.0,-0.22193211488250653,14600.0,10.585714285714287,0.5666666666666761
2022-11-25,12.3,17.8,7.1,1.7,10720.0,토마토,5kg,11,4,0,14320.0,17320.0,0.20134228187919456,14600.0,10.814285714285715,1.1333333333333429
2022-11-26,6.7,12.9,1.0,0.0,0.0,토마토,5kg,11,5,1,10720.0,13920.0,-0.25139664804469275,13657.142857142857,10.242857142857144,1.1333333333333429
2022-11-26,6.7,12.9,1.0,0.0,0.0,토마토,5kg,11,5,1,0.0,16400.0,-1.0,11668.57142857143,9.657142857142858,0.5666666666666761
2022-11-28,12.3,15.0,7.5,19.5,10780.0,토마토,5kg,11,0,0,14380.0,11920.0,inf,7334.285714285715,9.714285714285714,13.000000000000009
2022-11-29,6.9,15.0,-1.6,3.8,13760.0,토마토,5kg,11,1,0,10780.0,14320.0,-0.2503477051460362,7171.428571428572,8.942857142857145,14.266666666666675
2022-11-29,6.9,15.0,-1.6,3.8,10320.0,토마토,5kg,11,1,0,13760.0,10720.0,0.27643784786641934,7091.428571428572,8.171428571428573,9.033333333333344
2022-11-30,-5.4,-1.6,-8.1,0.0,13160.0,토마토,5kg,11,2,0,10320.0,0.0,-0.25,7034.285714285715,6.442857142857143,2.5333333333333425
2022-11-30,-5.4,-1.6,-8.1,0.0,9720.0,토마토,5kg,11,2,0,13160.0,0.0,0.27519379844961245,8914.285714285714,4.714285714285714,1.2666666666666762
2022-12-01,-5.4,-1.2,-9.4,0.0,13280.0,토마토,5kg,12,3,0,9720.0,0.0,-0.2613981762917933,10302.857142857143,3.1714285714285717,0.0
2022-12-01,-5.4,-1.2,-9.4,0.0,9800.0,토마토,5kg,12,3,0,13280.0,14380.0,0.3662551440329218,12200.0,0.6428571428571429,0.0
2022-12-02,-2.5,3.0,-7.6,0.0,0.0,토마토,5kg,12,4,0,9800.0,10780.0,-0.2620481927710844,11545.714285714286,-1.4714285714285715,0.0
2022-12-02,-2.5,3.0,-7.6,0.0,0.0,토마토,5kg,12,4,0,0.0,13760.0,-1.0,10005.714285714286,-2.8142857142857145,0.0
2022-12-05,-3.1,1.9,-7.0,0.0,9600.0,토마토,5kg,12,0,0,13080.0,13280.0,inf,5165.714285714285,-2.5714285714285716,0.0
2022-12-06,0.9,5.3,-3.9,0.1,13200.0,토마토,5kg,12,1,0,9600.0,9800.0,-0.2660550458715596,4640.0,-1.6714285714285713,0.03333333333334281
2022-12-06,0.9,5.3,-3.9,0.1,9720.0,토마토,5kg,12,1,0,13200.0,0.0,0.375,5125.714285714285,-1.1857142857142857,0.06666666666667614
2022-12-07,4.9,9.0,1.2,0.1,13200.0,토마토,5kg,12,2,0,9720.0,0.0,-0.26363636363636367,6514.285714285715,-0.1285714285714285,0.1
2022-12-07,4.9,9.0,1.2,0.1,9720.0,토마토,5kg,12,2,0,13200.0,0.0,0.3580246913580247,8400.0,0.2714285714285715,0.1
2022-12-08,3.7,9.1,0.1,0.0,13280.0,토마토,5kg,12,3,0,9720.0,0.0,-0.26363636363636367,9788.57142857143,1.3000000000000003,0.06666666666667614
2022-12-08,3.7,9.1,0.1,0.0,9800.0,토마토,5kg,12,3,0,13280.0,13080.0,0.3662551440329218,11685.714285714286,2.271428571428572,0.03333333333334281
2022-12-09,4.5,10.2,0.9,0.0,13220.0,토마토,5kg,12,4,0,9800.0,9600.0,-0.2620481927710844,11217.142857142857,3.357142857142857,0.0
2022-12-09,4.5,10.2,0.9,0.0,9740.0,토마토,5kg,12,4,0,13220.0,13200.0,0.34897959183673466,11734.285714285714,3.8714285714285714,0.0
2022-12-10,2.6,6.7,-0.6,0.0,0.0,토마토,5kg,12,5,1,9740.0,9720.0,-0.2632375189107413,11240.0,4.114285714285715,0.0
2022-12-10,2.6,6.7,-0.6,0.0,0.0,토마토,5kg,12,5,1,0.0,13200.0,-1.0,9851.42857142857,3.7857142857142856,0.0
2022-12-12,2.0,6.3,-2.0,5.4,9232.0,토마토,5kg,12,0,0,12740.0,9800.0,inf,6500.0,2.8285714285714287,3.60000000000001
2022-12-13,0.0,3.1,-6.4,0.6,12540.0,토마토,5kg,12,1,0,9232.0,13220.0,-0.2753532182103611,6418.857142857143,2.185714285714286,3.8000000000000096
2022-12-13,0.0,3.1,-6.4,0.6,9032.0,토마토,5kg,12,1,0,12540.0,9740.0,0.35831889081455803,6321.714285714285,1.542857142857143,2.2000000000000095
2022-12-14,-8.4,-4.9,-11.0,0.0,12820.0,토마토,5kg,12,2,0,9032.0,0.0,-0.27974481658692185,6220.571428571428,-0.02857142857142847,0.40000000000000946
2022-12-14,-8.4,-4.9,-11.0,0.0,9232.0,토마토,5kg,12,2,0,12820.0,0.0,0.41939769707705943,8052.0,-1.5999999999999999,0.20000000000000948
2022-12-15,-4.5,-1.3,-8.5,2.4,12980.0,토마토,5kg,12,3,0,9232.0,0.0,-0.27987519500780034,9370.857142857143,-2.4714285714285715,0.8000000000000095
2022-12-15,-4.5,-1.3,-8.5,2.4,9392.0,토마토,5kg,12,3,0,12980.0,12740.0,0.4059792027729636,11225.142857142857,-3.4,1.6000000000000094
2022-12-16,-6.3,-2.2,-9.6,0.0,12980.0,토마토,5kg,12,4,0,9392.0,9232.0,-0.27642526964560865,10746.857142857143,-4.585714285714286,1.6000000000000094
2022-12-16,-6.3,-2.2,-9.6,0.0,9392.0,토마토,5kg,12,4,0,12980.0,12540.0,0.38202725724020437,11282.285714285714,-5.485714285714286,0.8000000000000095
2022-12-17,-7.0,-3.2,-9.8,0.2,0.0,토마토,5kg,12,5,1,9392.0,9032.0,-0.27642526964560865,10832.57142857143,-6.485714285714286,0.06666666666667614
2022-12-17,-7.0,-3.2,-9.8,0.2,0.0,토마토,5kg,12,5,1,0.0,12820.0,-1.0,9542.285714285714,-6.285714285714286,0.13333333333334282
2022-12-19,-7.0,-2.5,-12.0,0.0,8752.0,토마토,5kg,12,0,0,11980.0,9392.0,inf,6249.142857142857,-7.157142857142857,0.0
2022-12-20,-3.2,2.9,-9.5,0.0,11980.0,토마토,5kg,12,1,0,8752.0,12980.0,-0.269449081803005,6157.714285714285,-6.714285714285714,0.0
2022-12-20,-3.2,2.9,-9.5,0.0,8752.0,토마토,5kg,12,1,0,11980.0,9392.0,0.3688299817184644,6014.857142857143,-6.271428571428572,0.0
2022-12-21,-0.1,2.6,-2.6,3.6,11920.0,토마토,5kg,12,2,0,8752.0,0.0,-0.269449081803005,5923.428571428572,-5.285714285714286,1.2000000000000095
2022-12-21,-0.1,2.6,-2.6,3.6,8692.0,토마토,5kg,12,2,0,11920.0,0.0,0.36197440585009133,7626.285714285715,-4.3,2.4000000000000097
2022-12-22,-7.8,-2.6,-11.3,0.0,11920.0,토마토,5kg,12,3,0,8692.0,0.0,-0.27080536912751674,8868.0,-4.057142857142858,2.4000000000000097
2022-12-22,-7.8,-2.6,-11.3,0.0,8692.0,토마토,5kg,12,3,0,11920.0,11980.0,0.3713759779107224,10570.857142857143,-4.171428571428572,1.2000000000000095
2022-12-23,-11.8,-8.6,-13.7,0.0,12120.0,토마토,5kg,12,4,0,8692.0,8752.0,-0.27080536912751674,10101.142857142857,-4.857142857142857,0.0
2022-12-23,-11.8,-8.6,-13.7,0.0,8892.0,토마토,5kg,12,4,0,12120.0,11980.0,0.3943856419696272,10582.285714285714,-6.085714285714286,0.0
2022-12-24,-8.4,-2.0,-13.5,0.0,0.0,토마토,5kg,12,5,1,8892.0,8752.0,-0.26633663366336635,10141.142857142857,-6.828571428571429,0.0
2022-12-24,-8.4,-2.0,-13.5,0.0,0.0,토마토,5kg,12,5,1,0.0,11920.0,-1.0,8890.857142857143,-8.014285714285716,0.0
2022-12-26,-3.9,1.7,-7.9,0.0,8720.0,토마토,5kg,12,0,0,12120.0,8692.0,inf,5974.857142857143,-7.6571428571428575,0.0
2022-12-27,-2.6,3.3,-7.3,0.0,11840.0,토마토,5kg,12,1,0,8720.0,12120.0,-0.2805280528052805,5978.857142857143,-6.3428571428571425,0.0
2022-12-27,-2.6,3.3,-7.3,0.0,8464.0,토마토,5kg,12,1,0,11840.0,8892.0,0.35779816513761475,5938.857142857143,-5.028571428571429,0.0
2022-12-28,-3.3,0.1,-6.0,0.1,12120.0,토마토,5kg,12,2,0,8464.0,0.0,-0.2851351351351351,5877.714285714285,-4.3,0.03333333333334281
2022-12-28,-3.3,0.1,-6.0,0.1,8726.0,토마토,5kg,12,2,0,12120.0,0.0,0.43194706994328924,7609.142857142857,-3.5714285714285716,0.06666666666667614
2022-12-29,-2.9,2.1,-7.8,0.0,12600.0,토마토,5kg,12,3,0,8726.0,0.0,-0.28003300330033,8855.714285714286,-3.2142857142857144,0.06666666666667614
2022-12-29,-2.9,2.1,-7.8,0.0,9200.0,토마토,5kg,12,3,0,12600.0,12120.0,0.443960577584231,10655.714285714286,-3.0714285714285716,0.03333333333334281
2022-12-30,-1.8,2.3,-4.4,0.0,12600.0,토마토,5kg,12,4,0,9200.0,8720.0,-0.2698412698412699,10238.57142857143,-2.771428571428572,0.0
2022-12-30,-1.8,2.3,-4.4,0.0,9200.0,토마토,5kg,12,4,0,12600.0,11840.0,0.36956521739130443,10792.857142857143,-2.657142857142857,0.0
2022-12-31,-1.2,2.1,-5.1,0.0,0.0,토마토,5kg,12,5,1,9200.0,8464.0,-0.2698412698412699,10415.714285714286,-2.457142857142857,0.0
2022-12-31,-1.2,2.1,-5.1,0.0,0.0,토마토,5kg,12,5,1,0.0,12120.0,-1.0,9206.57142857143,-2.157142857142857,0.0
2023-01-02,-4.5,-0.4,-7.4,0.0,9000.0,토마토,5kg,1,0,0,12400.0,9200.0,inf,6200.0,-2.1714285714285713,0.0
2023-01-03,-5.0,0.6,-9.0,0.0,13280.0,토마토,5kg,1,1,0,9000.0,12600.0,-0.27419354838709675,6171.428571428572,-2.6285714285714286,0.0
2023-01-03,-5.0,0.6,-9.0,0.0,9680.0,토마토,5kg,1,1,0,13280.0,9200.0,0.4755555555555555,6268.571428571428,-3.085714285714286,0.0
2023-01-04,-1.8,3.3,-5.7,0.0,13480.0,토마토,5kg,1,2,0,9680.0,0.0,-0.27108433734939763,6337.142857142857,-3.1714285714285713,0.0
2023-01-04,-1.8,3.3,-5.7,0.0,9880.0,토마토,5kg,1,2,0,13480.0,0.0,0.3925619834710743,8262.857142857143,-3.257142857142857,0.0
2023-01-05,-1.6,3.6,-5.6,0.0,12900.0,토마토,5kg,1,3,0,9880.0,0.0,-0.26706231454005935,9674.285714285714,-3.4571428571428577,0.0
2023-01-05,-1.6,3.6,-5.6,0.0,9300.0,토마토,5kg,1,3,0,12900.0,12400.0,0.3056680161943319,11517.142857142857,-3.042857142857143,0.0
2023-01-06,0.6,5.7,-4.7,3.9,12860.0,토마토,5kg,1,4,0,9300.0,9000.0,-0.2790697674418605,11074.285714285714,-2.314285714285714,1.3000000000000094
2023-01-06,0.6,5.7,-4.7,3.9,9310.0,토마토,5kg,1,4,0,12860.0,13280.0,0.3827956989247312,11625.714285714286,-1.5142857142857142,2.6000000000000094
2023-01-07,1.5,3.8,-1.4,0.1,0.0,토마토,5kg,1,5,1,9310.0,9680.0,-0.276049766718507,11058.57142857143,-0.5857142857142857,2.6333333333333426
2023-01-07,1.5,3.8,-1.4,0.1,0.0,토마토,5kg,1,5,1,0.0,13480.0,-1.0,9675.714285714286,-0.11428571428571435,1.3666666666666762
2023-01-09,3.1,7.0,-1.3,0.0,9030.0,토마토,5kg,1,0,0,12580.0,9300.0,inf,6292.857142857143,1.6714285714285713,0.0
2023-01-10,1.6,9.1,-3.9,0.0,12380.0,토마토,5kg,1,1,0,9030.0,12860.0,-0.2821939586645469,6254.285714285715,1.8142857142857143,0.0
2023-01-10,1.6,9.1,-3.9,0.0,8836.0,토마토,5kg,1,1,0,12380.0,9310.0,0.3709856035437431,6185.714285714285,1.9571428571428573,0.0
2023-01-11,2.6,9.2,-2.0,0.0,12560.0,토마토,5kg,1,2,0,8836.0,0.0,-0.28626817447495956,6118.0,2.1142857142857143,0.0
2023-01-11,2.6,9.2,-2.0,0.0,9016.0,토마토,5kg,1,2,0,12560.0,0.0,0.42145767315527394,7912.285714285715,2.2714285714285714,0.0
2023-01-12,5.9,12.5,-0.6,0.0,13860.0,토마토,5kg,1,3,0,9016.0,0.0,-0.28216560509554145,9200.285714285714,2.9285714285714284,0.0
2023-01-12,5.9,12.5,-0.6,0.0,10260.0,토마토,5kg,1,3,0,13860.0,12580.0,0.5372670807453417,11180.285714285714,3.3285714285714283,0.0
2023-01-13,8.3,10.1,5.1,37.3,14460.0,토마토,5kg,1,4,0,10260.0,9030.0,-0.2597402597402597,10848.857142857143,4.071428571428571,12.433333333333342
2023-01-13,8.3,10.1,5.1,37.3,10860.0,토마토,5kg,1,4,0,14460.0,12380.0,0.4093567251461989,11624.57142857143,5.028571428571429,24.866666666666674
2023-01-14,6.6,8.4,3.8,1.6,0.0,토마토,5kg,1,5,1,10860.0,8836.0,-0.24896265560165975,11407.42857142857,5.742857142857143,25.400000000000006
2023-01-14,6.6,8.4,3.8,1.6,0.0,토마토,5kg,1,5,1,0.0,12560.0,-1.0,10145.142857142857,6.314285714285715,13.500000000000009
2023-01-16,-4.6,-1.2,-6.8,0.0,10020.0,토마토,5kg,1,0,0,13620.0,10260.0,inf,7028.571428571428,2.914285714285714,1.0666666666666762
2023-01-17,-3.7,-0.4,-7.0,0.0,13540.0,토마토,5kg,1,1,0,10020.0,14460.0,-0.26431718061674003,6994.285714285715,1.2,0.0
2023-01-17,-3.7,-0.4,-7.0,0.0,9940.0,토마토,5kg,1,1,0,13540.0,10860.0,0.3512974051896207,6862.857142857143,-0.5142857142857143,0.0
2023-01-18,-1.9,2.2,-4.6,0.0,13980.0,토마토,5kg,1,2,0,9940.0,0.0,-0.26587887740029537,6731.428571428572,-1.7285714285714284,0.0
2023-01-18,-1.9,2.2,-4.6,0.0,10326.0,토마토,5kg,1,2,0,13980.0,0.0,0.40643863179074446,8728.57142857143,-2.9428571428571426,0.0
2023-01-19,-0.4,4.3,-6.0,1.0,14180.0,토마토,5kg,1,3,0,10326.0,0.0,-0.26137339055793996,10203.714285714286,-2.9714285714285715,0.3333333333333428
2023-01-19,-0.4,4.3,-6.0,1.0,10526.0,토마토,5kg,1,3,0,14180.0,13620.0,0.3732326166957196,12229.42857142857,-2.3714285714285714,0.6666666666666762
2023-01-20,-3.3,2.0,-7.7,0.0,14580.0,토마토,5kg,1,4,0,10526.0,10020.0,-0.25768688293370945,11787.42857142857,-2.185714285714286,0.6666666666666762
2023-01-20,-3.3,2.0,-7.7,0.0,10926.0,토마토,5kg,1,4,0,14580.0,13540.0,0.38514155424662744,12438.857142857143,-2.1285714285714286,0.3333333333333428
2023-01-21,-4.5,1.5,-10.5,0.0,0.0,토마토,5kg,1,5,1,10926.0,9940.0,-0.25061728395061733,12065.42857142857,-2.242857142857143,0.0
2023-01-21,-4.5,1.5,-10.5,0.0,0.0,토마토,5kg,1,5,1,0.0,13980.0,-1.0,10645.42857142857,-2.614285714285714,0.0
2023-01-25,-11.3,-5.4,-17.3,0.0,10526.0,토마토,5kg,1,2,0,14180.0,0.0,inf,2025.7142857142858,-7.742857142857143,0.0
2023-01-26,-6.0,-3.5,-9.0,0.8,13360.0,토마토,5kg,1,3,0,10526.0,0.0,-0.25768688293370945,3529.4285714285716,-8.514285714285714,0.26666666666667616
2023-01-26,-6.0,-3.5,-9.0,0.8,9766.0,토마토,5kg,1,3,0,13360.0,0.0,0.2692380771423142,5438.0,-9.257142857142856,0.5333333333333429
2023-01-27,-7.3,-3.8,-9.6,0.0,14080.0,토마토,5kg,1,4,0,9766.0,0.0,-0.26901197604790417,6833.142857142857,-10.185714285714285,0.5333333333333429
2023-01-27,-7.3,-3.8,-9.6,0.0,10492.0,토마토,5kg,1,4,0,14080.0,0.0,0.44173663731312707,8844.57142857143,-9.12857142857143,0.26666666666667616
2023-01-28,-6.0,-0.6,-11.2,0.0,0.0,토마토,5kg,1,5,1,10492.0,0.0,-0.2548295454545455,10343.42857142857,-7.885714285714286,0.0
2023-01-28,-6.0,-0.6,-11.2,0.0,0.0,토마토,5kg,1,5,1,0.0,14180.0,-1.0,10343.42857142857,-7.128571428571429,0.0
2023-01-30,-0.9,4.2,-4.4,0.0,10292.0,토마토,5kg,1,0,0,13880.0,9766.0,inf,6888.285714285715,-4.314285714285714,0.0
2023-01-31,2.4,7.8,-3.5,0.0,13880.0,토마토,5kg,1,1,0,10292.0,14080.0,-0.2585014409221902,6963.428571428572,-2.9285714285714284,0.0
2023-01-31,2.4,7.8,-3.5,0.0,10292.0,토마토,5kg,1,1,0,13880.0,10492.0,0.348620287602021,6934.857142857143,-1.542857142857143,0.0
2023-02-01,0.9,6.0,-3.0,0.0,13960.0,토마토,5kg,2,2,0,10292.0,0.0,-0.2585014409221902,6906.285714285715,-0.5571428571428572,0.0
2023-02-01,0.9,6.0,-3.0,0.0,10360.0,토마토,5kg,2,2,0,13960.0,0.0,0.35639331519626904,8900.57142857143,0.42857142857142855,0.0
2023-02-02,-2.4,1.4,-5.1,0.0,14980.0,토마토,5kg,2,3,0,10360.0,0.0,-0.2578796561604585,10380.57142857143,0.3428571428571428,0.0
2023-02-02,-2.4,1.4,-5.1,0.0,11380.0,토마토,5kg,2,3,0,14980.0,13880.0,0.44594594594594605,12520.57142857143,0.12857142857142856,0.0
2023-02-03,-1.6,3.4,-3.9,0.0,15580.0,토마토,5kg,2,4,0,11380.0,10292.0,-0.24032042723631508,12163.42857142857,0.028571428571428532,0.0
2023-02-03,-1.6,3.4,-3.9,0.0,11980.0,토마토,5kg,2,4,0,15580.0,13880.0,0.36906854130052724,12918.857142857143,-0.5428571428571429,0.0
2023-02-04,-0.2,6.0,-5.2,0.0,0.0,토마토,5kg,2,5,1,11980.0,10292.0,-0.23106546854942234,12647.42857142857,-0.9142857142857144,0.0
2023-02-04,-0.2,6.0,-5.2,0.0,0.0,토마토,5kg,2,5,1,0.0,13960.0,-1.0,11177.142857142857,-1.0714285714285716,0.0
2023-02-06,3.0,8.8,-1.7,0.0,12480.0,토마토,5kg,2,0,0,16080.0,11380.0,inf,7860.0,0.5857142857142856,0.0
2023-02-07,3.5,9.5,-0.6,0.0,17000.0,토마토,5kg,2,1,0,12480.0,15580.0,-0.22388059701492535,8017.142857142857,1.3142857142857143,0.0
2023-02-07,3.5,9.5,-0.6,0.0,13400.0,토마토,5kg,2,1,0,17000.0,11980.0,0.3621794871794872,8220.0,2.042857142857143,0.0
2023-02-08,2.1,7.8,-1.3,0.0,18080.0,토마토,5kg,2,2,0,13400.0,0.0,-0.21176470588235297,8422.857142857143,2.3714285714285714,0.0
2023-02-08,2.1,7.8,-1.3,0.0,14480.0,토마토,5kg,2,2,0,18080.0,0.0,0.3492537313432835,11005.714285714286,2.6999999999999997,0.0
2023-02-09,4.0,9.9,-2.8,0.0,17960.0,토마토,5kg,2,3,0,14480.0,0.0,-0.1991150442477876,13074.285714285714,3.0285714285714285,0.0
2023-02-09,4.0,9.9,-2.8,0.0,14360.0,토마토,5kg,2,3,0,17960.0,16080.0,0.2403314917127073,15640.0,3.1714285714285713,0.0
2023-02-10,3.8,6.2,1.1,0.6,17960.0,토마토,5kg,2,4,0,14360.0,12480.0,-0.20044543429844097,15394.285714285714,3.2857142857142856,0.20000000000000948
2023-02-10,3.8,6.2,1.1,0.6,14360.0,토마토,5kg,2,4,0,17960.0,17000.0,0.25069637883008355,16177.142857142857,3.3285714285714283,0.40000000000000946
2023-02-11,2.8,8.5,-1.2,0.0,0.0,토마토,5kg,2,5,1,14360.0,13400.0,-0.20044543429844097,15800.0,3.228571428571428,0.40000000000000946
2023-02-11,2.8,8.5,-1.2,0.0,0.0,토마토,5kg,2,5,1,0.0,18080.0,-1.0,13885.714285714286,3.3285714285714283,0.20000000000000948
2023-02-13,5.9,8.4,2.7,0.0,14500.0,토마토,5kg,2,0,0,18100.0,14360.0,inf,9254.285714285714,4.1,0.0
2023-02-14,1.7,6.6,-2.5,0.0,18240.0,토마토,5kg,2,1,0,14500.0,17960.0,-0.19889502762430944,9274.285714285714,3.8,0.0
2023-02-14,1.7,6.6,-2.5,0.0,14640.0,토마토,5kg,2,1,0,18240.0,14360.0,0.25793103448275856,9314.285714285714,3.5,0.0
2023-02-15,3.2,8.9,-1.2,0.0,18580.0,토마토,5kg,2,2,0,14640.0,0.0,-0.19736842105263153,9354.285714285714,3.5571428571428574,0.0
2023-02-15,3.2,8.9,-1.2,0.0,14900.0,토마토,5kg,2,2,0,18580.0,0.0,0.2691256830601092,12008.57142857143,3.6142857142857143,0.0
2023-02-16,2.3,4.5,-0.7,0.0,18340.0,토마토,5kg,2,3,0,14900.0,0.0,-0.19806243272335844,14137.142857142857,3.4142857142857146,0.0
2023-02-16,2.3,4.5,-0.7,0.0,14660.0,토마토,5kg,2,3,0,18340.0,18100.0,0.23087248322147658,16757.14285714286,2.9,0.0
2023-02-17,3.4,9.8,-1.5,0.0,19620.0,토마토,5kg,2,4,0,14660.0,14500.0,-0.2006543075245365,16265.714285714286,2.5428571428571423,0.0
2023-02-17,3.4,9.8,-1.5,0.0,15940.0,토마토,5kg,2,4,0,19620.0,18240.0,0.3383356070941337,16997.14285714286,2.7857142857142856,0.0
2023-02-18,5.7,8.1,3.0,0.0,0.0,토마토,5kg,2,5,1,15940.0,14640.0,-0.18756371049949028,16668.571428571428,3.357142857142857,0.0
2023-02-18,5.7,8.1,3.0,0.0,0.0,토마토,5kg,2,5,1,0.0,18580.0,-1.0,14577.142857142857,3.714285714285714,0.0
2023-02-20,-0.5,2.4,-3.5,0.0,17460.0,토마토,5kg,2,0,0,21100.0,14660.0,inf,10188.57142857143,2.957142857142857,0.13333333333334282
2023-02-21,-1.3,4.8,-5.3,0.0,21380.0,토마토,5kg,2,1,0,17460.0,19620.0,-0.17251184834123223,10588.57142857143,2.2857142857142856,0.0
2023-02-21,-1.3,4.8,-5.3,0.0,17900.0,토마토,5kg,2,1,0,21380.0,15940.0,0.2245131729667813,10840.0,1.614285714285714,0.0
2023-02-22,1.2,8.4,-4.5,0.0,21360.0,토마토,5kg,2,2,0,17900.0,0.0,-0.16276894293732458,11120.0,0.9714285714285712,0.0
2023-02-22,1.2,8.4,-4.5,0.0,17880.0,토마토,5kg,2,2,0,21360.0,0.0,0.19329608938547493,14171.42857142857,0.3285714285714283,0.0
2023-02-23,2.9,9.2,-1.8,0.0,21940.0,토마토,5kg,2,3,0,17880.0,0.0,-0.1629213483146067,16725.714285714286,0.24285714285714258,0.0
2023-02-23,2.9,9.2,-1.8,0.0,18460.0,토마토,5kg,2,3,0,21940.0,21100.0,0.22706935123042515,19860.0,0.7285714285714283,0.0
2023-02-24,3.5,8.5,-0.4,0.0,21780.0,토마토,5kg,2,4,0,18460.0,17460.0,-0.15861440291704654,19482.85714285714,1.2999999999999996,0.0
2023-02-24,3.5,8.5,-0.4,0.0,18300.0,토마토,5kg,2,4,0,21780.0,21380.0,0.17984832069339118,20100.0,1.9857142857142855,0.0
2023-02-25,0.7,5.7,-2.9,0.0,0.0,토마토,5kg,2,5,1,18300.0,17900.0,-0.15977961432506882,19660.0,2.271428571428571,0.0
2023-02-25,0.7,5.7,-2.9,0.0,0.0,토마토,5kg,2,5,1,0.0,21360.0,-1.0,17102.85714285714,2.1999999999999997,0.0
2023-02-27,4.4,12.4,-1.8,0.0,17540.0,토마토,5kg,2,0,0,21020.0,18460.0,inf,11365.714285714286,2.7714285714285714,0.0
2023-02-28,4.3,8.7,-0.7,0.0,21660.0,토마토,5kg,2,1,0,17540.0,21780.0,-0.16555661274976208,11234.285714285714,2.8857142857142857,0.0
2023-02-28,4.3,8.7,-0.7,0.0,18180.0,토마토,5kg,2,1,0,21660.0,18300.0,0.23489167616875717,11217.142857142857,3.0,0.0
2023-03-01,6.0,9.0,2.9,0.0,0.0,토마토,5kg,3,2,0,18180.0,0.0,-0.16066481994459836,11200.0,3.7571428571428567,0.0
2023-03-01,6.0,9.0,2.9,0.0,0.0,토마토,5kg,3,2,0,0.0,0.0,-1.0,11200.0,4.514285714285714,0.0
2023-03-02,2.2,6.6,-1.8,0.0,18140.0,토마토,5kg,3,3,0,21500.0,21020.0,inf,14271.42857142857,4.2,0.0
2023-03-03,4.6,10.4,-1.9,0.0,21120.0,토마토,5kg,3,4,0,18140.0,17540.0,-0.15627906976744188,13860.0,4.228571428571429,0.0
2023-03-03,4.6,10.4,-1.9,0.0,17960.0,토마토,5kg,3,4,0,21120.0,21660.0,0.16427783902976856,14371.42857142857,4.271428571428571,0.0
2023-03-04,7.7,14.1,3.7,0.0,0.0,토마토,5kg,3,5,1,17960.0,18180.0,-0.14962121212121215,13842.857142857143,4.757142857142857,0.0
2023-03-04,7.7,14.1,3.7,0.0,0.0,토마토,5kg,3,5,1,0.0,0.0,-1.0,11245.714285714286,5.0,0.0
2023-03-06,9.2,16.5,2.2,0.0,17220.0,토마토,5kg,3,0,0,20420.0,18140.0,inf,11091.42857142857,7.285714285714286,0.0
2023-03-07,11.7,19.4,6.3,0.0,19460.0,토마토,5kg,3,1,0,17220.0,21120.0,-0.1567091087169442,10960.0,8.299999999999999,0.0
2023-03-07,11.7,19.4,6.3,0.0,16660.0,토마토,5kg,3,1,0,19460.0,17960.0,0.13008130081300817,10722.857142857143,9.314285714285713,0.0
2023-03-08,12.5,17.7,7.4,1.2,19500.0,토마토,5kg,3,2,0,16660.0,0.0,-0.14388489208633093,10537.142857142857,10.0,0.40000000000000946
2023-03-08,12.5,17.7,7.4,1.2,16700.0,토마토,5kg,3,2,0,19500.0,0.0,0.17046818727490987,13322.857142857143,10.685714285714285,0.8000000000000095
2023-03-09,10.3,13.1,7.4,3.7,18380.0,토마토,5kg,3,3,0,16700.0,0.0,-0.14358974358974363,15708.57142857143,11.014285714285714,2.0333333333333425
2023-03-09,10.3,13.1,7.4,3.7,15060.0,토마토,5kg,3,3,0,18380.0,20420.0,0.10059880239520957,18334.285714285714,11.171428571428569,2.866666666666676
2023-03-10,13.5,22.2,6.2,0.0,19160.0,토마토,5kg,3,4,0,15060.0,17220.0,-0.18063112078346033,17568.571428571428,11.785714285714286,2.466666666666676
2023-03-10,13.5,22.2,6.2,0.0,16200.0,토마토,5kg,3,4,0,19160.0,19460.0,0.27224435590969454,17845.714285714286,12.042857142857143,1.233333333333343
2023-03-11,15.2,22.8,10.2,0.0,0.0,토마토,5kg,3,5,1,16200.0,16660.0,-0.1544885177453027,17380.0,12.542857142857143,0.0
2023-03-11,15.2,22.8,10.2,0.0,0.0,토마토,5kg,3,5,1,0.0,19500.0,-1.0,15000.0,12.928571428571429,0.0
2023-03-13,2.9,7.6,-1.9,0.0,14340.0,토마토,5kg,3,0,0,17220.0,15060.0,inf,9662.857142857143,9.87142857142857,1.866666666666676
2023-03-14,9.2,15.4,3.3,0.0,18000.0,토마토,5kg,3,1,0,14340.0,19160.0,-0.16724738675958184,9560.0,9.257142857142856,0.0
2023-03-14,9.2,15.4,3.3,0.0,15160.0,토마토,5kg,3,1,0,18000.0,16200.0,0.2552301255230125,9394.285714285714,8.642857142857142,0.0
2023-03-15,8.6,14.4,3.5,0.0,17480.0,토마토,5kg,3,2,0,15160.0,0.0,-0.1577777777777778,9245.714285714286,7.699999999999998,0.0
2023-03-15,8.6,14.4,3.5,0.0,14640.0,토마토,5kg,3,2,0,17480.0,0.0,0.15303430079155667,11742.857142857143,6.757142857142857,0.0
2023-03-16,4.6,9.0,0.4,0.0,17960.0,토마토,5kg,3,3,0,14640.0,0.0,-0.1624713958810069,13834.285714285714,6.571428571428571,0.0
2023-03-16,4.6,9.0,0.4,0.0,15120.0,토마토,5kg,3,3,0,17960.0,17220.0,0.22677595628415292,16400.0,6.814285714285715,0.0
2023-03-17,7.2,12.7,0.7,0.0,17820.0,토마토,5kg,3,4,0,15120.0,14340.0,-0.15812917594654785,16100.0,7.428571428571428,0.0
2023-03-17,7.2,12.7,0.7,0.0,14980.0,토마토,5kg,3,4,0,17820.0,18000.0,0.1785714285714286,16597.14285714286,7.142857142857143,0.0
2023-03-18,7.7,14.0,2.5,0.0,0.0,토마토,5kg,3,5,1,14980.0,15160.0,-0.1593714927048261,16165.714285714286,6.928571428571428,0.0
2023-03-18,7.7,14.0,2.5,0.0,0.0,토마토,5kg,3,5,1,0.0,17480.0,-1.0,14000.0,6.8,0.0
2023-03-20,9.5,17.1,2.6,0.0,16300.0,토마토,5kg,3,0,0,19140.0,15120.0,inf,9580.0,8.157142857142858,0.0
2023-03-21,13.0,22.2,5.0,0.0,19720.0,토마토,5kg,3,1,0,16300.0,17820.0,-0.14838035527690696,9748.57142857143,8.985714285714286,0.0
2023-03-21,13.0,22.2,5.0,0.0,16800.0,토마토,5kg,3,1,0,19720.0,14980.0,0.2098159509202453,10020.0,9.814285714285715,0.0
2023-03-22,17.0,25.1,9.2,0.0,19800.0,토마토,5kg,3,2,0,16800.0,0.0,-0.14807302231237318,10280.0,11.142857142857142,0.0
2023-03-22,17.0,25.1,9.2,0.0,16880.0,토마토,5kg,3,2,0,19800.0,0.0,0.1785714285714286,13108.57142857143,12.471428571428572,0.0
2023-03-23,17.4,23.3,12.3,0.0,19600.0,토마토,5kg,3,3,0,16880.0,0.0,-0.14747474747474743,15520.0,13.771428571428572,0.0
2023-03-23,17.4,23.3,12.3,0.0,16680.0,토마토,5kg,3,3,0,19600.0,19140.0,0.16113744075829395,18320.0,14.9,0.0
2023-03-24,12.5,18.3,7.6,0.0,19640.0,토마토,5kg,3,4,0,16680.0,16300.0,-0.1489795918367347,17968.571428571428,15.328571428571427,0.0
2023-03-24,12.5,18.3,7.6,0.0,16760.0,토마토,5kg,3,4,0,19640.0,19720.0,0.1774580335731415,18445.714285714286,15.257142857142856,0.0
2023-03-25,12.5,18.7,8.0,0.0,0.0,토마토,5kg,3,5,1,16760.0,16800.0,-0.14663951120162932,18022.85714285714,15.185714285714285,0.0
2023-03-25,12.5,18.7,8.0,0.0,0.0,토마토,5kg,3,5,1,0.0,19800.0,-1.0,15622.857142857143,14.542857142857143,0.0
2023-03-27,7.3,14.5,1.9,0.0,16020.0,토마토,5kg,3,0,0,18860.0,16680.0,inf,10277.142857142857,10.571428571428571,0.0
2023-03-28,9.2,15.7,2.8,0.0,18860.0,토마토,5kg,3,1,0,16020.0,19640.0,-0.15058324496288444,10182.857142857143,10.1,0.0
2023-03-28,9.2,15.7,2.8,0.0,16020.0,토마토,5kg,3,1,0,18860.0,16760.0,0.1772784019975031,10071.42857142857,9.62857142857143,0.0
2023-03-29,11.8,19.7,5.1,0.0,19260.0,토마토,5kg,3,2,0,16020.0,0.0,-0.15058324496288444,9965.714285714286,9.528571428571428,0.0
2023-03-29,11.8,19.7,5.1,0.0,16460.0,토마토,5kg,3,2,0,19260.0,0.0,0.202247191011236,12717.142857142857,9.428571428571429,0.0
2023-03-30,13.3,21.2,6.4,0.0,19320.0,토마토,5kg,3,3,0,16460.0,0.0,-0.14537902388369683,15068.57142857143,9.985714285714286,0.0
2023-03-30,13.3,21.2,6.4,0.0,16520.0,토마토,5kg,3,3,0,19320.0,18860.0,0.17375455650060756,17828.571428571428,10.842857142857143,0.0
2023-03-31,15.0,23.9,7.5,0.0,18700.0,토마토,5kg,3,4,0,16520.0,16020.0,-0.14492753623188404,17494.285714285714,11.942857142857145,0.0
2023-03-31,15.0,23.9,7.5,0.0,15900.0,토마토,5kg,3,4,0,18700.0,18860.0,0.13196125907990308,17877.14285714286,12.771428571428572,0.0
2023-04-01,17.5,25.6,9.4,0.0,0.0,토마토,5kg,4,5,1,15900.0,16020.0,-0.14973262032085566,17454.285714285714,13.957142857142857,0.0
2023-04-01,17.5,25.6,9.4,0.0,0.0,토마토,5kg,4,5,1,0.0,19260.0,-1.0,15165.714285714286,14.771428571428572,0.0
2023-04-03,19.0,25.9,11.3,0.0,15880.0,토마토,5kg,4,0,0,18680.0,16520.0,inf,9971.42857142857,17.4,0.0
2023-04-04,17.6,21.7,12.7,6.9,18680.0,토마토,5kg,4,1,0,15880.0,18700.0,-0.1498929336188437,9880.0,17.771428571428572,2.3000000000000096
2023-04-04,17.6,21.7,12.7,6.9,15720.0,토마토,5kg,4,1,0,18680.0,15900.0,0.17632241813602012,9877.142857142857,18.142857142857142,4.600000000000009
2023-04-05,11.9,14.9,8.7,50.3,18800.0,토마토,5kg,4,2,0,15720.0,0.0,-0.158458244111349,9851.42857142857,17.342857142857145,21.366666666666674
2023-04-05,11.9,14.9,8.7,50.3,15800.0,토마토,5kg,4,2,0,18800.0,0.0,0.1959287531806615,12537.142857142857,16.54285714285714,35.83333333333334
2023-04-06,8.8,9.7,7.4,2.7,19240.0,토마토,5kg,4,3,0,15800.0,0.0,-0.15957446808510634,14794.285714285714,15.114285714285716,34.43333333333334
2023-04-06,8.8,9.7,7.4,2.7,16400.0,토마토,5kg,4,3,0,19240.0,18680.0,0.21772151898734182,17542.85714285714,13.657142857142858,18.566666666666674
2023-04-07,8.9,15.7,4.6,0.0,18640.0,토마토,5kg,4,4,0,16400.0,15880.0,-0.14760914760914756,17217.14285714286,12.214285714285714,1.8000000000000071
2023-04-07,8.9,15.7,4.6,0.0,15760.0,토마토,5kg,4,4,0,18640.0,18680.0,0.13658536585365844,17611.428571428572,10.971428571428573,0.9000000000000071
2023-04-08,8.8,14.9,3.1,0.0,0.0,토마토,5kg,4,5,1,15760.0,15720.0,-0.15450643776824036,17194.285714285714,9.714285714285714,0.0
2023-04-08,8.8,14.9,3.1,0.0,0.0,토마토,5kg,4,5,1,0.0,18800.0,-1.0,14948.57142857143,9.271428571428572,0.0
2023-04-10,13.2,19.1,6.2,0.0,15920.0,토마토,5kg,4,0,0,18940.0,16400.0,inf,9962.857142857143,10.371428571428572,0.0
2023-04-11,13.1,17.4,9.2,2.9,18460.0,토마토,5kg,4,1,0,15920.0,18640.0,-0.15945089757127773,9894.285714285714,10.971428571428572,0.9666666666666738
2023-04-11,13.1,17.4,9.2,2.9,15440.0,토마토,5kg,4,1,0,18460.0,15760.0,0.1595477386934674,9868.57142857143,11.571428571428571,1.9333333333333405
2023-04-12,10.1,15.3,4.8,0.0,17980.0,토마토,5kg,4,2,0,15440.0,0.0,-0.16359696641386778,9822.857142857143,11.757142857142856,1.9333333333333405
2023-04-12,10.1,15.3,4.8,0.0,15040.0,토마토,5kg,4,2,0,17980.0,0.0,0.1645077720207253,12391.42857142857,11.942857142857141,0.9666666666666738
2023-04-13,11.9,17.2,5.1,0.0,17780.0,토마토,5kg,4,3,0,15040.0,0.0,-0.16351501668520574,14540.0,12.1,0.0
2023-04-13,11.9,17.2,5.1,0.0,14880.0,토마토,5kg,4,3,0,17780.0,18940.0,0.18218085106382986,17080.0,11.914285714285715,0.0
2023-04-14,16.2,21.3,11.9,0.0,18620.0,토마토,5kg,4,4,0,14880.0,15920.0,-0.16310461192350956,16500.0,12.342857142857142,0.0
2023-04-14,16.2,21.3,11.9,0.0,15920.0,토마토,5kg,4,4,0,18620.0,18460.0,0.2513440860215055,16885.714285714286,12.785714285714286,0.0
2023-04-15,13.5,16.6,9.3,4.6,0.0,토마토,5kg,4,5,1,15920.0,15440.0,-0.1450053705692803,16522.85714285714,12.842857142857143,1.5333333333333403
2023-04-15,13.5,16.6,9.3,4.6,0.0,토마토,5kg,4,5,1,0.0,17980.0,-1.0,14317.142857142857,13.328571428571427,3.0666666666666735
2023-04-17,13.1,18.1,6.8,0.0,14820.0,토마토,5kg,4,0,0,17520.0,14880.0,inf,9562.857142857143,13.771428571428572,0.0
2023-04-18,14.0,18.4,10.7,1.5,17280.0,토마토,5kg,4,1,0,14820.0,18620.0,-0.15410958904109584,9554.285714285714,13.457142857142857,0.5000000000000071
2023-04-18,14.0,18.4,10.7,1.5,14580.0,토마토,5kg,4,1,0,17280.0,15920.0,0.165991902834008,9362.857142857143,13.142857142857142,1.000000000000007
2023-04-19,19.1,28.4,11.5,0.0,17360.0,토마토,5kg,4,2,0,14580.0,0.0,-0.15625,9171.42857142857,13.942857142857141,1.000000000000007
2023-04-19,19.1,28.4,11.5,0.0,14620.0,토마토,5kg,4,2,0,17360.0,0.0,0.19067215363511658,11651.42857142857,14.742857142857144,0.5000000000000071
2023-04-20,15.8,18.9,14.5,0.5,17080.0,토마토,5kg,4,3,0,14620.0,0.0,-0.15783410138248843,13740.0,15.457142857142857,0.16666666666667376
2023-04-20,15.8,18.9,14.5,0.5,14340.0,토마토,5kg,4,3,0,17080.0,17520.0,0.16826265389876882,16180.0,15.842857142857143,0.3333333333333404
2023-04-21,16.7,22.8,11.4,0.0,16920.0,토마토,5kg,4,4,0,14340.0,14820.0,-0.16042154566744726,15725.714285714286,16.357142857142858,0.3333333333333404
2023-04-21,16.7,22.8,11.4,0.0,14180.0,토마토,5kg,4,4,0,16920.0,17280.0,0.17991631799163188,16025.714285714286,16.742857142857144,0.16666666666667376
2023-04-22,16.9,22.5,12.2,0.0,0.0,토마토,5kg,4,5,1,14180.0,14580.0,-0.16193853427895977,15582.857142857143,17.157142857142855,0.0
2023-04-22,16.9,22.5,12.2,0.0,0.0,토마토,5kg,4,5,1,0.0,17360.0,-1.0,13500.0,16.842857142857145,0.0
2023-04-24,15.8,21.3,11.5,0.0,13620.0,토마토,5kg,4,0,0,16220.0,14340.0,inf,8808.57142857143,16.414285714285715,0.0
2023-04-25,10.9,13.2,9.0,0.4,15940.0,토마토,5kg,4,1,0,13620.0,16920.0,-0.16029593094944516,8705.714285714286,15.585714285714287,0.13333333333334044
2023-04-25,10.9,13.2,9.0,0.4,13340.0,토마토,5kg,4,1,0,15940.0,14180.0,0.17033773861967694,8565.714285714286,14.757142857142856,0.26666666666667377
2023-04-26,10.2,13.5,7.4,0.0,15800.0,토마토,5kg,4,2,0,13340.0,0.0,-0.1631116687578419,8445.714285714286,13.8,0.26666666666667377
2023-04-26,10.2,13.5,7.4,0.0,13240.0,토마토,5kg,4,2,0,15800.0,0.0,0.18440779610194902,10702.857142857143,12.842857142857143,0.13333333333334044
2023-04-27,12.9,20.0,5.1,0.0,15900.0,토마토,5kg,4,3,0,13240.0,0.0,-0.16202531645569618,12594.285714285714,12.385714285714286,0.0
2023-04-27,12.9,20.0,5.1,0.0,13360.0,토마토,5kg,4,3,0,15900.0,16220.0,0.20090634441087607,14865.714285714286,11.971428571428572,0.0
2023-04-28,15.7,21.3,9.0,1.9,16080.0,토마토,5kg,4,4,0,13360.0,13620.0,-0.15974842767295594,14457.142857142857,11.957142857142857,0.6333333333333404
2023-04-28,15.7,21.3,9.0,1.9,13520.0,토마토,5kg,4,4,0,16080.0,15940.0,0.20359281437125754,14808.57142857143,12.642857142857142,1.2666666666666737
2023-04-29,13.2,15.8,9.9,25.1,0.0,토마토,5kg,4,5,1,13520.0,13340.0,-0.15920398009950254,14462.857142857143,12.971428571428572,9.633333333333342
2023-04-29,13.2,15.8,9.9,25.1,0.0,토마토,5kg,4,5,1,0.0,15800.0,-1.0,12557.142857142857,13.4,17.366666666666674
2023-05-02,16.7,23.7,9.1,0.0,12380.0,토마토,5kg,5,1,0,14860.0,13520.0,inf,4054.285714285714,14.528571428571428,0.0
2023-05-03,19.5,26.2,12.4,0.0,14940.0,토마토,5kg,5,2,0,12380.0,0.0,-0.16689098250336476,3891.4285714285716,15.428571428571429,0.0
2023-05-03,19.5,26.2,12.4,0.0,12380.0,토마토,5kg,5,2,0,14940.0,0.0,0.2067851373182552,6025.714285714285,16.32857142857143,0.0
2023-05-04,21.4,25.8,15.6,0.0,14740.0,토마토,5kg,5,3,0,12380.0,0.0,-0.17135207496653282,7794.285714285715,17.571428571428573,0.0
2023-05-04,21.4,25.8,15.6,0.0,12180.0,토마토,5kg,5,3,0,14740.0,0.0,0.19063004846526654,9900.0,18.542857142857144,0.0
2023-05-05,18.4,21.6,15.5,30.2,0.0,토마토,5kg,5,4,0,12180.0,0.0,-0.17367706919945725,11640.0,19.085714285714285,10.066666666666674
2023-05-05,18.4,21.6,15.5,30.2,0.0,토마토,5kg,5,4,0,0.0,14860.0,-1.0,11640.0,19.32857142857143,20.13333333333334
2023-05-08,15.3,22.0,7.9,0.0,11840.0,토마토,5kg,5,0,0,14480.0,14740.0,inf,5914.285714285715,16.542857142857144,0.0
2023-05-09,17.0,24.4,10.0,0.0,14460.0,토마토,5kg,5,1,0,11840.0,12180.0,-0.18232044198895025,5500.0,15.914285714285715,0.0
2023-05-09,17.0,24.4,10.0,0.0,11800.0,토마토,5kg,5,1,0,14460.0,0.0,0.22128378378378377,5825.714285714285,15.714285714285714,0.0
2023-05-10,18.4,26.0,10.7,0.0,14640.0,토마토,5kg,5,2,0,11800.0,0.0,-0.1839557399723375,7511.428571428572,15.714285714285714,0.0
2023-05-10,18.4,26.0,10.7,0.0,11920.0,토마토,5kg,5,2,0,14640.0,0.0,0.2406779661016949,9602.857142857143,16.542857142857144,0.0
2023-05-11,19.5,26.7,12.8,0.0,14740.0,토마토,5kg,5,3,0,11920.0,0.0,-0.18579234972677594,11305.714285714286,17.271428571428572,0.0
2023-05-11,19.5,26.7,12.8,0.0,11940.0,토마토,5kg,5,3,0,14740.0,14480.0,0.2365771812080537,13411.42857142857,17.87142857142857,0.0
2023-05-12,18.4,24.7,13.1,0.0,14780.0,토마토,5kg,5,4,0,11940.0,11840.0,-0.1899592944369064,13048.57142857143,18.314285714285713,0.0
2023-05-12,18.4,24.7,13.1,0.0,11980.0,토마토,5kg,5,4,0,14780.0,14460.0,0.23785594639866003,13468.57142857143,18.514285714285712,0.0
2023-05-13,17.8,23.9,12.6,0.0,0.0,토마토,5kg,5,5,1,11980.0,11800.0,-0.18944519621109612,13114.285714285714,18.628571428571426,0.0
2023-05-13,17.8,23.9,12.6,0.0,0.0,토마토,5kg,5,5,1,0.0,14640.0,-1.0,11428.57142857143,18.542857142857144,0.0
2023-05-15,20.6,27.9,12.8,0.0,11800.0,토마토,5kg,5,0,0,14520.0,11940.0,inf,7602.857142857143,18.814285714285713,0.0
2023-05-16,24.0,31.2,17.2,0.0,14440.0,토마토,5kg,5,1,0,11800.0,14780.0,-0.18732782369146006,7582.857142857143,19.614285714285717,0.0
2023-05-16,24.0,31.2,17.2,0.0,11720.0,토마토,5kg,5,1,0,14440.0,11980.0,0.22372881355932206,7534.285714285715,20.414285714285715,0.0
2023-05-17,23.5,28.7,18.6,0.0,14160.0,토마토,5kg,5,2,0,11720.0,0.0,-0.18836565096952906,7497.142857142857,21.228571428571428,0.0
2023-05-17,23.5,28.7,18.6,0.0,11400.0,토마토,5kg,5,2,0,14160.0,0.0,0.20819112627986347,9520.0,22.042857142857144,0.0
2023-05-18,21.2,27.6,18.8,1.3,14080.0,토마토,5kg,5,3,0,11400.0,0.0,-0.19491525423728817,11148.57142857143,22.485714285714288,0.43333333333334045
2023-05-18,21.2,27.6,18.8,1.3,11400.0,토마토,5kg,5,3,0,14080.0,14520.0,0.23508771929824568,13160.0,22.571428571428573,0.8666666666666738
2023-05-19,22.3,27.8,16.7,0.0,14040.0,토마토,5kg,5,4,0,11400.0,11800.0,-0.19034090909090906,12714.285714285714,22.814285714285717,0.8666666666666738
2023-05-19,22.3,27.8,16.7,0.0,11400.0,토마토,5kg,5,4,0,14040.0,14440.0,0.2315789473684211,13034.285714285714,22.571428571428573,0.43333333333334045
2023-05-20,21.2,26.7,16.6,0.0,0.0,토마토,5kg,5,5,1,11400.0,11720.0,-0.18803418803418803,12600.0,22.171428571428574,0.0
2023-05-20,21.2,26.7,16.6,0.0,0.0,토마토,5kg,5,5,1,0.0,14160.0,-1.0,10925.714285714286,21.842857142857145,0.0
2023-05-22,20.3,26.8,15.9,0.0,11340.0,토마토,5kg,5,0,0,13880.0,11400.0,inf,7245.714285714285,20.771428571428572,0.06666666666667377
2023-05-23,20.5,26.9,14.1,0.0,13520.0,토마토,5kg,5,1,0,11340.0,14040.0,-0.1829971181556196,7237.142857142857,20.514285714285712,0.0
2023-05-23,20.5,26.9,14.1,0.0,11080.0,토마토,5kg,5,1,0,13520.0,11400.0,0.1922398589065255,7162.857142857143,20.257142857142856,0.0
2023-05-24,20.6,25.9,14.8,0.0,13440.0,토마토,5kg,5,2,0,11080.0,0.0,-0.18047337278106512,7117.142857142857,20.171428571428574,0.0
2023-05-24,20.6,25.9,14.8,0.0,11000.0,토마토,5kg,5,2,0,13440.0,0.0,0.21299638989169667,9037.142857142857,20.085714285714285,0.0
2023-05-25,21.2,27.4,15.7,0.0,13400.0,토마토,5kg,5,3,0,11000.0,0.0,-0.18154761904761907,10608.57142857143,20.571428571428573,0.0
2023-05-25,21.2,27.4,15.7,0.0,10960.0,토마토,5kg,5,3,0,13400.0,13880.0,0.21818181818181825,12522.857142857143,20.7,0.0
2023-05-26,21.4,27.3,15.8,0.5,13240.0,토마토,5kg,5,4,0,10960.0,11340.0,-0.18208955223880596,12105.714285714286,20.857142857142858,0.16666666666667376
2023-05-26,21.4,27.3,15.8,0.5,10760.0,토마토,5kg,5,4,0,13240.0,13520.0,0.20802919708029188,12377.142857142857,20.985714285714288,0.3333333333333404
2023-05-27,19.3,20.7,18.6,31.8,0.0,토마토,5kg,5,5,1,10760.0,11080.0,-0.18731117824773413,11982.857142857143,20.814285714285713,10.933333333333342
2023-05-27,19.3,20.7,18.6,31.8,0.0,토마토,5kg,5,5,1,0.0,13440.0,-1.0,10400.0,20.62857142857143,21.366666666666674
2023-05-30,24.0,28.9,20.5,0.0,9712.0,토마토,5kg,5,1,0,12180.0,10760.0,inf,3277.1428571428573,21.74285714285714,0.7666666666666737
2023-05-31,22.8,28.2,18.8,0.0,11460.0,토마토,5kg,5,2,0,9712.0,0.0,-0.2026272577996716,3127.4285714285716,22.242857142857144,0.0
2023-05-31,22.8,28.2,18.8,0.0,9020.0,토마토,5kg,5,2,0,11460.0,0.0,0.17998352553542007,4764.571428571428,22.74285714285714,0.0
2023-06-01,22.8,26.3,19.7,0.0,11880.0,토마토,5kg,6,3,0,9020.0,0.0,-0.21291448516579403,6053.142857142857,23.25714285714286,0.0
2023-06-01,22.8,26.3,19.7,0.0,9424.0,토마토,5kg,6,3,0,11880.0,0.0,0.3170731707317074,7750.285714285715,23.199999999999996,0.0
2023-06-02,20.4,25.0,17.9,0.0,12760.0,토마토,5kg,6,4,0,9424.0,0.0,-0.20673400673400677,9096.57142857143,22.8,0.0
2023-06-02,20.4,25.0,17.9,0.0,10124.0,토마토,5kg,6,4,0,12760.0,12180.0,0.35398981324278433,10919.42857142857,22.285714285714285,0.0
2023-06-03,22.0,27.8,16.6,0.0,0.0,토마토,5kg,6,5,1,10124.0,9712.0,-0.20658307210031346,10625.714285714286,22.0,0.0
2023-06-03,22.0,27.8,16.6,0.0,0.0,토마토,5kg,6,5,1,0.0,11460.0,-1.0,9238.285714285714,21.885714285714283,0.0
2023-06-05,21.5,26.3,17.6,0.0,10932.0,토마토,5kg,6,0,0,13520.0,9424.0,inf,6546.857142857143,21.41428571428571,0.0
2023-06-06,20.3,25.2,17.3,0.0,0.0,토마토,5kg,6,1,0,10932.0,12760.0,-0.19142011834319528,6762.285714285715,21.400000000000002,0.0
2023-06-06,20.3,25.2,17.3,0.0,0.0,토마토,5kg,6,1,0,0.0,10124.0,-1.0,4939.428571428572,21.385714285714283,0.0
2023-06-07,21.4,25.7,18.9,0.0,10704.0,토마토,5kg,6,2,0,13080.0,0.0,inf,5361.714285714285,21.214285714285715,0.0
2023-06-08,20.4,23.9,18.3,1.9,14080.0,토마토,5kg,6,3,0,10704.0,0.0,-0.18165137614678895,6890.857142857143,20.97142857142857,0.6333333333333404
2023-06-08,20.4,23.9,18.3,1.9,11692.0,토마토,5kg,6,3,0,14080.0,13520.0,0.3153961136023917,8902.285714285714,20.814285714285713,1.2666666666666737
2023-06-09,23.3,28.4,18.3,1.2,14360.0,토마토,5kg,6,4,0,11692.0,10932.0,-0.16960227272727268,8641.142857142857,21.071428571428573,1.6666666666666738
2023-06-09,23.3,28.4,18.3,1.2,11960.0,토마토,5kg,6,4,0,14360.0,0.0,0.2281902155319877,9130.857142857143,21.5,1.4333333333333405
2023-06-10,23.2,28.5,19.6,0.8,0.0,토마토,5kg,6,5,1,11960.0,0.0,-0.16713091922005574,10839.42857142857,21.91428571428571,1.0666666666666738
2023-06-10,23.2,28.5,19.6,0.8,0.0,토마토,5kg,6,5,1,0.0,13080.0,-1.0,10839.42857142857,22.17142857142857,0.9333333333333403
2023-06-12,22.2,27.5,18.4,0.0,11620.0,토마토,5kg,6,0,0,14020.0,11692.0,inf,7433.142857142857,22.785714285714285,10.733333333333341
2023-06-13,22.0,26.0,19.2,0.0,13960.0,토마토,5kg,6,1,0,11620.0,14360.0,-0.17118402282453637,7422.857142857143,22.599999999999998,0.0
2023-06-13,22.0,26.0,19.2,0.0,11560.0,토마토,5kg,6,1,0,13960.0,11960.0,0.2013769363166953,7365.714285714285,22.41428571428571,0.0
2023-06-14,20.6,25.0,17.5,30.6,14200.0,토마토,5kg,6,2,0,11560.0,0.0,-0.17191977077363896,7308.571428571428,22.042857142857144,10.200000000000008
2023-06-14,20.6,25.0,17.5,30.6,11760.0,토마토,5kg,6,2,0,14200.0,0.0,0.22837370242214527,9337.142857142857,21.671428571428574,20.40000000000001
2023-06-15,22.7,28.3,17.7,0.0,14360.0,토마토,5kg,6,3,0,11760.0,0.0,-0.17183098591549295,11017.142857142857,21.757142857142856,20.40000000000001
2023-06-15,22.7,28.3,17.7,0.0,11760.0,토마토,5kg,6,3,0,14360.0,14020.0,0.22108843537414957,13068.57142857143,21.82857142857143,10.200000000000008
2023-06-16,23.7,28.9,19.1,0.0,14300.0,토마토,5kg,6,4,0,11760.0,11620.0,-0.18105849582172706,12745.714285714286,22.042857142857144,0.0
2023-06-16,23.7,28.9,19.1,0.0,11860.0,토마토,5kg,6,4,0,14300.0,13960.0,0.2159863945578231,13128.57142857143,22.285714285714285,0.0
2023-06-17,24.2,30.2,18.9,0.0,0.0,토마토,5kg,6,5,1,11860.0,11560.0,-0.17062937062937067,12828.57142857143,22.6,0.0
2023-06-17,24.2,30.2,18.9,0.0,0.0,토마토,5kg,6,5,1,0.0,14200.0,-1.0,11177.142857142857,23.11428571428571,0.0
2023-06-19,28.5,34.0,23.3,0.0,12140.0,토마토,5kg,6,0,0,14620.0,11760.0,inf,7505.714285714285,25.52857142857143,0.0
2023-06-20,24.7,26.4,21.4,6.4,15060.0,토마토,5kg,6,1,0,12140.0,14300.0,-0.16963064295485641,7560.0,25.67142857142857,2.1333333333333404
2023-06-20,24.7,26.4,21.4,6.4,12660.0,토마토,5kg,6,1,0,15060.0,11860.0,0.24052718286655694,7668.571428571428,25.814285714285717,4.266666666666674
2023-06-21,20.5,22.1,19.2,24.9,14760.0,토마토,5kg,6,2,0,12660.0,0.0,-0.15936254980079678,7782.857142857143,25.285714285714285,12.566666666666672
2023-06-21,20.5,22.1,19.2,24.9,12320.0,토마토,5kg,6,2,0,14760.0,0.0,0.16587677725118488,9891.42857142857,24.75714285714286,18.733333333333338
2023-06-22,22.5,26.4,18.9,0.0,14820.0,토마토,5kg,6,3,0,12320.0,0.0,-0.16531165311653118,11651.42857142857,24.271428571428572,16.600000000000005
2023-06-22,22.5,26.4,18.9,0.0,12380.0,토마토,5kg,6,3,0,14820.0,14620.0,0.20292207792207795,13768.57142857143,23.414285714285715,8.300000000000006
2023-06-23,24.4,29.9,20.0,0.0,15100.0,토마토,5kg,6,4,0,12380.0,12140.0,-0.16464237516869096,13448.57142857143,22.82857142857143,0.0
2023-06-23,24.4,29.9,20.0,0.0,12580.0,토마토,5kg,6,4,0,15100.0,15060.0,0.21970920840064623,13871.42857142857,22.785714285714285,0.0
2023-06-24,26.4,31.1,21.9,0.0,0.0,토마토,5kg,6,5,1,12580.0,12660.0,-0.16688741721854305,13517.142857142857,23.02857142857143,0.0
2023-06-24,26.4,31.1,21.9,0.0,0.0,토마토,5kg,6,5,1,0.0,14760.0,-1.0,11708.57142857143,23.87142857142857,0.0
2023-06-26,24.2,27.5,22.3,30.3,11980.0,토마토,5kg,6,0,0,14420.0,12380.0,inf,7782.857142857143,25.457142857142856,20.200000000000006
2023-06-27,25.3,29.1,21.4,2.5,14020.0,토마토,5kg,6,1,0,11980.0,15100.0,-0.1692094313453537,7725.714285714285,25.58571428571429,21.033333333333342
2023-06-27,25.3,29.1,21.4,2.5,11580.0,토마토,5kg,6,1,0,14020.0,12580.0,0.1702838063439065,7571.428571428572,25.714285714285715,11.766666666666675
2023-06-28,26.5,30.1,24.2,0.0,14020.0,토마토,5kg,6,2,0,11580.0,0.0,-0.17403708987161193,7428.571428571428,25.728571428571428,1.6666666666666738
2023-06-28,26.5,30.1,24.2,0.0,11580.0,토마토,5kg,6,2,0,14020.0,0.0,0.21070811744386875,9431.42857142857,25.74285714285714,0.8333333333333405
2023-06-29,24.2,25.9,23.2,63.8,14100.0,토마토,5kg,6,3,0,11580.0,0.0,-0.17403708987161193,11085.714285714286,25.17142857142857,21.266666666666673
2023-06-29,24.2,25.9,23.2,63.8,11640.0,토마토,5kg,6,3,0,14100.0,14420.0,0.21761658031088094,13100.0,25.171428571428574,42.53333333333334
2023-06-30,25.3,29.1,23.2,1.0,13080.0,토마토,5kg,6,4,0,11640.0,11980.0,-0.174468085106383,12702.857142857143,25.32857142857143,42.866666666666674
2023-06-30,25.3,29.1,23.2,1.0,10672.0,토마토,5kg,6,4,0,13080.0,14020.0,0.12371134020618557,12860.0,25.328571428571426,21.933333333333337
2023-07-01,27.7,32.9,23.3,0.0,0.0,토마토,5kg,7,5,1,10672.0,11580.0,-0.18409785932721712,12381.714285714286,25.67142857142857,0.6666666666666737
2023-07-01,27.7,32.9,23.3,0.0,0.0,토마토,5kg,7,5,1,0.0,14020.0,-1.0,10727.42857142857,25.842857142857145,0.3333333333333404
2023-07-03,29.1,34.9,24.1,0.0,10760.0,토마토,5kg,7,0,0,13220.0,11640.0,inf,6944.571428571428,27.271428571428572,0.0
2023-07-04,26.1,29.2,24.5,61.8,13020.0,토마토,5kg,7,1,0,10760.0,13080.0,-0.18608169440242062,6818.857142857143,27.38571428571429,20.600000000000005
2023-07-04,26.1,29.2,24.5,61.8,10680.0,토마토,5kg,7,1,0,13020.0,10672.0,0.21003717472118955,6810.285714285715,27.5,41.20000000000001
2023-07-05,24.5,27.1,22.1,15.3,14380.0,토마토,5kg,7,2,0,10680.0,0.0,-0.17972350230414746,6811.428571428572,27.042857142857144,46.300000000000004
2023-07-05,24.5,27.1,22.1,15.3,11800.0,토마토,5kg,7,2,0,14380.0,0.0,0.34644194756554314,8865.714285714286,26.585714285714285,30.800000000000008
2023-07-06,27.3,31.8,22.4,0.0,16280.0,토마토,5kg,7,3,0,11800.0,0.0,-0.1794158553546592,10551.42857142857,26.671428571428574,10.200000000000008
2023-07-06,27.3,31.8,22.4,0.0,13180.0,토마토,5kg,7,3,0,16280.0,13220.0,0.37966101694915255,12877.142857142857,26.414285714285718,5.100000000000008
2023-07-07,26.7,31.4,23.3,0.0,16280.0,토마토,5kg,7,4,0,13180.0,10760.0,-0.1904176904176904,12871.42857142857,26.071428571428573,0.0
2023-07-07,26.7,31.4,23.3,0.0,13740.0,토마토,5kg,7,4,0,16280.0,13020.0,0.2352048558421851,13660.0,26.157142857142855,0.0
2023-07-08,25.6,29.7,22.4,0.0,0.0,토마토,5kg,7,5,1,13740.0,10680.0,-0.15601965601965606,13762.857142857143,26.08571428571429,0.0
2023-07-08,25.6,29.7,22.4,0.0,0.0,토마토,5kg,7,5,1,0.0,14380.0,-1.0,12237.142857142857,26.242857142857144,0.0
2023-07-10,26.3,30.9,22.9,11.5,13300.0,토마토,5kg,7,0,0,15880.0,13180.0,inf,8440.0,25.985714285714288,23.50000000000001
2023-07-11,23.5,25.9,21.6,58.3,16040.0,토마토,5kg,7,1,0,13300.0,16280.0,-0.16246851385390426,8457.142857142857,25.52857142857143,27.100000000000005
2023-07-11,23.5,25.9,21.6,58.3,13380.0,토마토,5kg,7,1,0,16040.0,13740.0,0.20601503759398487,8422.857142857143,25.071428571428573,42.70000000000001
2023-07-12,25.8,29.1,22.0,0.7,17180.0,토마토,5kg,7,2,0,13380.0,0.0,-0.16583541147132175,8371.42857142857,25.099999999999998,39.1
2023-07-12,25.8,29.1,22.0,0.7,14320.0,토마토,5kg,7,2,0,17180.0,0.0,0.28400597907324365,10825.714285714286,25.12857142857143,19.900000000000006
2023-07-13,25.2,26.5,24.7,91.6,18860.0,토마토,5kg,7,3,0,14320.0,0.0,-0.16647264260768335,12871.42857142857,25.2,31.000000000000004
2023-07-13,25.2,26.5,24.7,91.6,16240.0,토마토,5kg,7,3,0,18860.0,15880.0,0.3170391061452513,15565.714285714286,25.04285714285714,61.300000000000004
2023-07-14,24.6,25.1,23.9,72.7,18540.0,토마토,5kg,7,4,0,16240.0,13300.0,-0.13891834570519623,15617.142857142857,24.800000000000004,85.30000000000001
2023-07-14,24.6,25.1,23.9,72.7,15620.0,토마토,5kg,7,4,0,18540.0,16040.0,0.1416256157635467,16365.714285714286,24.95714285714286,79.0
2023-07-15,24.5,25.7,23.7,2.3,0.0,토마토,5kg,7,5,1,15620.0,13380.0,-0.15749730312837107,16305.714285714286,25.1,49.23333333333335
2023-07-15,24.5,25.7,23.7,2.3,0.0,토마토,5kg,7,5,1,0.0,17180.0,-1.0,14394.285714285714,24.914285714285715,25.76666666666667
2023-07-17,25.5,27.8,23.7,1.4,14880.0,토마토,5kg,7,0,0,17800.0,16240.0,inf,9742.857142857143,24.82857142857143,4.166666666666671
2023-07-18,25.2,27.7,24.1,2.3,17000.0,토마토,5kg,7,1,0,14880.0,18540.0,-0.16404494382022472,9548.57142857143,24.91428571428571,1.7000000000000046
2023-07-18,25.2,27.7,24.1,2.3,14080.0,토마토,5kg,7,1,0,17000.0,15620.0,0.14247311827957,9328.57142857143,25.0,2.000000000000005
2023-07-19,27.2,32.4,22.5,0.0,17200.0,토마토,5kg,7,2,0,14080.0,0.0,-0.17176470588235293,9108.57142857143,25.385714285714283,1.5333333333333379
2023-07-19,27.2,32.4,22.5,0.0,14080.0,토마토,5kg,7,2,0,17200.0,0.0,0.22159090909090917,11565.714285714286,25.771428571428572,0.7666666666666714
2023-07-20,27.9,32.8,24.0,0.0,15920.0,토마토,5kg,7,3,0,14080.0,0.0,-0.1813953488372093,13577.142857142857,26.24285714285714,0.0
2023-07-20,27.9,32.8,24.0,0.0,12740.0,토마토,5kg,7,3,0,15920.0,17800.0,0.13068181818181812,15851.42857142857,26.585714285714285,0.0
2023-07-21,29.5,34.3,24.6,0.0,15740.0,토마토,5kg,7,4,0,12740.0,14880.0,-0.19974874371859297,15128.57142857143,27.157142857142855,0.0
2023-07-21,29.5,34.3,24.6,0.0,13080.0,토마토,5kg,7,4,0,15740.0,17000.0,0.23547880690737832,15251.42857142857,27.77142857142857,0.0
2023-07-22,27.7,32.5,24.6,12.3,0.0,토마토,5kg,7,5,1,13080.0,14080.0,-0.16899618805590855,14691.42857142857,28.128571428571426,4.100000000000005
2023-07-22,27.7,32.5,24.6,12.3,0.0,토마토,5kg,7,5,1,0.0,17200.0,-1.0,12680.0,28.2,8.200000000000005
2023-07-24,26.9,30.0,24.6,0.4,13080.0,토마토,5kg,7,0,0,15740.0,12740.0,inf,8185.714285714285,27.62857142857143,13.666666666666671
2023-07-25,27.8,30.5,25.8,5.6,15140.0,토마토,5kg,7,1,0,13080.0,15740.0,-0.16899618805590855,8234.285714285714,27.385714285714283,2.1333333333333377
2023-07-25,27.8,30.5,25.8,5.6,12480.0,토마토,5kg,7,1,0,15140.0,13080.0,0.15749235474006107,8148.571428571428,27.142857142857142,3.8666666666666707
2023-07-26,27.6,31.1,24.9,1.0,15540.0,토마토,5kg,7,2,0,12480.0,0.0,-0.17569352708058128,8062.857142857143,27.12857142857143,4.066666666666671
2023-07-26,27.6,31.1,24.9,1.0,12800.0,토마토,5kg,7,2,0,15540.0,0.0,0.2451923076923077,10282.857142857143,27.114285714285717,2.533333333333338
2023-07-27,28.4,32.2,24.4,0.0,15660.0,토마토,5kg,7,3,0,12800.0,0.0,-0.17631917631917637,12111.42857142857,27.571428571428573,0.6666666666666714
2023-07-27,28.4,32.2,24.4,0.0,13000.0,토마토,5kg,7,3,0,15660.0,15740.0,0.22343749999999996,14348.57142857143,27.785714285714285,0.3333333333333381
2023-07-28,29.5,34.1,25.4,0.0,15940.0,토마토,5kg,7,4,0,13000.0,13080.0,-0.16985951468710092,13957.142857142857,28.157142857142855,0.0
2023-07-28,29.5,34.1,25.4,0.0,13260.0,토마토,5kg,7,4,0,15940.0,15140.0,0.22615384615384615,14365.714285714286,28.400000000000002,0.0
2023-07-29,29.1,33.3,26.1,0.0,0.0,토마토,5kg,7,5,1,13260.0,12480.0,-0.1681304893350063,14097.142857142857,28.585714285714285,0.0
2023-07-29,29.1,33.3,26.1,0.0,0.0,토마토,5kg,7,5,1,0.0,15540.0,-1.0,12314.285714285714,28.800000000000004,0.0
2023-07-31,28.7,33.4,25.6,0.3,13020.0,토마토,5kg,7,0,0,15620.0,13000.0,inf,8260.0,29.057142857142857,8.533333333333339
2023-08-01,29.9,34.2,25.5,0.0,16160.0,토마토,5kg,8,1,0,13020.0,15940.0,-0.1664532650448144,8262.857142857143,29.114285714285717,0.20000000000000473
2023-08-01,29.9,34.2,25.5,0.0,13500.0,토마토,5kg,8,1,0,16160.0,13260.0,0.24116743471582192,8294.285714285714,29.17142857142857,0.10000000000000474
2023-08-02,29.7,33.7,26.8,0.0,16700.0,토마토,5kg,8,2,0,13500.0,0.0,-0.16460396039603964,8328.57142857143,29.25714285714286,0.0
2023-08-02,29.7,33.7,26.8,0.0,13920.0,토마토,5kg,8,2,0,16700.0,0.0,0.23703703703703694,10714.285714285714,29.342857142857138,0.0
2023-08-03,29.5,33.8,25.8,0.0,16240.0,토마토,5kg,8,3,0,13920.0,0.0,-0.16646706586826343,12702.857142857143,29.442857142857143,0.0
2023-08-03,29.5,33.8,25.8,0.0,13400.0,토마토,5kg,8,3,0,16240.0,15620.0,0.16666666666666674,15022.857142857143,29.557142857142853,0.0
2023-08-04,30.0,34.4,26.5,0.0,15940.0,토마토,5kg,8,4,0,13400.0,13020.0,-0.17487684729064035,14705.714285714286,29.74285714285714,0.0
2023-08-04,30.0,34.4,26.5,0.0,13100.0,토마토,5kg,8,4,0,15940.0,16160.0,0.18955223880597005,15122.857142857143,29.757142857142856,0.0
2023-08-05,30.3,34.9,26.4,0.0,0.0,토마토,5kg,8,5,1,13100.0,13500.0,-0.178168130489335,14685.714285714286,29.814285714285717,0.0
2023-08-05,30.3,34.9,26.4,0.0,0.0,토마토,5kg,8,5,1,0.0,16700.0,-1.0,12757.142857142857,29.9,0.0
2023-08-07,30.4,34.6,27.3,0.0,14200.0,토마토,5kg,8,0,0,16760.0,13400.0,inf,8457.142857142857,30.17142857142857,1.6333333333333382
2023-08-08,30.9,35.8,26.4,0.0,16440.0,토마토,5kg,8,1,0,14200.0,15940.0,-0.152744630071599,8571.42857142857,30.3,0.0
2023-08-08,30.9,35.8,26.4,0.0,13600.0,토마토,5kg,8,1,0,16440.0,13100.0,0.15774647887323945,8642.857142857143,30.428571428571427,0.0
2023-08-09,28.3,31.6,25.1,0.2,16720.0,토마토,5kg,8,2,0,13600.0,0.0,-0.17274939172749393,8714.285714285714,30.142857142857142,0.06666666666667141
2023-08-09,28.3,31.6,25.1,0.2,13960.0,토마토,5kg,8,2,0,16720.0,0.0,0.22941176470588243,11102.857142857143,29.857142857142858,0.13333333333333808
2023-08-10,22.2,25.1,20.9,86.1,16680.0,토마토,5kg,8,3,0,13960.0,0.0,-0.16507177033492826,13097.142857142857,28.771428571428572,28.83333333333334
2023-08-10,22.2,25.1,20.9,86.1,13920.0,토마토,5kg,8,3,0,16680.0,16760.0,0.19484240687679089,15480.0,27.599999999999998,57.46666666666667
2023-08-11,23.5,24.9,21.6,46.7,17560.0,토마토,5kg,8,4,0,13920.0,14200.0,-0.16546762589928055,15074.285714285714,26.614285714285717,72.96666666666668
2023-08-11,23.5,24.9,21.6,46.7,14680.0,토마토,5kg,8,4,0,17560.0,16440.0,0.2614942528735633,15554.285714285714,25.557142857142857,59.833333333333336
2023-08-12,23.3,24.1,22.5,1.5,0.0,토마토,5kg,8,5,1,14680.0,13600.0,-0.16400911161731202,15302.857142857143,24.47142857142857,31.63333333333334
2023-08-12,23.3,24.1,22.5,1.5,0.0,토마토,5kg,8,5,1,0.0,16720.0,-1.0,13360.0,23.757142857142856,16.566666666666674
2023-08-14,28.1,31.9,24.8,0.0,14800.0,토마토,5kg,8,0,0,17680.0,13920.0,inf,9120.0,25.25714285714286,0.0
2023-08-15,28.6,32.7,24.7,0.0,0.0,토마토,5kg,8,1,0,14800.0,17560.0,-0.16289592760180993,9245.714285714286,25.985714285714288,0.0
2023-08-15,28.6,32.7,24.7,0.0,0.0,토마토,5kg,8,1,0,0.0,14680.0,-1.0,6737.142857142857,26.714285714285715,0.0
2023-08-16,27.3,31.6,24.7,0.3,14740.0,토마토,5kg,8,2,0,17380.0,0.0,inf,7122.857142857143,27.857142857142858,0.20000000000000473
2023-08-17,28.2,32.4,24.5,0.0,17720.0,토마토,5kg,8,3,0,14740.0,0.0,-0.15189873417721522,9228.57142857143,28.028571428571432,0.20000000000000473
2023-08-17,28.2,32.4,24.5,0.0,15040.0,토마토,5kg,8,3,0,17720.0,17680.0,0.2021709633649933,11760.0,28.042857142857144,0.10000000000000474
2023-08-18,29.1,33.3,25.5,0.1,18480.0,토마토,5kg,8,4,0,15040.0,14800.0,-0.1512415349887133,11382.857142857143,28.185714285714287,0.03333333333333807
2023-08-18,29.1,33.3,25.5,0.1,15640.0,토마토,5kg,8,4,0,18480.0,0.0,0.22872340425531923,11908.57142857143,28.25714285714286,0.06666666666667141
2023-08-19,29.1,33.6,26.4,0.0,0.0,토마토,5kg,8,5,1,15640.0,0.0,-0.15367965367965364,14142.857142857143,28.32857142857143,0.06666666666667141
2023-08-19,29.1,33.6,26.4,0.0,0.0,토마토,5kg,8,5,1,0.0,17380.0,-1.0,14142.857142857143,28.585714285714285,0.03333333333333807
2023-08-21,29.5,33.6,26.0,0.0,17200.0,토마토,5kg,8,0,0,20460.0,15040.0,inf,9945.714285714286,29.1,0.0
2023-08-22,27.6,32.2,25.8,42.6,21380.0,토마토,5kg,8,1,0,17200.0,18480.0,-0.1593352883675464,10254.285714285714,28.88571428571429,14.200000000000005
2023-08-22,27.6,32.2,25.8,42.6,17940.0,토마토,5kg,8,1,0,21380.0,15640.0,0.24302325581395356,10668.57142857143,28.67142857142857,28.400000000000006
2023-08-23,24.8,27.2,23.2,41.8,22360.0,토마토,5kg,8,2,0,17940.0,0.0,-0.16089803554724036,10997.142857142857,28.057142857142857,42.333333333333336
2023-08-23,24.8,27.2,23.2,41.8,18880.0,토마토,5kg,8,2,0,22360.0,0.0,0.24637681159420288,14191.42857142857,27.442857142857147,42.06666666666667
2023-08-24,25.1,27.8,22.3,5.2,25480.0,토마토,5kg,8,3,0,18880.0,0.0,-0.15563506261180682,16888.571428571428,26.985714285714288,29.600000000000005
2023-08-24,25.1,27.8,22.3,5.2,21000.0,토마토,5kg,8,3,0,25480.0,20460.0,0.34957627118644075,20528.571428571428,26.357142857142858,17.400000000000002
2023-08-25,26.5,30.0,24.0,0.0,26440.0,토마토,5kg,8,4,0,21000.0,17200.0,-0.17582417582417587,20605.714285714286,25.928571428571427,3.4666666666666717
2023-08-25,26.5,30.0,24.0,0.0,22100.0,토마토,5kg,8,4,0,26440.0,21380.0,0.25904761904761897,21925.714285714286,25.771428571428572,1.733333333333338
2023-08-26,26.4,30.3,23.3,0.0,0.0,토마토,5kg,8,5,1,22100.0,17940.0,-0.16414523449319218,22028.571428571428,25.6,0.0
2023-08-26,26.4,30.3,23.3,0.0,0.0,토마토,5kg,8,5,1,0.0,22360.0,-1.0,19465.714285714286,25.82857142857143,0.0
2023-08-28,22.7,25.6,20.8,10.4,21300.0,토마토,5kg,8,0,0,25620.0,21000.0,inf,13594.285714285714,25.32857142857143,6.933333333333338
2023-08-29,23.9,25.5,22.5,54.8,28900.0,토마토,5kg,8,1,0,21300.0,26440.0,-0.16861826697892268,13637.142857142857,24.957142857142856,25.200000000000003
2023-08-29,23.9,25.5,22.5,54.8,24100.0,토마토,5kg,8,1,0,28900.0,22100.0,0.35680751173708924,13988.57142857143,24.585714285714285,40.0
2023-08-30,22.8,24.5,21.5,3.5,29520.0,토마토,5kg,8,2,0,24100.0,0.0,-0.16608996539792387,14274.285714285714,24.071428571428573,37.7
2023-08-30,22.8,24.5,21.5,3.5,24040.0,토마토,5kg,8,2,0,29520.0,0.0,0.22489626556016606,18491.428571428572,23.557142857142853,20.600000000000005
2023-08-31,23.9,28.9,21.0,0.0,28920.0,토마토,5kg,8,3,0,24040.0,0.0,-0.18563685636856364,21925.714285714286,23.24285714285714,2.333333333333338
2023-08-31,23.9,28.9,21.0,0.0,23440.0,토마토,5kg,8,3,0,28920.0,25620.0,0.2029950083194676,26057.14285714286,23.414285714285715,1.1666666666666714
2023-09-01,24.5,29.6,19.7,0.0,30740.0,토마토,5kg,9,4,0,23440.0,21300.0,-0.18948824343015214,25745.714285714286,23.67142857142857,0.0
2023-09-01,24.5,29.6,19.7,0.0,25700.0,토마토,5kg,9,4,0,30740.0,28900.0,0.31143344709897613,27094.285714285714,23.75714285714286,0.0
2023-09-02,25.4,30.8,19.7,0.0,0.0,토마토,5kg,9,5,1,25700.0,24100.0,-0.16395575797007156,26637.14285714286,23.97142857142857,0.0
2023-09-02,25.4,30.8,19.7,0.0,0.0,토마토,5kg,9,5,1,0.0,29520.0,-1.0,23194.285714285714,24.342857142857138,0.0
2023-09-04,27.0,30.2,24.3,0.3,24300.0,토마토,5kg,9,0,0,29940.0,23440.0,inf,15688.57142857143,25.657142857142855,0.23333333333333806
2023-09-05,28.5,32.8,25.0,0.0,29700.0,토마토,5kg,9,1,0,24300.0,30740.0,-0.188376753507014,15811.42857142857,26.228571428571428,0.20000000000000473
2023-09-05,28.5,32.8,25.0,0.0,23760.0,토마토,5kg,9,1,0,29700.0,25700.0,0.22222222222222232,15662.857142857143,26.8,0.10000000000000471
2023-09-06,27.9,32.1,24.0,0.0,30500.0,토마토,5kg,9,2,0,23760.0,0.0,-0.19999999999999996,15385.714285714286,27.157142857142855,0.0
2023-09-06,27.9,32.1,24.0,0.0,25060.0,토마토,5kg,9,2,0,30500.0,0.0,0.28367003367003374,19742.85714285714,27.514285714285716,0.0
2023-09-07,26.3,31.6,20.9,0.0,29560.0,토마토,5kg,9,3,0,25060.0,0.0,-0.17836065573770488,23322.85714285714,27.585714285714285,0.0
2023-09-07,26.3,31.6,20.9,0.0,23720.0,토마토,5kg,9,3,0,29560.0,29940.0,0.1795690343176377,27545.714285714286,27.485714285714288,0.0
2023-09-08,25.3,30.5,19.6,0.0,30440.0,토마토,5kg,9,4,0,23720.0,24300.0,-0.19756427604871452,26657.14285714286,27.24285714285714,0.0
2023-09-08,25.3,30.5,19.6,0.0,24600.0,토마토,5kg,9,4,0,30440.0,29700.0,0.2833052276559864,27534.285714285714,26.785714285714285,0.0
2023-09-09,25.8,31.2,20.8,0.0,0.0,토마토,5kg,9,5,1,24600.0,23760.0,-0.1918528252299606,26805.714285714286,26.400000000000002,0.0
2023-09-09,25.8,31.2,20.8,0.0,0.0,토마토,5kg,9,5,1,0.0,30500.0,-1.0,23411.428571428572,26.099999999999998,0.0
2023-09-11,25.5,29.8,23.1,0.0,25360.0,토마토,5kg,9,0,0,30560.0,23720.0,inf,15617.142857142857,25.557142857142857,0.0
2023-09-12,25.7,29.8,21.7,0.0,32080.0,토마토,5kg,9,1,0,25360.0,30440.0,-0.17015706806282727,15851.42857142857,25.614285714285717,0.0
2023-09-12,25.7,29.8,21.7,0.0,26220.0,토마토,5kg,9,1,0,32080.0,24600.0,0.26498422712933745,16085.714285714286,25.67142857142857,0.0
2023-09-13,22.1,24.6,19.6,15.9,30540.0,토마토,5kg,9,2,0,26220.0,0.0,-0.18266832917705733,16317.142857142857,25.142857142857142,5.300000000000005
2023-09-13,22.1,24.6,19.6,15.9,25120.0,토마토,5kg,9,2,0,30540.0,0.0,0.16475972540045758,20680.0,24.614285714285717,10.600000000000005
2023-09-14,23.4,27.2,19.2,0.0,30740.0,토마토,5kg,9,3,0,25120.0,0.0,-0.177472167648985,24268.571428571428,24.285714285714285,10.600000000000005
2023-09-14,23.4,27.2,19.2,0.0,25260.0,토마토,5kg,9,3,0,30740.0,30560.0,0.22372611464968162,28660.0,23.985714285714284,5.300000000000005
2023-09-15,22.3,24.3,20.3,2.1,30680.0,토마토,5kg,9,4,0,25260.0,25360.0,-0.17826935588809367,27902.85714285714,23.52857142857143,0.7000000000000047
2023-09-15,22.3,24.3,20.3,2.1,25120.0,토마토,5kg,9,4,0,30680.0,32080.0,0.2145684877276326,28662.85714285714,23.042857142857144,1.4000000000000048
2023-09-16,23.9,26.6,22.0,38.7,0.0,토마토,5kg,9,5,1,25120.0,26220.0,-0.18122555410691,27668.571428571428,22.785714285714285,14.300000000000006
2023-09-16,23.9,26.6,22.0,38.7,0.0,토마토,5kg,9,5,1,0.0,30540.0,-1.0,23922.85714285714,23.04285714285714,26.50000000000001
2023-09-18,24.7,28.9,22.1,0.0,25520.0,토마토,5kg,9,0,0,31400.0,25260.0,inf,16065.714285714286,23.785714285714285,1.0000000000000047
2023-09-19,24.1,27.2,21.6,0.0,30680.0,토마토,5kg,9,1,0,25520.0,30680.0,-0.18726114649681525,16102.857142857143,24.042857142857144,0.0
2023-09-19,24.1,27.2,21.6,0.0,25260.0,토마토,5kg,9,1,0,30680.0,25120.0,0.20219435736677105,16102.857142857143,24.3,0.0
2023-09-20,20.6,23.9,18.8,35.8,31040.0,토마토,5kg,9,2,0,25260.0,0.0,-0.17666232073011734,16122.857142857143,23.82857142857143,11.933333333333337
2023-09-20,20.6,23.9,18.8,35.8,26020.0,토마토,5kg,9,2,0,31040.0,0.0,0.22882026920031673,20557.14285714286,23.357142857142858,23.86666666666667
2023-09-21,20.1,23.6,17.5,0.0,31920.0,토마토,5kg,9,3,0,26020.0,0.0,-0.16172680412371132,24274.285714285714,22.700000000000006,23.86666666666667
2023-09-21,20.1,23.6,17.5,0.0,26980.0,토마토,5kg,9,3,0,31920.0,31400.0,0.22674865488086082,28834.285714285714,22.042857142857144,11.933333333333337
2023-09-22,20.5,26.7,15.2,0.0,33520.0,토마토,5kg,9,4,0,26980.0,25520.0,-0.15476190476190477,28202.85714285714,21.442857142857147,0.0
2023-09-22,20.5,26.7,15.2,0.0,28060.0,토마토,5kg,9,4,0,33520.0,30680.0,0.24240177909562632,29345.714285714286,20.928571428571427,0.0
2023-09-23,21.8,27.6,16.3,0.0,28400.0,토마토,5kg,9,5,1,28060.0,25260.0,-0.1628878281622912,28971.428571428572,20.6,0.0
2023-09-23,21.8,27.6,16.3,0.0,24000.0,토마토,5kg,9,5,1,28400.0,31040.0,0.012116892373485344,29420.0,20.771428571428572,0.0
2023-09-24,21.8,26.2,17.9,0.0,0.0,토마토,5kg,9,6,1,24000.0,26020.0,-0.15492957746478875,28414.285714285714,20.942857142857147,0.0
2023-09-24,21.8,26.2,17.9,0.0,0.0,토마토,5kg,9,6,1,0.0,31920.0,-1.0,24697.14285714286,21.185714285714287,0.0
2023-09-25,21.6,26.0,17.9,1.9,27060.0,토마토,5kg,9,0,0,33400.0,33520.0,inf,21054.285714285714,21.557142857142857,1.2666666666666713
2023-09-26,19.9,20.8,18.6,27.8,33340.0,토마토,5kg,9,1,0,27060.0,28060.0,-0.18982035928143715,20131.428571428572,21.47142857142857,10.533333333333339
2023-09-26,19.9,20.8,18.6,27.8,28180.0,토마토,5kg,9,1,0,33340.0,28400.0,0.23207686622320778,20885.714285714286,21.2,19.16666666666667
2023-09-27,21.5,23.7,20.0,4.4,31400.0,토마토,5kg,9,2,0,28180.0,24000.0,-0.15476904619076182,20854.285714285714,21.157142857142855,20.000000000000007
2023-09-27,21.5,23.7,20.0,4.4,26980.0,토마토,5kg,9,2,0,31400.0,0.0,0.11426543647977283,21911.428571428572,21.114285714285717,12.200000000000005
2023-09-28,22.7,27.3,19.6,0.0,0.0,토마토,5kg,9,3,0,26980.0,0.0,-0.14076433121019105,25765.714285714286,21.24285714285714,2.9333333333333385
2023-09-28,22.7,27.3,19.6,0.0,0.0,토마토,5kg,9,3,0,0.0,33400.0,-1.0,25765.714285714286,21.400000000000002,1.4666666666666714
2023-10-04,17.3,23.2,14.2,14.7,20980.0,토마토,5kg,10,2,0,25220.0,0.0,inf,3602.8571428571427,17.77142857142857,9.800000000000004
2023-10-05,14.2,19.2,9.9,0.0,23880.0,토마토,5kg,10,3,0,20980.0,0.0,-0.16812053925455983,6600.0,17.17142857142857,9.800000000000004
2023-10-05,14.2,19.2,9.9,0.0,19640.0,토마토,5kg,10,3,0,23880.0,0.0,0.1382268827454718,10011.42857142857,16.599999999999998,4.900000000000005
2023-10-06,15.5,21.5,9.6,0.0,23400.0,토마토,5kg,10,4,0,19640.0,0.0,-0.17755443886097155,12817.142857142857,16.214285714285715,0.0
2023-10-06,15.5,21.5,9.6,0.0,19140.0,토마토,5kg,10,4,0,23400.0,0.0,0.19144602851323822,16160.0,15.928571428571429,0.0
2023-10-07,16.8,21.2,11.7,0.0,0.0,토마토,5kg,10,5,1,19140.0,0.0,-0.18205128205128207,18894.285714285714,15.828571428571431,0.0
2023-10-07,16.8,21.2,11.7,0.0,0.0,토마토,5kg,10,5,1,0.0,25220.0,-1.0,18894.285714285714,15.757142857142856,0.0
2023-10-10,17.1,23.5,11.9,0.0,21300.0,토마토,5kg,10,1,0,25860.0,19140.0,inf,6428.571428571428,17.099999999999998,0.40000000000000474
2023-10-11,17.6,24.0,12.9,0.0,27920.0,토마토,5kg,10,2,0,21300.0,0.0,-0.17633410672853833,6737.142857142857,17.214285714285715,0.0
2023-10-11,17.6,24.0,12.9,0.0,22500.0,토마토,5kg,10,2,0,27920.0,0.0,0.31079812206572766,10725.714285714286,17.32857142857143,0.0
2023-10-12,17.5,24.1,12.0,0.0,32080.0,토마토,5kg,10,3,0,22500.0,0.0,-0.19412607449856734,13940.0,17.38571428571429,0.0
2023-10-12,17.5,24.1,12.0,0.0,26660.0,토마토,5kg,10,3,0,32080.0,0.0,0.4257777777777778,18522.85714285714,17.400000000000002,0.0
2023-10-13,17.5,21.5,14.3,0.0,35300.0,토마토,5kg,10,4,0,26660.0,0.0,-0.16895261845386533,22331.428571428572,17.414285714285715,0.0
2023-10-13,17.5,21.5,14.3,0.0,29560.0,토마토,5kg,10,4,0,35300.0,25860.0,0.3240810202550637,27374.285714285714,17.47142857142857,0.0
2023-10-14,14.7,18.2,12.9,5.8,0.0,토마토,5kg,10,5,1,29560.0,21300.0,-0.16260623229461757,27902.85714285714,17.12857142857143,1.933333333333338
2023-10-14,14.7,18.2,12.9,5.8,0.0,토마토,5kg,10,5,1,0.0,27920.0,-1.0,24860.0,16.714285714285715,3.866666666666671
2023-10-16,14.7,19.6,10.7,0.0,33000.0,토마토,5kg,10,0,0,40300.0,26660.0,inf,18831.428571428572,15.7,0.0
2023-10-17,13.8,20.9,7.5,0.0,48380.0,토마토,5kg,10,1,0,33000.0,35300.0,-0.18114143920595538,19737.14285714286,15.171428571428573,0.0
2023-10-17,13.8,20.9,7.5,0.0,40200.0,토마토,5kg,10,1,0,48380.0,29560.0,0.46606060606060606,21605.714285714286,14.642857142857142,0.0
2023-10-18,15.7,21.6,9.2,0.0,47660.0,토마토,5kg,10,2,0,40200.0,0.0,-0.16907813145928074,23125.714285714286,14.785714285714286,0.0
2023-10-18,15.7,21.6,9.2,0.0,39320.0,토마토,5kg,10,2,0,47660.0,0.0,0.1855721393034826,29934.285714285714,14.928571428571429,0.0
2023-10-19,17.0,18.9,14.9,8.2,46880.0,토마토,5kg,10,3,0,39320.0,0.0,-0.17498950902224086,35551.42857142857,15.057142857142859,2.733333333333338
2023-10-19,17.0,18.9,14.9,8.2,39260.0,토마토,5kg,10,3,0,46880.0,40300.0,0.1922685656154628,42248.57142857143,15.385714285714286,5.466666666666671
2023-10-20,11.6,15.1,7.2,0.0,46240.0,토마토,5kg,10,4,0,39260.0,33000.0,-0.16254266211604096,42100.0,14.942857142857141,5.466666666666671
2023-10-20,11.6,15.1,7.2,0.0,38340.0,토마토,5kg,10,4,0,46240.0,48380.0,0.17778909831889966,43991.42857142857,14.62857142857143,2.733333333333338
2023-10-21,10.4,16.6,5.9,1.1,0.0,토마토,5kg,10,5,1,38340.0,40200.0,-0.17084775086505188,42557.142857142855,14.14285714285714,0.3666666666666714
2023-10-21,10.4,16.6,5.9,1.1,0.0,토마토,5kg,10,5,1,0.0,47660.0,-1.0,36814.28571428572,13.385714285714286,0.7333333333333382
2023-10-23,15.2,21.4,11.1,0.0,33560.0,토마토,5kg,10,0,0,41500.0,39260.0,inf,23620.0,12.414285714285715,0.0
2023-10-24,15.6,19.3,11.2,0.0,41300.0,토마토,5kg,10,1,0,33560.0,46240.0,-0.19132530120481928,22805.714285714286,12.985714285714286,0.0
2023-10-24,15.6,19.3,11.2,0.0,33240.0,토마토,5kg,10,1,0,41300.0,38340.0,0.2306317044100119,22100.0,13.557142857142855,0.0
2023-10-25,16.6,21.9,12.7,0.0,38960.0,토마토,5kg,10,2,0,33240.0,0.0,-0.19515738498789348,21371.428571428572,14.442857142857145,0.0
2023-10-25,16.6,21.9,12.7,0.0,32700.0,토마토,5kg,10,2,0,38960.0,0.0,0.17208182912154024,26937.14285714286,15.328571428571427,0.0
2023-10-26,17.2,21.1,14.6,0.0,36860.0,토마토,5kg,10,3,0,32700.0,0.0,-0.16067761806981518,31608.571428571428,16.0,0.0
2023-10-26,17.2,21.1,14.6,0.0,30840.0,토마토,5kg,10,3,0,36860.0,41500.0,0.12721712538226293,36874.28571428572,16.285714285714285,0.0
2023-10-27,15.7,20.2,12.6,0.0,34800.0,토마토,5kg,10,4,0,30840.0,33560.0,-0.16332067281606077,35351.42857142857,16.357142857142858,0.0
2023-10-27,15.7,20.2,12.6,0.0,28760.0,토마토,5kg,10,4,0,34800.0,41300.0,0.12840466926070038,35528.57142857143,16.37142857142857,0.0
2023-10-28,14.2,20.7,9.4,0.0,0.0,토마토,5kg,10,5,1,28760.0,33240.0,-0.17356321839080457,33737.142857142855,16.17142857142857,0.0
2023-10-28,14.2,20.7,9.4,0.0,0.0,토마토,5kg,10,5,1,0.0,38960.0,-1.0,28988.571428571428,15.828571428571427,0.0
2023-10-30,15.1,21.9,9.7,0.0,25240.0,토마토,5kg,10,0,0,31200.0,30840.0,inf,17942.85714285714,14.985714285714284,0.0
2023-10-31,16.5,20.8,12.7,0.0,28760.0,토마토,5kg,10,1,0,25240.0,34800.0,-0.191025641025641,17142.85714285714,15.099999999999998,0.0
2023-10-31,16.5,20.8,12.7,0.0,22900.0,토마토,5kg,10,1,0,28760.0,28760.0,0.1394611727416799,16280.0,15.214285714285714,0.0
2023-11-01,19.0,20.6,17.2,0.0,27220.0,토마토,5kg,11,2,0,22900.0,0.0,-0.20375521557719056,15442.857142857143,15.9,0.0
2023-11-01,19.0,20.6,17.2,0.0,21720.0,토마토,5kg,11,2,0,27220.0,0.0,0.18864628820960694,19331.428571428572,16.585714285714285,0.0
2023-11-02,20.8,25.9,18.7,0.0,27960.0,토마토,5kg,11,3,0,21720.0,0.0,-0.20205731080088174,22434.285714285714,17.428571428571427,0.0
2023-11-02,20.8,25.9,18.7,0.0,22460.0,토마토,5kg,11,3,0,27960.0,31200.0,0.28729281767955794,26428.571428571428,18.24285714285714,0.0
2023-11-03,19.5,22.4,17.7,8.5,25660.0,토마토,5kg,11,4,0,22460.0,25240.0,-0.1967095851216023,25180.0,18.87142857142857,2.833333333333338
2023-11-03,19.5,22.4,17.7,8.5,20140.0,토마토,5kg,11,4,0,25660.0,28760.0,0.14247551202137143,25240.0,19.3,5.666666666666671
2023-11-04,17.4,20.9,14.1,0.0,0.0,토마토,5kg,11,5,1,20140.0,22900.0,-0.21512081060015587,24008.571428571428,19.428571428571427,5.666666666666671
2023-11-04,17.4,20.9,14.1,0.0,0.0,토마토,5kg,11,5,1,0.0,27220.0,-1.0,20737.14285714286,19.2,2.833333333333338
2023-11-06,13.3,19.3,6.6,45.8,20720.0,토마토,5kg,11,0,0,26600.0,22460.0,inf,13551.42857142857,16.814285714285713,34.0
2023-11-07,5.8,9.9,3.6,0.0,24460.0,토마토,5kg,11,1,0,20720.0,25660.0,-0.2210526315789474,13302.857142857143,14.857142857142856,30.53333333333333
2023-11-07,5.8,9.9,3.6,0.0,18940.0,토마토,5kg,11,1,0,24460.0,20140.0,0.18050193050193042,13131.42857142857,12.900000000000002,15.266666666666671
2023-11-08,8.4,16.1,1.8,0.0,24360.0,토마토,5kg,11,2,0,18940.0,0.0,-0.22567457072771868,12960.0,11.614285714285714,0.0
2023-11-08,8.4,16.1,1.8,0.0,18660.0,토마토,5kg,11,2,0,24360.0,0.0,0.28616684266103487,16440.0,10.328571428571427,0.0
2023-11-09,11.4,18.4,5.9,5.1,24560.0,토마토,5kg,11,3,0,18660.0,0.0,-0.23399014778325122,19105.714285714286,9.485714285714286,1.7000000000000046
2023-11-09,11.4,18.4,5.9,5.1,18860.0,토마토,5kg,11,3,0,24560.0,26600.0,0.3161843515541265,22614.285714285714,9.214285714285714,3.4000000000000044
2023-11-10,3.4,9.1,0.5,0.0,24240.0,토마토,5kg,11,4,0,18860.0,20720.0,-0.23208469055374592,21508.571428571428,7.8,3.4000000000000044
2023-11-10,3.4,9.1,0.5,0.0,18560.0,토마토,5kg,11,4,0,24240.0,24460.0,0.2852598091198304,22011.428571428572,7.457142857142857,1.7000000000000046
2023-11-11,1.7,6.7,-1.9,0.0,0.0,토마토,5kg,11,5,1,18560.0,18940.0,-0.23432343234323427,21168.571428571428,6.871428571428572,0.0
2023-11-11,1.7,6.7,-1.9,0.0,0.0,토마토,5kg,11,5,1,0.0,24360.0,-1.0,18462.85714285714,5.9142857142857155,0.0
2023-11-13,2.0,6.7,-2.2,0.0,17500.0,토마토,5kg,11,0,0,23160.0,18860.0,inf,12117.142857142857,2.1999999999999997,0.0
2023-11-14,5.0,10.8,-0.8,0.0,21600.0,토마토,5kg,11,1,0,17500.0,24240.0,-0.2443868739205527,11922.857142857143,2.4285714285714284,0.0
2023-11-14,5.0,10.8,-0.8,0.0,16920.0,토마토,5kg,11,1,0,21600.0,18560.0,0.2342857142857142,11545.714285714286,2.6571428571428575,0.0
2023-11-15,7.0,12.5,2.0,0.0,22040.0,토마토,5kg,11,2,0,16920.0,0.0,-0.21666666666666667,11311.42857142857,3.4142857142857146,0.0
2023-11-15,7.0,12.5,2.0,0.0,17320.0,토마토,5kg,11,2,0,22040.0,0.0,0.30260047281323876,14460.0,4.171428571428572,0.0
2023-11-16,6.6,7.4,5.7,8.4,21380.0,토마토,5kg,11,3,0,17320.0,0.0,-0.21415607985480944,16934.285714285714,4.942857142857143,2.8000000000000047
2023-11-16,6.6,7.4,5.7,8.4,16800.0,토마토,5kg,11,3,0,21380.0,23160.0,0.2344110854503465,19988.571428571428,5.6,5.600000000000005
2023-11-17,1.6,5.9,-1.9,0.0,21900.0,토마토,5kg,11,4,0,16800.0,17500.0,-0.21421889616463985,19080.0,5.542857142857143,5.600000000000005
2023-11-17,1.6,5.9,-1.9,0.0,17260.0,토마토,5kg,11,4,0,21900.0,21600.0,0.3035714285714286,19708.571428571428,5.057142857142857,2.8000000000000047
2023-11-18,0.6,5.7,-3.8,0.0,0.0,토마토,5kg,11,5,1,17260.0,16920.0,-0.21187214611872152,19088.571428571428,4.428571428571429,0.0
2023-11-18,0.6,5.7,-3.8,0.0,0.0,토마토,5kg,11,5,1,0.0,22040.0,-1.0,16671.428571428572,3.514285714285714,0.0
2023-11-20,6.2,12.8,1.8,0.0,17200.0,토마토,5kg,11,0,0,21800.0,16800.0,inf,11108.57142857143,3.242857142857143,0.0
2023-11-21,7.4,14.8,1.4,0.0,21920.0,토마토,5kg,11,1,0,17200.0,21900.0,-0.21100917431192656,11165.714285714286,4.071428571428572,0.0
2023-11-21,7.4,14.8,1.4,0.0,17340.0,토마토,5kg,11,1,0,21920.0,17260.0,0.27441860465116275,11168.57142857143,4.9,0.0
2023-11-22,9.5,15.1,2.9,0.0,21760.0,토마토,5kg,11,2,0,17340.0,0.0,-0.208941605839416,11180.0,6.171428571428572,0.0
2023-11-22,9.5,15.1,2.9,0.0,16940.0,토마토,5kg,11,2,0,21760.0,0.0,0.2549019607843137,14288.57142857143,7.442857142857142,0.0
2023-11-23,9.9,14.6,1.9,0.1,22100.0,토마토,5kg,11,3,0,16940.0,0.0,-0.22150735294117652,16708.571428571428,8.014285714285714,0.03333333333333807
2023-11-23,9.9,14.6,1.9,0.1,17320.0,토마토,5kg,11,3,0,22100.0,21800.0,0.30460448642266824,19865.714285714286,8.542857142857143,0.06666666666667141
2023-11-24,-1.5,2.2,-4.4,0.0,21260.0,토마토,5kg,11,4,0,17320.0,17200.0,-0.216289592760181,19225.714285714286,7.442857142857143,0.06666666666667141
2023-11-24,-1.5,2.2,-4.4,0.0,16320.0,토마토,5kg,11,4,0,21260.0,21920.0,0.22748267898383379,19805.714285714286,6.171428571428572,0.03333333333333807
2023-11-25,-1.3,4.0,-5.9,0.0,0.0,토마토,5kg,11,5,1,16320.0,17340.0,-0.23236124176857953,19005.714285714286,4.928571428571429,0.0
2023-11-25,-1.3,4.0,-5.9,0.0,0.0,토마토,5kg,11,5,1,0.0,21760.0,-1.0,16528.571428571428,3.3857142857142857,0.0
2023-11-27,6.2,9.3,4.4,3.6,16720.0,토마토,5kg,11,0,0,21660.0,17320.0,inf,10937.142857142857,1.542857142857143,2.400000000000005
2023-11-28,1.3,5.2,-1.2,0.0,21460.0,토마토,5kg,11,1,0,16720.0,21260.0,-0.22807017543859653,10851.42857142857,1.942857142857143,2.400000000000005
2023-11-28,1.3,5.2,-1.2,0.0,16520.0,토마토,5kg,11,1,0,21460.0,16320.0,0.28349282296650724,10880.0,2.342857142857143,1.2000000000000048
2023-11-29,-1.4,3.0,-4.0,0.0,22720.0,토마토,5kg,11,2,0,16520.0,0.0,-0.2301957129543336,10908.57142857143,2.3285714285714287,0.0
2023-11-29,-1.4,3.0,-4.0,0.0,17600.0,토마토,5kg,11,2,0,22720.0,0.0,0.3753026634382566,14154.285714285714,2.3142857142857145,0.0
2023-11-30,-4.3,-0.5,-7.3,0.0,23740.0,토마토,5kg,11,3,0,17600.0,0.0,-0.22535211267605637,16668.571428571428,1.1285714285714286,0.0
2023-11-30,-4.3,-0.5,-7.3,0.0,18640.0,토마토,5kg,11,3,0,23740.0,21660.0,0.3488636363636364,20060.0,-0.3714285714285714,0.0
2023-12-01,-3.2,0.7,-6.8,0.0,0.0,토마토,5kg,12,4,0,18640.0,16720.0,-0.21482729570345405,19628.571428571428,-1.7142857142857142,0.0
2023-12-01,-3.2,0.7,-6.8,0.0,0.0,토마토,5kg,12,4,0,0.0,21460.0,-1.0,17240.0,-2.357142857142857,0.0
2023-12-04,2.7,9.4,-3.0,0.0,19160.0,토마토,5kg,12,0,0,24280.0,23740.0,inf,9522.857142857143,-0.35714285714285726,0.0
2023-12-05,6.8,12.6,3.8,0.0,24280.0,토마토,5kg,12,1,0,19160.0,18640.0,-0.2108731466227347,8868.57142857143,1.2285714285714282,0.0
2023-12-05,6.8,12.6,3.8,0.0,19160.0,토마토,5kg,12,1,0,24280.0,0.0,0.2672233820459291,9674.285714285714,2.657142857142857,0.0
2023-12-06,6.1,8.7,3.9,3.8,24140.0,토마토,5kg,12,2,0,19160.0,0.0,-0.2108731466227347,12411.42857142857,3.9857142857142853,1.2666666666666713
2023-12-06,6.1,8.7,3.9,3.8,19160.0,토마토,5kg,12,2,0,24140.0,0.0,0.25991649269311057,15860.0,4.571428571428571,2.533333333333338
2023-12-07,6.6,11.4,0.8,0.0,24140.0,토마토,5kg,12,3,0,19160.0,0.0,-0.20629660314830156,18597.14285714286,5.3999999999999995,2.533333333333338
2023-12-07,6.6,11.4,0.8,0.0,19160.0,토마토,5kg,12,3,0,24140.0,24280.0,0.25991649269311057,22045.714285714286,5.957142857142856,1.2666666666666713
2023-12-08,11.2,16.8,5.1,0.0,22860.0,토마토,5kg,12,4,0,19160.0,19160.0,-0.20629660314830156,21314.285714285714,7.171428571428572,0.0
2023-12-08,11.2,16.8,5.1,0.0,18420.0,토마토,5kg,12,4,0,22860.0,24280.0,0.1931106471816284,21842.85714285714,7.799999999999999,0.0
2023-12-09,13.7,16.2,11.7,0.0,0.0,토마토,5kg,12,5,1,18420.0,19160.0,-0.19422572178477693,21005.714285714286,8.785714285714286,0.0
2023-12-09,13.7,16.2,11.7,0.0,0.0,토마토,5kg,12,5,1,0.0,24140.0,-1.0,18268.571428571428,9.87142857142857,0.0
2023-12-11,8.9,12.3,5.0,11.4,18200.0,토마토,5kg,12,0,0,22600.0,19160.0,inf,11862.857142857143,11.285714285714283,7.600000000000005
2023-12-12,5.4,9.3,3.5,0.4,23200.0,토마토,5kg,12,1,0,18200.0,22860.0,-0.19469026548672563,11725.714285714286,10.457142857142857,7.733333333333338
2023-12-12,5.4,9.3,3.5,0.4,18540.0,토마토,5kg,12,1,0,23200.0,18420.0,0.27472527472527464,11774.285714285714,9.62857142857143,4.066666666666672
2023-12-13,6.8,10.3,2.6,0.0,23400.0,토마토,5kg,12,2,0,18540.0,0.0,-0.20086206896551728,11791.42857142857,8.642857142857142,0.26666666666667144
2023-12-13,6.8,10.3,2.6,0.0,18740.0,토마토,5kg,12,2,0,23400.0,0.0,0.2621359223300972,15134.285714285714,7.6571428571428575,0.13333333333333808
2023-12-14,7.6,9.1,6.2,17.0,22920.0,토마토,5kg,12,3,0,18740.0,0.0,-0.1991452991452991,17811.428571428572,7.114285714285715,5.666666666666671
2023-12-14,7.6,9.1,6.2,17.0,18380.0,토마토,5kg,12,3,0,22920.0,22600.0,0.22305229455709719,21085.714285714286,6.928571428571429,11.333333333333337
2023-12-15,4.9,6.2,3.7,31.1,22720.0,토마토,5kg,12,4,0,18380.0,18200.0,-0.1980802792321117,20482.85714285714,6.357142857142857,21.700000000000006
2023-12-15,4.9,6.2,3.7,31.1,18180.0,토마토,5kg,12,4,0,22720.0,23200.0,0.23612622415669215,21128.571428571428,6.285714285714286,26.400000000000006
2023-12-16,-4.1,3.8,-9.9,1.5,0.0,토마토,5kg,12,5,1,18180.0,18540.0,-0.19982394366197187,20411.428571428572,4.928571428571429,21.233333333333338
2023-12-16,-4.1,3.8,-9.9,1.5,0.0,토마토,5kg,12,5,1,0.0,23400.0,-1.0,17762.85714285714,3.3714285714285714,11.366666666666672
2023-12-18,-7.7,-3.6,-12.2,0.0,18260.0,토마토,5kg,12,0,0,23060.0,18380.0,inf,11762.857142857143,-3.3714285714285714,0.0
2023-12-19,-3.7,0.2,-8.2,0.3,21860.0,토마토,5kg,12,1,0,18260.0,22720.0,-0.20815264527320032,11745.714285714286,-4.6,0.10000000000000474
2023-12-19,-3.7,0.2,-8.2,0.3,17400.0,토마토,5kg,12,1,0,21860.0,18180.0,0.19715224534501652,11622.857142857143,-5.828571428571428,0.20000000000000473
2023-12-20,-7.4,-2.1,-11.9,0.8,22200.0,토마토,5kg,12,2,0,17400.0,0.0,-0.2040256175663312,11511.42857142857,-6.3,0.4666666666666714
2023-12-20,-7.4,-2.1,-11.9,0.8,17720.0,토마토,5kg,12,2,0,22200.0,0.0,0.27586206896551735,14682.857142857143,-6.771428571428572,0.6333333333333381
2023-12-21,-11.7,-8.0,-14.4,0.0,22260.0,토마토,5kg,12,3,0,17720.0,0.0,-0.20180180180180185,17214.285714285714,-7.042857142857144,0.5333333333333381
2023-12-21,-11.7,-8.0,-14.4,0.0,17800.0,토마토,5kg,12,3,0,22260.0,23060.0,0.25620767494356667,20394.285714285714,-7.614285714285714,0.26666666666667144
2023-12-22,-11.6,-8.0,-14.7,0.0,21860.0,토마토,5kg,12,4,0,17800.0,18260.0,-0.20035938903863437,19642.85714285714,-8.17142857142857,0.0
2023-12-22,-11.6,-8.0,-14.7,0.0,17400.0,토마토,5kg,12,4,0,21860.0,21860.0,0.22808988764044935,20157.14285714286,-9.299999999999999,0.0
2023-12-23,-6.8,-0.9,-12.7,0.0,0.0,토마토,5kg,12,5,1,17400.0,17400.0,-0.2040256175663312,19520.0,-9.742857142857144,0.0
2023-12-23,-6.8,-0.9,-12.7,0.0,0.0,토마토,5kg,12,5,1,0.0,22200.0,-1.0,17034.285714285714,-9.657142857142857,0.0
2023-12-26,1.9,7.2,-2.6,0.0,17200.0,토마토,5kg,12,1,0,21660.0,17400.0,inf,5580.0,-1.9142857142857144,0.23333333333333806
2023-12-27,1.5,6.8,-2.8,0.0,21600.0,토마토,5kg,12,2,0,17200.0,0.0,-0.20590951061865193,5551.428571428572,-0.7285714285714285,0.0
2023-12-27,1.5,6.8,-2.8,0.0,17120.0,토마토,5kg,12,2,0,21600.0,0.0,0.2558139534883721,8637.142857142857,0.45714285714285713,0.0
2023-12-28,1.2,4.4,-1.7,0.0,21600.0,토마토,5kg,12,3,0,17120.0,0.0,-0.20740740740740737,11082.857142857143,0.942857142857143,0.0
2023-12-28,1.2,4.4,-1.7,0.0,17160.0,토마토,5kg,12,3,0,21600.0,0.0,0.26168224299065423,14168.57142857143,1.2142857142857142,0.0
2023-12-29,1.3,4.6,-1.5,0.0,21600.0,토마토,5kg,12,4,0,17160.0,0.0,-0.2055555555555556,16620.0,1.4999999999999998,0.0
2023-12-29,1.3,4.6,-1.5,0.0,17160.0,토마토,5kg,12,4,0,21600.0,21660.0,0.25874125874125875,19705.714285714286,1.4142857142857144,0.0
2023-12-30,0.6,2.1,-0.9,13.1,0.0,토마토,5kg,12,5,1,17160.0,17200.0,-0.2055555555555556,19062.85714285714,1.2285714285714284,4.366666666666672
2023-12-30,0.6,2.1,-0.9,13.1,0.0,토마토,5kg,12,5,1,0.0,21600.0,-1.0,16605.714285714286,1.1,8.733333333333338
2024-01-02,2.9,4.3,2.2,0.0,17160.0,토마토,5kg,1,1,0,21600.0,17160.0,inf,5537.142857142857,2.242857142857143,0.0
2024-01-03,1.8,4.0,-1.1,0.6,20920.0,토마토,5kg,1,2,0,17160.0,0.0,-0.2055555555555556,5537.142857142857,2.414285714285714,0.20000000000000473
2024-01-03,1.8,4.0,-1.1,0.6,16500.0,토마토,5kg,1,2,0,20920.0,0.0,0.21911421911421902,8525.714285714286,2.585714285714286,0.40000000000000474
2024-01-04,1.4,4.7,-3.3,0.0,21260.0,토마토,5kg,1,3,0,16500.0,0.0,-0.2112810707456979,10882.857142857143,2.4857142857142853,0.40000000000000474
2024-01-04,1.4,4.7,-3.3,0.0,16780.0,토마토,5kg,1,3,0,21260.0,0.0,0.28848484848484857,13920.0,2.214285714285714,0.20000000000000473
2024-01-05,5.0,9.1,1.4,0.0,21460.0,토마토,5kg,1,4,0,16780.0,0.0,-0.2107243650047037,16317.142857142857,2.457142857142857,0.0
2024-01-05,5.0,9.1,1.4,0.0,17180.0,토마토,5kg,1,4,0,21460.0,21600.0,0.2789034564958284,19382.85714285714,2.7571428571428567,0.0
2024-01-06,0.7,5.2,-2.7,2.4,0.0,토마토,5kg,1,5,1,17180.0,17160.0,-0.19944082013047526,18751.428571428572,2.442857142857143,0.8000000000000047
2024-01-06,0.7,5.2,-2.7,2.4,0.0,토마토,5kg,1,5,1,0.0,20920.0,-1.0,16300.0,2.2857142857142856,1.6000000000000048
2024-01-08,-4.7,0.0,-10.3,0.0,17100.0,토마토,5kg,1,0,0,21600.0,16780.0,inf,11002.857142857143,-0.34285714285714297,0.0
2024-01-09,-0.6,0.4,-1.9,1.6,21660.0,토마토,5kg,1,1,0,17100.0,21460.0,-0.20833333333333337,11048.57142857143,-1.1428571428571428,0.5333333333333381
2024-01-09,-0.6,0.4,-1.9,1.6,17180.0,토마토,5kg,1,1,0,21660.0,17180.0,0.2666666666666666,11077.142857142857,-1.9428571428571428,1.0666666666666715
2024-01-10,-1.0,3.3,-4.1,0.0,21540.0,토마토,5kg,1,2,0,17180.0,0.0,-0.20683287165281627,11077.142857142857,-2.1857142857142855,1.0666666666666715
2024-01-10,-1.0,3.3,-4.1,0.0,17040.0,토마토,5kg,1,2,0,21540.0,0.0,0.2537834691501746,14154.285714285714,-2.4285714285714284,0.5333333333333381
2024-01-11,1.7,4.5,-2.4,0.0,21940.0,토마토,5kg,1,3,0,17040.0,0.0,-0.2089136490250696,16588.571428571428,-1.5571428571428572,0.0
2024-01-11,1.7,4.5,-2.4,0.0,17440.0,토마토,5kg,1,3,0,21940.0,21600.0,0.2875586854460095,19722.85714285714,-0.6428571428571429,0.0
2024-01-12,0.9,4.2,-1.4,0.0,22400.0,토마토,5kg,1,4,0,17440.0,17100.0,-0.20510483135824975,19128.571428571428,0.15714285714285717,0.0
2024-01-12,0.9,4.2,-1.4,0.0,17800.0,토마토,5kg,1,4,0,22400.0,21660.0,0.2844036697247707,19885.714285714286,0.37142857142857144,0.0
2024-01-13,0.4,6.4,-3.8,0.0,0.0,토마토,5kg,1,5,1,17800.0,17180.0,-0.2053571428571429,19334.285714285714,0.5142857142857143,0.0
2024-01-13,0.4,6.4,-3.8,0.0,0.0,토마토,5kg,1,5,1,0.0,21540.0,-1.0,16880.0,0.7142857142857143,0.0
2024-01-15,-3.7,0.9,-6.9,0.0,19040.0,토마토,5kg,1,0,0,23840.0,17440.0,inf,11640.0,-0.7714285714285715,1.033333333333338
2024-01-16,-2.1,4.3,-7.2,0.0,23720.0,토마토,5kg,1,1,0,19040.0,22400.0,-0.20134228187919467,11868.57142857143,-1.2,0.0
2024-01-16,-2.1,4.3,-7.2,0.0,18760.0,토마토,5kg,1,1,0,23720.0,17800.0,0.2457983193277311,12057.142857142857,-1.6285714285714288,0.0
2024-01-17,0.6,1.9,-2.3,9.7,24580.0,토마토,5kg,1,2,0,18760.0,0.0,-0.209106239460371,12194.285714285714,-1.5999999999999999,3.233333333333338
2024-01-17,0.6,1.9,-2.3,9.7,19780.0,토마토,5kg,1,2,0,24580.0,0.0,0.31023454157782515,15705.714285714286,-1.5714285714285714,6.466666666666671
2024-01-18,4.5,9.4,1.4,0.5,26340.0,토마토,5kg,1,3,0,19780.0,0.0,-0.1952807160292921,18531.428571428572,-0.8428571428571429,6.633333333333337
2024-01-18,4.5,9.4,1.4,0.5,22060.0,토마토,5kg,1,3,0,26340.0,23840.0,0.3316481294236602,22294.285714285714,0.32857142857142857,3.5666666666666713
2024-01-19,5.4,9.0,4.0,0.0,26280.0,토마토,5kg,1,4,0,22060.0,19040.0,-0.16249050873196658,22040.0,1.6285714285714286,0.3333333333333381
2024-01-19,5.4,9.0,4.0,0.0,21860.0,토마토,5kg,1,4,0,26280.0,23720.0,0.1912964641885766,23074.285714285714,2.6999999999999997,0.1666666666666714
2024-01-20,3.4,4.9,1.9,0.4,0.0,토마토,5kg,1,5,1,21860.0,18760.0,-0.16818873668188739,22808.571428571428,3.485714285714286,0.13333333333333808
2024-01-20,3.4,4.9,1.9,0.4,0.0,토마토,5kg,1,5,1,0.0,24580.0,-1.0,20128.571428571428,3.8857142857142857,0.26666666666667144
2024-01-22,-8.7,-2.4,-11.9,0.2,23380.0,토마토,5kg,1,0,0,28140.0,22060.0,inf,14048.57142857143,0.27142857142857174,0.26666666666667144
2024-01-23,-11.7,-8.2,-14.0,0.0,29980.0,토마토,5kg,1,1,0,23380.0,26280.0,-0.1691542288557214,14237.142857142857,-2.1714285714285713,0.13333333333333808
2024-01-23,-11.7,-8.2,-14.0,0.0,24860.0,토마토,5kg,1,1,0,29980.0,21860.0,0.2822925577416595,14765.714285714286,-4.614285714285714,0.06666666666667141
2024-01-24,-8.0,-3.7,-11.2,0.0,29480.0,토마토,5kg,1,2,0,24860.0,0.0,-0.17078052034689795,15194.285714285714,-6.242857142857142,0.0
2024-01-24,-8.0,-3.7,-11.2,0.0,24320.0,토마토,5kg,1,2,0,29480.0,0.0,0.18584070796460184,19405.714285714286,-7.871428571428571,0.0
2024-01-25,-5.3,-0.5,-9.7,0.0,31500.0,토마토,5kg,1,3,0,24320.0,0.0,-0.175033921302578,22880.0,-8.87142857142857,0.0
2024-01-25,-5.3,-0.5,-9.7,0.0,26560.0,토마토,5kg,1,3,0,31500.0,28140.0,0.2952302631578947,27380.0,-8.385714285714284,0.0
2024-01-26,-1.7,4.0,-6.9,0.0,32040.0,토마토,5kg,1,4,0,26560.0,23380.0,-0.15682539682539687,27154.285714285714,-7.385714285714285,0.0
2024-01-26,-1.7,4.0,-6.9,0.0,27080.0,토마토,5kg,1,4,0,32040.0,29980.0,0.20632530120481918,28391.428571428572,-5.957142857142857,0.0
2024-01-27,-0.5,4.6,-4.6,0.0,0.0,토마토,5kg,1,5,1,27080.0,24860.0,-0.15480649188514362,27977.14285714286,-4.357142857142857,0.0
2024-01-27,-0.5,4.6,-4.6,0.0,0.0,토마토,5kg,1,5,1,0.0,29480.0,-1.0,24425.714285714286,-3.2857142857142856,0.0
2024-01-29,-0.4,4.6,-4.8,0.0,26360.0,토마토,5kg,1,0,0,31300.0,26560.0,inf,16711.428571428572,-0.9571428571428572,0.0
2024-01-30,1.4,8.1,-4.0,0.0,31700.0,토마토,5kg,1,1,0,26360.0,32040.0,-0.1578274760383387,16682.85714285714,-0.5142857142857142,0.0
2024-01-30,1.4,8.1,-4.0,0.0,26760.0,토마토,5kg,1,1,0,31700.0,27080.0,0.20257966616084988,16634.285714285714,-0.07142857142857147,0.0
2024-01-31,4.7,10.6,0.7,0.0,31100.0,토마토,5kg,1,2,0,26760.0,0.0,-0.15583596214511042,16588.571428571428,0.6714285714285715,0.0
2024-01-31,4.7,10.6,0.7,0.0,26160.0,토마토,5kg,1,2,0,31100.0,0.0,0.1621823617339313,21031.428571428572,1.4142857142857144,0.0
2024-02-01,2.4,8.2,-1.3,0.0,30660.0,토마토,5kg,2,3,0,26160.0,0.0,-0.15884244372990353,24768.571428571428,1.9714285714285715,0.0
2024-02-01,2.4,8.2,-1.3,0.0,25780.0,토마토,5kg,2,3,0,30660.0,31300.0,0.17201834862385312,29148.571428571428,2.3714285714285714,0.0
2024-02-02,3.1,7.9,0.7,0.0,30920.0,토마토,5kg,2,4,0,25780.0,26360.0,-0.15916503587736464,28360.0,2.871428571428571,0.0
2024-02-02,3.1,7.9,0.7,0.0,26060.0,토마토,5kg,2,4,0,30920.0,31700.0,0.1993793638479442,29011.428571428572,3.1142857142857143,0.0
2024-02-03,4.7,8.3,-0.2,0.0,0.0,토마토,5kg,2,5,1,26060.0,26760.0,-0.15717981888745147,28205.714285714286,3.585714285714286,0.0
2024-02-03,4.7,8.3,-0.2,0.0,0.0,토마토,5kg,2,5,1,0.0,31100.0,-1.0,24382.85714285714,3.585714285714286,0.0
2024-02-05,2.7,6.6,0.1,3.9,26240.0,토마토,5kg,2,0,0,31200.0,25780.0,inf,16280.0,4.042857142857143,2.6000000000000045
2024-02-06,1.2,2.9,0.0,0.2,32260.0,토마토,5kg,2,1,0,26240.0,30920.0,-0.15897435897435896,16345.714285714286,3.771428571428572,2.6666666666666714
2024-02-06,1.2,2.9,0.0,0.2,27200.0,토마토,5kg,2,1,0,32260.0,26060.0,0.22942073170731714,16537.14285714286,3.5,1.433333333333338
2024-02-07,0.6,2.7,-0.9,0.0,32880.0,토마토,5kg,2,2,0,27200.0,0.0,-0.15685058896466209,16700.0,2.9142857142857146,0.13333333333333808
2024-02-07,0.6,2.7,-0.9,0.0,27660.0,토마토,5kg,2,2,0,32880.0,0.0,0.20882352941176463,21397.14285714286,2.3285714285714287,0.06666666666667141
2024-02-08,0.6,6.2,-3.0,0.0,30760.0,토마토,5kg,2,3,0,27660.0,0.0,-0.15875912408759119,25348.571428571428,1.3714285714285714,0.0
2024-02-08,0.6,6.2,-3.0,0.0,25420.0,토마토,5kg,2,3,0,30760.0,31200.0,0.1120751988430948,29742.85714285714,1.0714285714285714,0.0
2024-02-09,1.1,6.1,-2.5,0.0,0.0,토마토,5kg,2,4,0,25420.0,26240.0,-0.17360208062418725,28917.14285714286,0.8428571428571429,0.0
2024-02-09,1.1,6.1,-2.5,0.0,0.0,토마토,5kg,2,4,0,0.0,32260.0,-1.0,25168.571428571428,0.8285714285714285,0.0
2024-02-13,8.2,13.7,2.0,0.0,24040.0,토마토,5kg,2,1,0,29000.0,0.0,inf,4142.857142857143,3.8857142857142857,0.0
2024-02-14,12.9,18.3,8.8,0.0,26220.0,토마토,5kg,2,2,0,24040.0,0.0,-0.17103448275862065,7577.142857142857,5.571428571428571,0.0
2024-02-14,12.9,18.3,8.8,0.0,20040.0,토마토,5kg,2,2,0,26220.0,0.0,0.0906821963394342,11322.857142857143,7.171428571428571,0.0
2024-02-15,4.5,11.6,0.6,10.9,25780.0,토마토,5kg,2,3,0,20040.0,0.0,-0.2356979405034325,14185.714285714286,7.671428571428571,3.633333333333338
2024-02-15,4.5,11.6,0.6,10.9,19640.0,토마토,5kg,2,3,0,25780.0,0.0,0.28642714570858274,17868.571428571428,7.814285714285714,7.266666666666672
2024-02-16,2.3,8.1,-1.5,0.0,25680.0,토마토,5kg,2,4,0,19640.0,0.0,-0.23816912335143525,20674.285714285714,7.6428571428571415,7.266666666666672
2024-02-16,2.3,8.1,-1.5,0.0,19420.0,토마토,5kg,2,4,0,25680.0,29000.0,0.3075356415478616,24342.85714285714,6.8,3.633333333333338
2024-02-17,4.4,11.7,-1.2,0.0,0.0,토마토,5kg,2,5,1,19420.0,24040.0,-0.24376947040498442,22974.285714285714,6.257142857142858,0.0
2024-02-17,4.4,11.7,-1.2,0.0,0.0,토마토,5kg,2,5,1,0.0,26220.0,-1.0,19540.0,5.042857142857143,0.0
2024-02-19,9.1,11.9,4.2,8.9,19700.0,토마토,5kg,2,0,0,26120.0,19640.0,inf,12980.0,5.3999999999999995,11.63333333333334
2024-02-20,4.3,6.8,2.8,2.6,25720.0,토마토,5kg,2,1,0,19700.0,25680.0,-0.24578866768759566,12988.57142857143,5.685714285714286,6.800000000000005
2024-02-20,4.3,6.8,2.8,2.6,19220.0,토마토,5kg,2,1,0,25720.0,19420.0,0.30558375634517776,12994.285714285714,5.971428571428571,4.7000000000000055
2024-02-21,1.9,4.0,0.0,17.8,25660.0,토마토,5kg,2,2,0,19220.0,0.0,-0.25272161741835153,12965.714285714286,5.614285714285714,7.666666666666671
2024-02-21,1.9,4.0,0.0,17.8,19120.0,토마토,5kg,2,2,0,25660.0,0.0,0.3350676378772113,16631.428571428572,5.257142857142857,12.73333333333334
2024-02-22,0.2,1.6,-1.1,8.8,27820.0,토마토,5kg,2,3,0,19120.0,0.0,-0.25487139516757595,19362.85714285714,4.3999999999999995,14.800000000000006
2024-02-22,0.2,1.6,-1.1,8.8,21560.0,토마토,5kg,2,3,0,27820.0,26120.0,0.4550209205020921,23337.14285714286,3.1285714285714286,11.800000000000006
2024-02-23,1.8,6.1,-1.0,0.4,29380.0,토마토,5kg,2,4,0,21560.0,19700.0,-0.22501797268152413,22685.714285714286,2.085714285714286,6.000000000000006
2024-02-23,1.8,6.1,-1.0,0.4,23120.0,토마토,5kg,2,4,0,29380.0,25720.0,0.36270871985157704,24068.571428571428,1.7285714285714289,3.2000000000000064
2024-02-24,2.0,5.9,-1.3,2.3,0.0,토마토,5kg,2,5,1,23120.0,19220.0,-0.21307011572498302,23697.14285714286,1.4000000000000001,1.0333333333333392
2024-02-24,2.0,5.9,-1.3,2.3,0.0,토마토,5kg,2,5,1,0.0,25660.0,-1.0,20951.428571428572,1.4142857142857144,1.6666666666666725
2024-02-26,3.8,9.7,-1.2,0.0,23640.0,토마토,5kg,2,0,0,30000.0,21560.0,inf,14865.714285714286,2.5714285714285716,0.6000000000000058
2024-02-27,5.3,9.8,1.2,0.0,31320.0,토마토,5kg,2,1,0,23640.0,29380.0,-0.21199999999999997,15162.857142857143,3.0714285714285716,0.0
2024-02-27,5.3,9.8,1.2,0.0,24680.0,토마토,5kg,2,1,0,31320.0,23120.0,0.3248730964467006,15440.0,3.5714285714285716,0.0
2024-02-28,6.4,10.1,3.2,0.0,30580.0,토마토,5kg,2,2,0,24680.0,0.0,-0.21200510855683274,15662.857142857143,4.2,0.0
2024-02-28,6.4,10.1,3.2,0.0,24500.0,토마토,5kg,2,2,0,30580.0,0.0,0.23905996758508907,20031.428571428572,4.828571428571428,0.0
2024-02-29,4.8,9.6,0.3,0.0,31100.0,토마토,5kg,2,3,0,24500.0,0.0,-0.19882275997383914,23531.428571428572,5.114285714285715,0.0
2024-02-29,4.8,9.6,0.3,0.0,25080.0,토마토,5kg,2,3,0,31100.0,30000.0,0.2693877551020407,27974.285714285714,5.257142857142857,0.0
2024-03-01,-4.1,0.3,-7.1,0.0,0.0,토마토,5kg,3,4,0,25080.0,23640.0,-0.19356913183279745,27271.428571428572,4.128571428571428,0.0
2024-03-01,-4.1,0.3,-7.1,0.0,0.0,토마토,5kg,3,4,0,0.0,31320.0,-1.0,23894.285714285714,2.7857142857142856,0.0
2024-03-04,5.4,11.7,-1.8,0.0,25740.0,토마토,5kg,3,0,0,31600.0,31100.0,inf,12540.0,1.5571428571428574,0.0
2024-03-05,8.0,11.0,5.5,0.0,31380.0,토마토,5kg,3,1,0,25740.0,25080.0,-0.18544303797468353,11774.285714285714,2.0142857142857147,0.0
2024-03-05,8.0,11.0,5.5,0.0,25400.0,토마토,5kg,3,1,0,31380.0,0.0,0.21911421911421902,12674.285714285714,3.7428571428571433,0.0
2024-03-06,6.2,10.3,2.5,0.0,32700.0,토마토,5kg,3,2,0,25400.0,0.0,-0.19056724028043337,16302.857142857143,5.214285714285714,0.0
2024-03-06,6.2,10.3,2.5,0.0,26340.0,토마토,5kg,3,2,0,32700.0,0.0,0.28740157480314954,20974.285714285714,6.171428571428572,0.0
2024-03-07,3.9,8.2,1.2,2.1,32920.0,토마토,5kg,3,3,0,26340.0,0.0,-0.1944954128440367,24737.14285714286,6.1571428571428575,0.7000000000000058
2024-03-07,3.9,8.2,1.2,2.1,26760.0,토마토,5kg,3,3,0,32920.0,31600.0,0.24981017463933175,29440.0,5.942857142857143,1.4000000000000057
2024-03-08,2.1,6.5,-0.7,0.0,33880.0,토마토,5kg,3,4,0,26760.0,25740.0,-0.18712029161603894,28748.571428571428,5.471428571428572,1.4000000000000057
2024-03-08,2.1,6.5,-0.7,0.0,27880.0,토마토,5kg,3,4,0,33880.0,31380.0,0.2660687593423019,29911.428571428572,4.628571428571428,0.7000000000000058
2024-03-09,2.0,7.1,-2.1,0.0,0.0,토마토,5kg,3,5,1,27880.0,25400.0,-0.17709563164108622,29411.428571428572,3.7714285714285714,0.0
2024-03-09,2.0,7.1,-2.1,0.0,0.0,토마토,5kg,3,5,1,0.0,32700.0,-1.0,25782.85714285714,3.1714285714285717,0.0
2024-03-11,6.2,10.8,2.0,0.0,27880.0,토마토,5kg,3,0,0,33280.0,26760.0,inf,17400.0,3.542857142857143,0.0
2024-03-12,6.6,10.0,4.4,2.1,33140.0,토마토,5kg,3,1,0,27880.0,33880.0,-0.16225961538461542,17560.0,4.185714285714286,0.7000000000000058
2024-03-12,6.6,10.0,4.4,2.1,27920.0,토마토,5kg,3,1,0,33140.0,27880.0,0.18866571018651368,17454.285714285714,4.828571428571429,1.4000000000000057
2024-03-13,6.5,12.0,1.3,0.0,33400.0,토마토,5kg,3,2,0,27920.0,0.0,-0.1575135787567894,17460.0,5.471428571428572,1.4000000000000057
2024-03-13,6.5,12.0,1.3,0.0,28600.0,토마토,5kg,3,2,0,33400.0,0.0,0.19627507163323776,22231.428571428572,6.114285714285715,0.7000000000000058
2024-03-14,8.5,15.4,3.4,0.0,32620.0,토마토,5kg,3,3,0,28600.0,0.0,-0.14371257485029942,26317.14285714286,6.728571428571428,0.0
2024-03-14,8.5,15.4,3.4,0.0,28260.0,토마토,5kg,3,3,0,32620.0,33280.0,0.14055944055944058,30977.14285714286,7.057142857142856,0.0
2024-03-15,8.9,14.5,4.0,0.0,31280.0,토마토,5kg,3,4,0,28260.0,27880.0,-0.1336603310852238,30260.0,7.442857142857143,0.0
2024-03-15,8.9,14.5,4.0,0.0,27140.0,토마토,5kg,3,4,0,31280.0,33140.0,0.10686482661004959,30745.714285714286,7.771428571428571,0.0
2024-03-16,10.9,18.3,4.4,0.0,0.0,토마토,5kg,3,5,1,27140.0,27920.0,-0.13235294117647056,29888.571428571428,8.385714285714284,0.0
2024-03-16,10.9,18.3,4.4,0.0,0.0,토마토,5kg,3,5,1,0.0,33400.0,-1.0,25900.0,9.014285714285714,0.0
2024-03-18,7.1,13.2,1.4,0.0,28000.0,토마토,5kg,3,0,0,31940.0,28260.0,inf,16945.714285714286,8.942857142857141,0.033333333333339106
2024-03-19,6.7,9.8,3.9,0.2,31140.0,토마토,5kg,3,1,0,28000.0,31280.0,-0.12335629304946771,16908.571428571428,8.628571428571428,0.06666666666667244
2024-03-19,6.7,9.8,3.9,0.2,27060.0,토마토,5kg,3,1,0,31140.0,27140.0,0.1121428571428571,16888.571428571428,8.314285714285715,0.1333333333333391
2024-03-20,4.4,8.7,1.2,0.0,31220.0,토마토,5kg,3,2,0,27060.0,0.0,-0.1310211946050096,16877.14285714286,7.385714285714286,0.1333333333333391
2024-03-20,4.4,8.7,1.2,0.0,27140.0,토마토,5kg,3,2,0,31220.0,0.0,0.15373244641537331,21337.14285714286,6.457142857142856,0.06666666666667244
2024-03-21,5.0,11.5,-1.2,0.0,30020.0,토마토,5kg,3,3,0,27140.0,0.0,-0.1306854580397181,25214.285714285714,5.914285714285714,0.0
2024-03-21,5.0,11.5,-1.2,0.0,26080.0,토마토,5kg,3,3,0,30020.0,31940.0,0.10611643330876941,29502.85714285714,5.614285714285714,0.0
2024-03-22,10.4,15.2,3.8,5.4,29980.0,토마토,5kg,3,4,0,26080.0,28000.0,-0.13124583610926044,28665.714285714286,6.085714285714287,1.800000000000006
2024-03-22,10.4,15.2,3.8,5.4,26200.0,토마토,5kg,3,4,0,29980.0,31140.0,0.14953987730061358,28948.571428571428,6.614285714285715,3.6000000000000063
2024-03-23,13.0,18.2,9.3,0.1,0.0,토마토,5kg,3,5,1,26200.0,27060.0,-0.12608405603735828,28242.85714285714,7.514285714285714,3.6333333333333395
2024-03-23,13.0,18.2,9.3,0.1,0.0,토마토,5kg,3,5,1,0.0,31220.0,-1.0,24377.14285714286,8.742857142857144,1.8666666666666727
2024-03-25,10.6,14.5,6.7,5.1,26040.0,토마토,5kg,3,0,0,29900.0,26080.0,inf,16022.857142857143,12.028571428571428,3.4000000000000057
2024-03-26,7.4,12.4,3.2,11.5,30420.0,토마토,5kg,3,1,0,26040.0,29980.0,-0.12909698996655516,16017.142857142857,11.599999999999998,7.233333333333339
2024-03-26,7.4,12.4,3.2,11.5,26540.0,토마토,5kg,3,1,0,30420.0,26200.0,0.16820276497695863,16080.0,11.171428571428573,9.366666666666672
2024-03-27,10.4,16.2,4.4,0.0,29900.0,토마토,5kg,3,2,0,26540.0,0.0,-0.12754766600920442,16128.57142857143,10.8,7.666666666666672
2024-03-27,10.4,16.2,4.4,0.0,25880.0,토마토,5kg,3,2,0,29900.0,0.0,0.12660135644310477,20400.0,10.428571428571429,3.8333333333333393
2024-03-28,10.3,12.2,7.8,1.9,30220.0,토마토,5kg,3,3,0,25880.0,0.0,-0.1344481605351171,24097.14285714286,9.585714285714285,0.6333333333333392
2024-03-28,10.3,12.2,7.8,1.9,26400.0,토마토,5kg,3,3,0,30220.0,29900.0,0.16769706336939727,28414.285714285714,9.542857142857143,1.2666666666666726
2024-03-29,7.6,12.3,5.0,1.4,31260.0,토마토,5kg,3,4,0,26400.0,26040.0,-0.12640635340833883,27914.285714285714,9.114285714285716,1.733333333333339
2024-03-29,7.6,12.3,5.0,1.4,27540.0,토마토,5kg,3,4,0,31260.0,30420.0,0.18409090909090908,28660.0,9.142857142857142,1.5666666666666724
2024-03-30,8.8,15.6,3.0,0.0,0.0,토마토,5kg,3,5,1,27540.0,26540.0,-0.11900191938579652,28248.571428571428,9.342857142857143,0.9333333333333392
2024-03-30,8.8,15.6,3.0,0.0,0.0,토마토,5kg,3,5,1,0.0,29900.0,-1.0,24457.14285714286,9.114285714285716,0.46666666666667256
2024-04-01,12.2,19.0,5.5,0.0,26460.0,토마토,5kg,4,0,0,29980.0,26400.0,inf,16454.285714285714,9.685714285714285,0.0
2024-04-02,15.4,23.9,7.0,0.0,29840.0,토마토,5kg,4,1,0,26460.0,31260.0,-0.11741160773849235,16462.85714285714,10.799999999999999,0.0
2024-04-02,15.4,23.9,7.0,0.0,26360.0,토마토,5kg,4,1,0,29840.0,27540.0,0.127739984882842,16260.0,11.914285714285715,0.0
2024-04-03,16.6,19.7,13.9,0.0,30120.0,토마토,5kg,4,2,0,26360.0,0.0,-0.11662198391420908,16091.42857142857,13.028571428571427,0.0
2024-04-03,16.6,19.7,13.9,0.0,26620.0,토마토,5kg,4,2,0,30120.0,0.0,0.14264036418816395,20394.285714285714,14.142857142857142,0.0
2024-04-04,15.5,20.3,12.4,0.0,30520.0,토마토,5kg,4,3,0,26620.0,0.0,-0.11620185922974768,24197.14285714286,14.842857142857143,0.0
2024-04-04,15.5,20.3,12.4,0.0,27020.0,토마토,5kg,4,3,0,30520.0,29980.0,0.14650638617580758,28557.14285714286,15.314285714285715,0.0
2024-04-05,14.0,18.8,10.2,0.0,30380.0,토마토,5kg,4,4,0,27020.0,26460.0,-0.11467889908256879,28134.285714285714,15.571428571428571,0.0
2024-04-05,14.0,18.8,10.2,0.0,26880.0,토마토,5kg,4,4,0,30380.0,29840.0,0.12435233160621761,28694.285714285714,15.37142857142857,0.0
2024-04-06,12.7,18.9,8.0,0.0,0.0,토마토,5kg,4,5,1,26880.0,26360.0,-0.11520737327188935,28271.428571428572,14.985714285714286,0.0
2024-04-06,12.7,18.9,8.0,0.0,0.0,토마토,5kg,4,5,1,0.0,30120.0,-1.0,24505.714285714286,14.428571428571429,0.0
2024-04-08,16.2,22.8,11.0,0.0,26760.0,토마토,5kg,4,0,0,30160.0,27020.0,inf,16348.57142857143,14.37142857142857,0.0
2024-04-09,15.3,20.8,10.6,0.0,30360.0,토마토,5kg,4,1,0,26760.0,30380.0,-0.11273209549071617,16311.42857142857,14.557142857142859,0.0
2024-04-09,15.3,20.8,10.6,0.0,27000.0,토마토,5kg,4,1,0,30360.0,26880.0,0.13452914798206272,16308.57142857143,14.742857142857144,0.0
2024-04-10,13.8,18.5,10.2,0.0,0.0,토마토,5kg,4,2,0,27000.0,0.0,-0.11067193675889331,16325.714285714286,14.9,0.0
2024-04-10,13.8,18.5,10.2,0.0,0.0,토마토,5kg,4,2,0,0.0,0.0,-1.0,16325.714285714286,15.057142857142855,0.0
2024-04-11,15.5,21.1,11.7,0.0,26880.0,토마토,5kg,4,3,0,30580.0,30160.0,inf,20694.285714285714,15.057142857142859,0.0
2024-04-12,17.2,24.2,12.0,0.0,30640.0,토마토,5kg,4,4,0,26880.0,26760.0,-0.12099411379986924,20225.714285714286,15.200000000000001,0.0
2024-04-12,17.2,24.2,12.0,0.0,26880.0,토마토,5kg,4,4,0,30640.0,30360.0,0.13988095238095233,20780.0,15.471428571428572,0.0
2024-04-13,19.1,27.3,11.2,0.0,0.0,토마토,5kg,4,5,1,26880.0,27000.0,-0.12271540469973885,20282.85714285714,16.014285714285712,0.0
2024-04-13,19.1,27.3,11.2,0.0,0.0,토마토,5kg,4,5,1,0.0,0.0,-1.0,16425.714285714286,16.771428571428572,0.0
2024-04-15,16.0,20.0,11.7,17.1,24960.0,토마토,5kg,4,0,0,28580.0,26880.0,inf,16140.0,17.914285714285715,11.400000000000006
2024-04-16,13.3,17.9,11.5,2.3,27100.0,토마토,5kg,4,1,0,24960.0,30640.0,-0.12666200139958017,15865.714285714286,17.357142857142858,12.166666666666673
2024-04-16,13.3,17.9,11.5,2.3,23460.0,토마토,5kg,4,1,0,27100.0,26880.0,0.08573717948717952,15360.0,16.8,7.233333333333339
2024-04-17,15.0,21.8,9.7,0.0,26300.0,토마토,5kg,4,2,0,23460.0,0.0,-0.1343173431734317,14871.42857142857,16.214285714285715,1.5333333333333392
2024-04-17,15.0,21.8,9.7,0.0,23040.0,토마토,5kg,4,2,0,26300.0,0.0,0.12105711849957368,18628.571428571428,15.62857142857143,0.7666666666666725
2024-04-18,17.3,24.9,10.7,0.0,26480.0,토마토,5kg,4,3,0,23040.0,0.0,-0.12395437262357412,21920.0,15.12857142857143,0.0
2024-04-18,17.3,24.9,10.7,0.0,23160.0,토마토,5kg,4,3,0,26480.0,28580.0,0.14930555555555558,25702.85714285714,15.314285714285715,0.0
2024-04-19,17.6,24.3,11.5,0.0,26480.0,토마토,5kg,4,4,0,23160.0,24960.0,-0.12537764350453173,24928.571428571428,15.542857142857144,0.0
2024-04-19,17.6,24.3,11.5,0.0,22500.0,토마토,5kg,4,4,0,26480.0,27100.0,0.14335060449050085,25145.714285714286,16.15714285714286,0.0
2024-04-20,14.9,17.2,13.0,4.8,0.0,토마토,5kg,4,5,1,22500.0,23460.0,-0.15030211480362543,24488.571428571428,16.38571428571429,1.6000000000000059
2024-04-20,14.9,17.2,13.0,4.8,0.0,토마토,5kg,4,5,1,0.0,26300.0,-1.0,21137.14285714286,16.371428571428574,3.200000000000006
2024-04-22,18.8,24.1,15.0,0.0,21700.0,토마토,5kg,4,0,0,25720.0,23160.0,inf,13980.0,17.114285714285717,0.0
2024-04-23,17.3,24.2,13.2,0.0,24160.0,토마토,5kg,4,1,0,21700.0,26480.0,-0.15629860031104204,13771.42857142857,17.071428571428573,0.0
2024-04-23,17.3,24.2,13.2,0.0,20340.0,토마토,5kg,4,1,0,24160.0,22500.0,0.11336405529953919,13440.0,17.02857142857143,0.0
2024-04-24,13.2,16.5,11.0,9.0,24000.0,토마토,5kg,4,2,0,20340.0,0.0,-0.1581125827814569,13131.42857142857,16.785714285714285,3.0000000000000058
2024-04-24,13.2,16.5,11.0,9.0,20340.0,토마토,5kg,4,2,0,24000.0,0.0,0.1799410029498525,16560.0,16.542857142857144,6.000000000000006
2024-04-25,14.4,20.8,10.3,0.0,23600.0,토마토,5kg,4,3,0,20340.0,0.0,-0.15249999999999997,19465.714285714286,16.142857142857142,6.000000000000006
2024-04-25,14.4,20.8,10.3,0.0,19440.0,토마토,5kg,4,3,0,23600.0,25720.0,0.16027531956735497,22837.14285714286,15.514285714285716,3.0000000000000058
2024-04-26,17.8,26.0,11.4,0.0,25040.0,토마토,5kg,4,4,0,19440.0,21700.0,-0.17627118644067796,21940.0,15.371428571428572,0.0
2024-04-26,17.8,26.0,11.4,0.0,21000.0,토마토,5kg,4,4,0,25040.0,24160.0,0.2880658436213992,22417.14285714286,15.442857142857141,0.0
2024-04-27,18.2,26.2,11.5,0.0,0.0,토마토,5kg,4,5,1,21000.0,20340.0,-0.1613418530351438,21965.714285714286,15.571428571428571,0.0
2024-04-27,18.2,26.2,11.5,0.0,0.0,토마토,5kg,4,5,1,0.0,24000.0,-1.0,19060.0,16.285714285714285,0.0
2024-04-29,20.9,26.1,16.9,0.0,20180.0,토마토,5kg,4,0,0,23860.0,19440.0,inf,12762.857142857143,19.214285714285715,0.0
2024-04-30,18.6,22.5,16.0,0.0,25500.0,토마토,5kg,4,1,0,20180.0,25040.0,-0.15423302598491195,12868.57142857143,19.32857142857143,0.0
2024-04-30,18.6,22.5,16.0,0.0,21420.0,토마토,5kg,4,1,0,25500.0,21000.0,0.26362735381565905,12934.285714285714,19.442857142857143,0.0
2024-05-01,18.5,24.0,13.9,0.0,0.0,토마토,5kg,5,2,0,21420.0,0.0,-0.16000000000000003,12994.285714285714,19.485714285714288,0.0
2024-05-01,18.5,24.0,13.9,0.0,0.0,토마토,5kg,5,2,0,0.0,0.0,-1.0,12994.285714285714,19.52857142857143,0.0
2024-05-02,18.1,23.7,12.4,0.0,21400.0,토마토,5kg,5,3,0,25560.0,23860.0,inf,16645.714285714286,18.75714285714286,0.0
2024-05-03,19.7,27.9,12.2,0.0,26180.0,토마토,5kg,5,4,0,21400.0,20180.0,-0.16275430359937404,16294.285714285714,18.585714285714285,0.0
2024-05-03,19.7,27.9,12.2,0.0,22220.0,토마토,5kg,5,4,0,26180.0,25500.0,0.22336448598130842,17151.428571428572,18.74285714285714,0.0
2024-05-04,21.4,28.5,14.6,0.0,0.0,토마토,5kg,5,5,1,22220.0,21420.0,-0.1512605042016807,16682.85714285714,19.142857142857142,0.0
2024-05-04,21.4,28.5,14.6,0.0,0.0,토마토,5kg,5,5,1,0.0,0.0,-1.0,13622.857142857143,19.557142857142857,0.0
2024-05-07,13.3,15.0,12.2,2.4,21060.0,토마토,5kg,5,1,0,24940.0,22220.0,inf,6737.142857142857,16.428571428571427,5.7000000000000055
2024-05-08,14.7,21.4,9.0,0.0,26380.0,토마토,5kg,5,2,0,21060.0,0.0,-0.15557337610264632,6571.428571428572,15.471428571428572,1.6000000000000048
2024-05-08,14.7,21.4,9.0,0.0,21840.0,토마토,5kg,5,2,0,26380.0,0.0,0.25261158594491917,10340.0,14.514285714285714,0.8000000000000047
2024-05-09,16.1,21.8,10.9,0.0,25700.0,토마토,5kg,5,3,0,21840.0,0.0,-0.1721000758150114,13460.0,14.271428571428572,0.0
2024-05-09,16.1,21.8,10.9,0.0,21380.0,토마토,5kg,5,3,0,25700.0,0.0,0.17673992673992678,17131.428571428572,14.585714285714285,0.0
2024-05-10,17.9,23.8,12.5,0.0,24880.0,토마토,5kg,5,4,0,21380.0,0.0,-0.16809338521400774,20185.714285714286,15.157142857142857,0.0
2024-05-10,17.9,23.8,12.5,0.0,20740.0,토마토,5kg,5,4,0,24880.0,24940.0,0.1637043966323668,23740.0,15.814285714285713,0.0
2024-05-11,17.0,22.0,14.0,31.7,0.0,토마토,5kg,5,5,1,20740.0,21060.0,-0.1663987138263665,23140.0,16.342857142857145,10.566666666666672
2024-05-11,17.0,22.0,14.0,31.7,0.0,토마토,5kg,5,5,1,0.0,26380.0,-1.0,20131.428571428572,16.67142857142857,21.133333333333336
2024-05-13,18.3,24.5,11.9,0.0,20200.0,토마토,5kg,5,0,0,24080.0,21380.0,inf,13011.42857142857,17.571428571428573,0.0
2024-05-14,18.8,24.7,12.7,0.0,22600.0,토마토,5kg,5,1,0,20200.0,24880.0,-0.1611295681063123,12842.857142857143,17.7,0.0
2024-05-14,18.8,24.7,12.7,0.0,19200.0,토마토,5kg,5,1,0,22600.0,20740.0,0.11881188118811892,12517.142857142857,17.82857142857143,0.0
2024-05-15,12.6,18.8,7.2,20.6,0.0,토마토,5kg,5,2,0,19200.0,0.0,-0.1504424778761062,12297.142857142857,17.2,6.866666666666672
2024-05-15,12.6,18.8,7.2,20.6,0.0,토마토,5kg,5,2,0,0.0,0.0,-1.0,12297.142857142857,16.571428571428573,13.73333333333334
2024-05-16,13.7,19.8,6.9,0.1,18920.0,토마토,5kg,5,3,0,22660.0,24080.0,inf,15534.285714285714,15.5,6.933333333333338
2024-05-17,18.3,24.9,10.8,0.0,23680.0,토마토,5kg,5,4,0,18920.0,20200.0,-0.16504854368932043,14797.142857142857,15.5,0.06666666666667141
2024-05-17,18.3,24.9,10.8,0.0,19820.0,토마토,5kg,5,4,0,23680.0,22600.0,0.2515856236786469,15294.285714285714,15.428571428571429,0.03333333333333807
2024-05-18,20.7,26.5,16.0,0.0,0.0,토마토,5kg,5,5,1,19820.0,19200.0,-0.1630067567567568,14897.142857142857,15.700000000000001,0.0
2024-05-18,20.7,26.5,16.0,0.0,0.0,토마토,5kg,5,5,1,0.0,0.0,-1.0,12154.285714285714,16.857142857142858,0.0
2024-05-20,19.4,22.8,16.8,0.0,19180.0,토마토,5kg,5,0,0,22620.0,18920.0,inf,12148.57142857143,19.75714285714286,0.0
2024-05-21,21.7,28.3,16.3,0.0,21780.0,토마토,5kg,5,1,0,19180.0,23680.0,-0.15207780725022102,12185.714285714286,20.24285714285714,0.0
2024-05-21,21.7,28.3,16.3,0.0,18900.0,토마토,5kg,5,1,0,21780.0,19820.0,0.1355578727841502,11914.285714285714,20.728571428571428,0.0
2024-05-22,20.5,25.5,16.4,0.0,21720.0,토마토,5kg,5,2,0,18900.0,0.0,-0.1322314049586777,11782.857142857143,20.7,0.0
2024-05-22,20.5,25.5,16.4,0.0,18760.0,토마토,5kg,5,2,0,21720.0,0.0,0.14920634920634912,14885.714285714286,20.67142857142857,0.0
2024-05-23,20.2,26.4,15.8,0.0,21800.0,토마토,5kg,5,3,0,18760.0,0.0,-0.13627992633517494,17565.714285714286,20.485714285714288,0.0
2024-05-23,20.2,26.4,15.8,0.0,18540.0,토마토,5kg,5,3,0,21800.0,22620.0,0.16204690831556512,20680.0,20.599999999999998,0.0
2024-05-24,20.1,24.7,15.7,0.0,21740.0,토마토,5kg,5,4,0,18540.0,19180.0,-0.14954128440366976,20097.14285714286,20.7,0.0
2024-05-24,20.1,24.7,15.7,0.0,18400.0,토마토,5kg,5,4,0,21740.0,21780.0,0.17259978425026978,20462.85714285714,20.47142857142857,0.0
2024-05-25,21.4,24.7,18.7,0.0,0.0,토마토,5kg,5,5,1,18400.0,18900.0,-0.15363385464581414,19980.0,20.428571428571427,0.0
2024-05-25,21.4,24.7,18.7,0.0,0.0,토마토,5kg,5,5,1,0.0,21720.0,-1.0,17280.0,20.557142857142857,0.0
2024-05-27,18.5,22.6,14.1,0.0,16340.0,토마토,5kg,5,0,0,19620.0,18540.0,inf,11185.714285714286,19.985714285714288,2.9000000000000044
2024-05-28,20.4,26.1,14.3,0.0,19220.0,토마토,5kg,5,1,0,16340.0,21740.0,-0.16717635066258918,10871.42857142857,20.02857142857143,0.0
2024-05-28,20.4,26.1,14.3,0.0,16340.0,토마토,5kg,5,1,0,19220.0,18400.0,0.17625458996328036,10511.42857142857,20.071428571428573,0.0
2024-05-29,21.2,26.8,15.4,0.0,17680.0,토마토,5kg,5,2,0,16340.0,0.0,-0.149843912591051,10217.142857142857,20.04285714285714,0.0
2024-05-29,21.2,26.8,15.4,0.0,14800.0,토마토,5kg,5,2,0,17680.0,0.0,0.08200734394124853,12742.857142857143,20.014285714285712,0.0
2024-05-30,20.7,24.6,16.2,0.0,16660.0,토마토,5kg,5,3,0,14800.0,0.0,-0.16289592760180993,14857.142857142857,20.128571428571426,0.0
2024-05-30,20.7,24.6,16.2,0.0,13960.0,토마토,5kg,5,3,0,16660.0,19620.0,0.1256756756756756,17237.14285714286,20.442857142857143,0.0
2024-05-31,20.4,25.4,16.9,1.0,15920.0,토마토,5kg,5,4,0,13960.0,16340.0,-0.1620648259303722,16428.571428571428,20.714285714285715,0.3333333333333381
2024-05-31,20.4,25.4,16.9,1.0,13320.0,토마토,5kg,5,4,0,15920.0,19220.0,0.1404011461318051,16368.57142857143,20.714285714285715,0.6666666666666714
2024-06-01,20.7,25.2,17.5,0.0,0.0,토마토,5kg,6,5,1,13320.0,16340.0,-0.16331658291457285,15525.714285714286,20.757142857142856,0.6666666666666714
2024-06-01,20.7,25.2,17.5,0.0,0.0,토마토,5kg,6,5,1,0.0,17680.0,-1.0,13191.42857142857,20.685714285714287,0.3333333333333381
2024-06-03,22.2,28.7,15.7,0.0,12120.0,토마토,5kg,6,0,0,14660.0,13960.0,inf,8265.714285714286,21.0,0.0
2024-06-04,22.8,29.3,16.3,0.0,15440.0,토마토,5kg,6,1,0,12120.0,15920.0,-0.17326057298772168,8002.857142857143,21.342857142857145,0.0
2024-06-04,22.8,29.3,16.3,0.0,13480.0,토마토,5kg,6,1,0,15440.0,13320.0,0.273927392739274,7934.285714285715,21.685714285714283,0.0
2024-06-05,23.6,30.1,18.1,0.0,15540.0,토마토,5kg,6,2,0,13480.0,0.0,-0.12694300518134716,7957.142857142857,22.1,0.0
2024-06-05,23.6,30.1,18.1,0.0,13000.0,토마토,5kg,6,2,0,15540.0,0.0,0.15281899109792274,10177.142857142857,22.514285714285712,0.0
2024-06-06,24.1,31.4,19.3,0.0,0.0,토마토,5kg,6,3,0,13000.0,0.0,-0.1634491634491635,12034.285714285714,23.042857142857144,0.0
2024-06-06,24.1,31.4,19.3,0.0,0.0,토마토,5kg,6,3,0,0.0,14660.0,-1.0,12034.285714285714,23.314285714285713,0.0
2024-06-07,23.1,28.0,18.3,0.8,12660.0,토마토,5kg,6,4,0,15200.0,15440.0,inf,10380.0,23.485714285714288,0.5333333333333381
2024-06-08,20.3,25.0,17.9,16.9,0.0,토마토,5kg,6,5,1,12660.0,13480.0,-0.16710526315789476,9982.857142857143,23.128571428571433,6.166666666666671
2024-06-08,20.3,25.0,17.9,16.9,0.0,토마토,5kg,6,5,1,0.0,15540.0,-1.0,8057.142857142857,22.657142857142855,11.533333333333337
2024-06-10,24.7,31.1,19.0,0.0,13320.0,토마토,5kg,6,0,0,15720.0,0.0,inf,6225.714285714285,22.72857142857143,0.0
2024-06-11,25.4,31.6,21.7,0.0,15520.0,토마토,5kg,6,1,0,13320.0,15200.0,-0.15267175572519087,8128.571428571428,23.057142857142853,0.0
2024-06-11,25.4,31.6,21.7,0.0,13120.0,토마토,5kg,6,1,0,15520.0,12660.0,0.1651651651651651,8174.285714285715,23.385714285714283,0.0
2024-06-12,24.8,31.8,19.2,0.0,15520.0,토마토,5kg,6,2,0,13120.0,0.0,-0.15463917525773196,8240.0,24.02857142857143,0.0
2024-06-12,24.8,31.8,19.2,0.0,13120.0,토마토,5kg,6,2,0,15520.0,0.0,0.18292682926829262,10457.142857142857,24.67142857142857,0.0
2024-06-13,26.4,32.8,20.0,0.0,15560.0,토마토,5kg,6,3,0,13120.0,0.0,-0.15463917525773196,12331.42857142857,25.17142857142857,0.0
2024-06-13,26.4,32.8,20.0,0.0,12860.0,토마토,5kg,6,3,0,15560.0,15720.0,0.18597560975609762,14554.285714285714,25.414285714285715,0.0
2024-06-14,26.3,33.0,21.4,0.0,16080.0,토마토,5kg,6,4,0,12860.0,13320.0,-0.17352185089974292,14145.714285714286,25.642857142857142,0.0
2024-06-14,26.3,33.0,21.4,0.0,13300.0,토마토,5kg,6,4,0,16080.0,15520.0,0.25038880248833584,14540.0,25.771428571428572,0.0
2024-06-15,24.2,28.2,21.8,6.1,0.0,토마토,5kg,6,5,1,13300.0,13120.0,-0.17288557213930345,14222.857142857143,25.599999999999998,2.033333333333338
2024-06-15,24.2,28.2,21.8,6.1,0.0,토마토,5kg,6,5,1,0.0,15520.0,-1.0,12348.57142857143,25.514285714285712,4.066666666666671
2024-06-17,24.8,30.2,18.9,0.0,12480.0,토마토,5kg,6,0,0,15620.0,12860.0,inf,8265.714285714286,24.985714285714288,0.0
2024-06-18,26.0,32.9,20.4,0.0,15100.0,토마토,5kg,6,1,0,12480.0,16080.0,-0.2010243277848912,8211.42857142857,24.942857142857147,0.0
2024-06-18,26.0,32.9,20.4,0.0,12480.0,토마토,5kg,6,1,0,15100.0,13300.0,0.20993589743589736,8071.428571428572,24.900000000000002,0.0
2024-06-19,28.8,35.8,21.4,0.0,14360.0,토마토,5kg,6,2,0,12480.0,0.0,-0.17350993377483448,7954.285714285715,25.557142857142857,0.0
2024-06-19,28.8,35.8,21.4,0.0,12100.0,토마토,5kg,6,2,0,14360.0,0.0,0.15064102564102555,10005.714285714286,26.214285714285715,0.0
2024-06-20,29.4,35.4,23.4,0.0,12860.0,토마토,5kg,6,3,0,12100.0,0.0,-0.15738161559888575,11734.285714285714,26.942857142857143,0.0
2024-06-20,29.4,35.4,23.4,0.0,10680.0,토마토,5kg,6,3,0,12860.0,15620.0,0.062809917355372,13571.42857142857,27.599999999999998,0.0
2024-06-21,28.1,33.9,22.9,0.0,12520.0,토마토,5kg,6,4,0,10680.0,12480.0,-0.1695178849144634,12865.714285714286,28.071428571428573,0.0
2024-06-21,28.1,33.9,22.9,0.0,10260.0,토마토,5kg,6,4,0,12520.0,15100.0,0.17228464419475653,12871.42857142857,28.37142857142857,0.0
2024-06-22,24.2,26.1,22.6,16.5,0.0,토마토,5kg,6,5,1,10260.0,12480.0,-0.18051118210862616,12180.0,28.11428571428571,5.500000000000004
2024-06-22,24.2,26.1,22.6,16.5,0.0,토마토,5kg,6,5,1,0.0,14360.0,-1.0,10397.142857142857,27.45714285714286,11.000000000000005
2024-06-24,24.3,27.9,21.2,0.0,9640.0,토마토,5kg,6,0,0,11960.0,10680.0,inf,6488.571428571428,25.471428571428568,1.7000000000000046
2024-06-25,22.9,27.2,19.1,0.0,11960.0,토마토,5kg,6,1,0,9640.0,12520.0,-0.19397993311036787,6340.0,24.728571428571428,0.0
2024-06-25,22.9,27.2,19.1,0.0,9432.0,토마토,5kg,6,1,0,11960.0,10260.0,0.2406639004149378,6260.0,23.985714285714288,0.0
2024-06-26,24.9,31.6,18.9,0.0,12080.0,토마토,5kg,6,2,0,9432.0,0.0,-0.21137123745819397,6141.714285714285,24.08571428571429,0.0
2024-06-26,24.9,31.6,18.9,0.0,9572.0,토마토,5kg,6,2,0,12080.0,0.0,0.28074639525021206,7867.428571428572,24.185714285714283,0.0
2024-06-27,26.3,31.6,20.6,0.0,11960.0,토마토,5kg,6,3,0,9572.0,0.0,-0.20761589403973513,9234.857142857143,24.357142857142858,0.0
2024-06-27,26.3,31.6,20.6,0.0,9580.0,토마토,5kg,6,3,0,11960.0,11960.0,0.24947764312578347,10943.42857142857,24.642857142857142,0.0
2024-06-28,26.6,32.5,21.3,0.0,11800.0,토마토,5kg,6,4,0,9580.0,9640.0,-0.19899665551839463,10603.42857142857,24.97142857142857,0.0
2024-06-28,26.6,32.5,21.3,0.0,9300.0,토마토,5kg,6,4,0,11800.0,11960.0,0.231732776617954,10912.0,25.5,0.0
2024-06-29,26.7,32.3,21.6,38.3,0.0,토마토,5kg,6,5,1,9300.0,9432.0,-0.211864406779661,10532.0,26.04285714285714,12.766666666666671
2024-06-29,26.7,32.3,21.6,38.3,0.0,토마토,5kg,6,5,1,0.0,12080.0,-1.0,9184.57142857143,26.3,25.533333333333335
2024-07-01,26.3,31.3,22.0,0.0,9480.0,토마토,5kg,7,0,0,11620.0,9580.0,inf,6042.857142857143,26.099999999999998,10.73333333333334
2024-07-02,23.2,25.2,21.9,65.1,11680.0,토마토,5kg,7,1,0,9480.0,11800.0,-0.18416523235800342,6028.571428571428,25.61428571428571,21.700000000000003
2024-07-02,23.2,25.2,21.9,65.1,9480.0,토마토,5kg,7,1,0,11680.0,9300.0,0.23206751054852326,6011.428571428572,25.12857142857143,43.4
2024-07-03,24.7,25.9,23.6,0.8,11880.0,토마토,5kg,7,2,0,9480.0,0.0,-0.18835616438356162,6037.142857142857,24.842857142857145,43.666666666666664
2024-07-03,24.7,25.9,23.6,0.8,9480.0,토마토,5kg,7,2,0,11880.0,0.0,0.25316455696202533,7734.285714285715,24.557142857142853,22.233333333333334
2024-07-04,26.8,30.6,23.2,3.6,12400.0,토마토,5kg,7,3,0,9480.0,0.0,-0.202020202020202,9088.57142857143,25.02857142857143,1.733333333333338
2024-07-04,26.8,30.6,23.2,3.6,9660.0,토마토,5kg,7,3,0,12400.0,11620.0,0.3080168776371308,10860.0,25.1,2.6666666666666714
2024-07-05,23.4,26.1,21.3,4.1,13380.0,토마토,5kg,7,4,0,9660.0,9480.0,-0.22096774193548385,10580.0,24.685714285714287,3.766666666666671
2024-07-05,23.4,26.1,21.3,4.1,10760.0,토마토,5kg,7,4,0,13380.0,11680.0,0.3850931677018634,11137.142857142857,24.714285714285715,3.9333333333333376
2024-07-06,25.1,30.0,22.1,2.8,0.0,토마토,5kg,7,5,1,10760.0,9480.0,-0.19581464872944698,11005.714285714286,24.985714285714284,3.6666666666666714
2024-07-06,25.1,30.0,22.1,2.8,0.0,토마토,5kg,7,5,1,0.0,11880.0,-1.0,9651.42857142857,25.042857142857144,3.233333333333338
2024-07-08,23.8,24.5,23.1,21.1,11080.0,토마토,5kg,7,0,0,13800.0,9660.0,inf,6800.0,24.142857142857142,23.63333333333334
2024-07-09,24.5,26.7,22.7,0.3,13880.0,토마토,5kg,7,1,0,11080.0,13380.0,-0.19710144927536233,7002.857142857143,24.300000000000004,14.166666666666671
2024-07-09,24.5,26.7,22.7,0.3,11100.0,토마토,5kg,7,1,0,13880.0,10760.0,0.25270758122743686,7074.285714285715,24.45714285714286,7.233333333333339
2024-07-10,26.6,31.1,22.7,1.4,13780.0,토마토,5kg,7,2,0,11100.0,0.0,-0.2002881844380403,7122.857142857143,24.671428571428574,0.6666666666666714
2024-07-10,26.6,31.1,22.7,1.4,11040.0,토마토,5kg,7,2,0,13780.0,0.0,0.24144144144144142,9091.42857142857,24.885714285714283,1.0333333333333379
2024-07-11,25.7,28.9,23.3,0.0,14100.0,토마토,5kg,7,3,0,11040.0,0.0,-0.19883889695210455,10668.57142857143,25.071428571428577,0.933333333333338
2024-07-11,25.7,28.9,23.3,0.0,11420.0,토마토,5kg,7,3,0,14100.0,13800.0,0.27717391304347827,12682.857142857143,25.342857142857145,0.46666666666667145
2024-07-12,25.6,30.2,21.8,0.0,13980.0,토마토,5kg,7,4,0,11420.0,11080.0,-0.19007092198581566,12342.857142857143,25.599999999999998,0.0
2024-07-12,25.6,30.2,21.8,0.0,11300.0,토마토,5kg,7,4,0,13980.0,13880.0,0.22416812609457093,12757.142857142857,25.75714285714286,0.0
2024-07-13,28.1,33.3,23.5,0.0,0.0,토마토,5kg,7,5,1,11300.0,11100.0,-0.19170243204577964,12388.57142857143,26.271428571428572,0.0
2024-07-13,28.1,33.3,23.5,0.0,0.0,토마토,5kg,7,5,1,0.0,13780.0,-1.0,10802.857142857143,26.485714285714288,0.0
2024-07-15,28.4,31.3,24.5,0.0,10460.0,토마토,5kg,7,0,0,13120.0,11420.0,inf,7117.142857142857,27.514285714285712,0.13333333333333816
2024-07-16,27.0,30.7,24.6,17.0,12240.0,토마토,5kg,7,1,0,10460.0,13980.0,-0.2027439024390244,6980.0,27.714285714285715,5.666666666666671
2024-07-16,27.0,30.7,24.6,17.0,9900.0,토마토,5kg,7,1,0,12240.0,11300.0,0.17017208413001916,6731.428571428572,27.91428571428571,11.333333333333337
2024-07-17,25.4,28.1,24.1,98.8,12320.0,토마토,5kg,7,2,0,9900.0,0.0,-0.19117647058823528,6531.428571428572,27.52857142857143,44.26666666666667
2024-07-17,25.4,28.1,24.1,98.8,9820.0,토마토,5kg,7,2,0,12320.0,0.0,0.24444444444444446,8291.42857142857,27.142857142857142,71.53333333333335
2024-07-18,24.3,25.6,23.1,128.8,12320.0,토마토,5kg,7,3,0,9820.0,0.0,-0.20292207792207795,9694.285714285714,26.557142857142853,108.80000000000001
2024-07-18,24.3,25.6,23.1,128.8,9820.0,토마토,5kg,7,3,0,12320.0,13120.0,0.25458248472505085,11454.285714285714,25.97142857142857,118.80000000000001
2024-07-19,27.0,30.8,24.2,0.1,12420.0,토마토,5kg,7,4,0,9820.0,10460.0,-0.20292207792207795,10982.857142857143,25.771428571428572,85.90000000000002
2024-07-19,27.0,30.8,24.2,0.1,9860.0,토마토,5kg,7,4,0,12420.0,12240.0,0.26476578411405294,11262.857142857143,25.771428571428572,43.00000000000001
2024-07-20,27.2,30.6,25.1,14.9,0.0,토마토,5kg,7,5,1,9860.0,9900.0,-0.2061191626409018,10922.857142857143,25.8,5.033333333333343
2024-07-20,27.2,30.6,25.1,14.9,0.0,토마토,5kg,7,5,1,0.0,12320.0,-1.0,9508.57142857143,26.057142857142857,9.966666666666676
2024-07-22,26.6,27.9,24.3,79.9,9926.0,토마토,5kg,7,0,0,12520.0,9820.0,inf,6374.285714285715,26.87142857142857,56.100000000000016
2024-07-23,26.4,27.3,25.8,2.0,12520.0,토마토,5kg,7,1,0,9926.0,12420.0,-0.20718849840255593,6389.428571428572,26.785714285714285,53.933333333333344
2024-07-23,26.4,27.3,25.8,2.0,9852.0,토마토,5kg,7,1,0,12520.0,9860.0,0.26133387064275637,6403.714285714285,26.7,27.96666666666668
2024-07-24,28.1,30.9,26.0,14.7,12800.0,토마토,5kg,7,2,0,9852.0,0.0,-0.2130990415335463,6402.571428571428,26.82857142857143,6.233333333333342
2024-07-24,28.1,30.9,26.0,14.7,10146.0,토마토,5kg,7,2,0,12800.0,0.0,0.2992285830288266,8231.142857142857,26.957142857142856,10.466666666666676
2024-07-25,28.8,32.2,25.4,25.3,13260.0,토마토,5kg,7,3,0,10146.0,0.0,-0.20734375000000005,9680.57142857143,27.285714285714285,18.233333333333345
2024-07-25,28.8,32.2,25.4,25.3,10486.0,토마토,5kg,7,3,0,13260.0,12520.0,0.30691898285038444,11574.857142857143,27.599999999999998,21.766666666666676
2024-07-26,28.7,32.7,25.2,5.5,13180.0,토마토,5kg,7,4,0,10486.0,9926.0,-0.2092006033182504,11284.285714285714,27.900000000000002,18.70000000000001
2024-07-26,28.7,32.7,25.2,5.5,10426.0,토마토,5kg,7,4,0,13180.0,12520.0,0.2569139805454892,11749.142857142857,28.228571428571428,12.100000000000009
2024-07-27,28.9,31.7,27.5,33.5,0.0,토마토,5kg,7,5,1,10426.0,9852.0,-0.2089529590288316,11450.0,28.585714285714285,14.833333333333343
2024-07-27,28.9,31.7,27.5,33.5,0.0,토마토,5kg,7,5,1,0.0,12800.0,-1.0,10042.57142857143,28.7,24.166666666666675
2024-07-29,27.4,27.8,26.8,0.0,11740.0,토마토,5kg,7,0,0,14600.0,10486.0,inf,6956.0,28.45714285714286,0.0
2024-07-30,28.6,31.9,26.3,0.0,14060.0,토마토,5kg,7,1,0,11740.0,13180.0,-0.19589041095890414,7135.142857142857,28.442857142857143,0.0
2024-07-30,28.6,31.9,26.3,0.0,11100.0,토마토,5kg,7,1,0,14060.0,10426.0,0.19761499148211237,7260.857142857143,28.428571428571427,0.0
2024-07-31,29.4,33.3,27.0,0.0,14360.0,토마토,5kg,7,2,0,11100.0,0.0,-0.21052631578947367,7357.142857142857,28.5,0.0
2024-07-31,29.4,33.3,27.0,0.0,11480.0,토마토,5kg,7,2,0,14360.0,0.0,0.2936936936936938,9408.57142857143,28.571428571428573,0.0
2024-08-01,29.9,33.2,27.3,0.3,14620.0,토마토,5kg,8,3,0,11480.0,0.0,-0.20055710306406682,11048.57142857143,28.67142857142857,0.10000000000000947
2024-08-01,29.9,33.2,27.3,0.3,11580.0,토마토,5kg,8,3,0,14620.0,14600.0,0.2735191637630663,13137.142857142857,29.02857142857143,0.20000000000000948
2024-08-02,29.6,32.5,28.2,0.0,14580.0,토마토,5kg,8,4,0,11580.0,11740.0,-0.2079343365253078,12705.714285714286,29.342857142857138,0.20000000000000948
2024-08-02,29.6,32.5,28.2,0.0,11740.0,토마토,5kg,8,4,0,14580.0,14060.0,0.2590673575129534,13111.42857142857,29.485714285714288,0.10000000000000947
2024-08-03,30.2,34.2,27.2,0.0,0.0,토마토,5kg,8,5,1,11740.0,11100.0,-0.19478737997256512,12780.0,29.714285714285715,0.0
2024-08-03,30.2,34.2,27.2,0.0,0.0,토마토,5kg,8,5,1,0.0,14360.0,-1.0,11194.285714285714,29.828571428571426,0.0
2024-08-05,30.0,33.7,26.9,1.3,11740.0,토마토,5kg,8,0,0,14580.0,11580.0,inf,7497.142857142857,30.2,0.8666666666666761
2024-08-06,29.5,33.5,25.6,0.0,15360.0,토마토,5kg,8,1,0,11740.0,14580.0,-0.19478737997256512,7520.0,30.185714285714287,0.8666666666666761
2024-08-06,29.5,33.5,25.6,0.0,12480.0,토마토,5kg,8,1,0,15360.0,11740.0,0.3083475298126064,7631.428571428572,30.17142857142857,0.43333333333334284
2024-08-07,29.6,33.4,27.2,3.4,15360.0,토마토,5kg,8,2,0,12480.0,0.0,-0.1875,7737.142857142857,30.085714285714285,1.1333333333333429
2024-08-07,29.6,33.4,27.2,3.4,12480.0,토마토,5kg,8,2,0,15360.0,0.0,0.23076923076923084,9931.42857142857,30.0,2.266666666666676
2024-08-08,28.5,31.6,26.9,0.0,16100.0,토마토,5kg,8,3,0,12480.0,0.0,-0.1875,11714.285714285714,29.52857142857143,2.266666666666676
2024-08-08,28.5,31.6,26.9,0.0,12820.0,토마토,5kg,8,3,0,16100.0,14580.0,0.29006410256410264,14014.285714285714,29.314285714285713,1.1333333333333429
2024-08-09,29.3,33.6,25.6,0.0,16060.0,토마토,5kg,8,4,0,12820.0,11740.0,-0.2037267080745342,13762.857142857143,29.214285714285715,0.0
2024-08-09,29.3,33.6,25.6,0.0,12620.0,토마토,5kg,8,4,0,16060.0,15360.0,0.2527301092043681,14380.0,29.185714285714287,0.0
2024-08-10,30.0,33.6,26.4,0.0,0.0,토마토,5kg,8,5,1,12620.0,12480.0,-0.2141967621419676,13988.57142857143,29.25714285714286,0.0
2024-08-10,30.0,33.6,26.4,0.0,0.0,토마토,5kg,8,5,1,0.0,15360.0,-1.0,12205.714285714286,29.314285714285717,0.0
2024-08-12,31.1,34.1,28.2,0.0,12060.0,토마토,5kg,8,0,0,14980.0,12820.0,inf,8068.571428571428,30.228571428571428,0.0
2024-08-13,31.3,36.4,28.1,0.0,15580.0,토마토,5kg,8,1,0,12060.0,16060.0,-0.19492656875834447,7960.0,30.514285714285716,0.0
2024-08-13,31.3,36.4,28.1,0.0,12620.0,토마토,5kg,8,1,0,15580.0,12620.0,0.29187396351575456,7891.428571428572,30.8,0.0
2024-08-14,30.0,34.9,27.3,3.0,16200.0,토마토,5kg,8,2,0,12620.0,0.0,-0.189987163029525,7891.428571428572,30.8,1.0000000000000095
2024-08-14,30.0,34.9,27.3,3.0,13320.0,토마토,5kg,8,2,0,16200.0,0.0,0.28367670364500785,10205.714285714286,30.8,2.0000000000000093
2024-08-15,29.2,34.6,26.7,6.4,0.0,토마토,5kg,8,3,0,13320.0,0.0,-0.1777777777777778,12108.57142857143,30.571428571428573,4.133333333333343
2024-08-15,29.2,34.6,26.7,6.4,0.0,토마토,5kg,8,3,0,0.0,14980.0,-1.0,12108.57142857143,30.3,5.266666666666676
2024-08-16,29.8,34.3,26.8,0.0,14860.0,토마토,5kg,8,4,0,18300.0,15580.0,inf,10860.0,29.9,2.133333333333343
2024-08-17,29.8,34.0,27.2,11.0,0.0,토마토,5kg,8,5,1,14860.0,12620.0,-0.18797814207650276,10757.142857142857,29.685714285714287,3.6666666666666763
2024-08-17,29.8,34.0,27.2,11.0,0.0,토마토,5kg,8,5,1,0.0,16200.0,-1.0,8954.285714285714,29.657142857142855,7.333333333333343
2024-08-19,29.7,35.3,26.3,2.3,15700.0,토마토,5kg,8,0,0,19740.0,0.0,inf,7557.142857142857,29.728571428571428,1.5333333333333428
2024-08-20,31.4,35.4,27.0,0.0,19260.0,토마토,5kg,8,1,0,15700.0,18300.0,-0.20466058763931105,9800.0,29.95714285714286,1.5333333333333428
2024-08-20,31.4,35.4,27.0,0.0,15600.0,토마토,5kg,8,1,0,19260.0,14860.0,0.22675159235668785,9937.142857142857,30.185714285714287,0.766666666666676
2024-08-21,28.4,30.8,26.9,42.2,19680.0,토마토,5kg,8,2,0,15600.0,0.0,-0.1900311526479751,10042.857142857143,29.985714285714284,14.066666666666677
2024-08-21,28.4,30.8,26.9,42.2,15760.0,토마토,5kg,8,2,0,19680.0,0.0,0.2615384615384615,12854.285714285714,29.785714285714285,28.133333333333344
2024-08-22,28.6,30.3,27.1,0.6,20160.0,토마토,5kg,8,3,0,15760.0,0.0,-0.19918699186991873,15105.714285714286,29.657142857142855,28.333333333333343
2024-08-22,28.6,30.3,27.1,0.6,15820.0,토마토,5kg,8,3,0,20160.0,19740.0,0.2791878172588833,17985.714285714286,29.5,14.466666666666677
2024-08-23,28.4,31.8,26.4,0.0,20800.0,토마토,5kg,8,4,0,15820.0,15700.0,-0.2152777777777778,17425.714285714286,29.314285714285713,0.40000000000000946
2024-08-23,28.4,31.8,26.4,0.0,16220.0,토마토,5kg,8,4,0,20800.0,19260.0,0.3147914032869785,18154.285714285714,28.885714285714283,0.20000000000000948
2024-08-24,27.6,30.9,25.1,2.0,0.0,토마토,5kg,8,5,1,16220.0,15600.0,-0.2201923076923077,17720.0,28.342857142857138,0.6666666666666762
2024-08-24,27.6,30.9,25.1,2.0,0.0,토마토,5kg,8,5,1,0.0,19680.0,-1.0,15491.42857142857,28.22857142857143,1.3333333333333428
2024-08-26,28.1,30.6,25.6,0.0,14860.0,토마토,5kg,8,0,0,19000.0,15820.0,inf,10262.857142857143,28.099999999999998,0.0
2024-08-27,26.5,30.3,24.6,0.3,18240.0,토마토,5kg,8,1,0,14860.0,20800.0,-0.21789473684210525,10125.714285714286,27.82857142857143,0.10000000000000947
2024-08-27,26.5,30.3,24.6,0.3,14340.0,토마토,5kg,8,1,0,18240.0,16220.0,0.2274562584118438,9760.0,27.557142857142857,0.20000000000000948
2024-08-28,28.2,33.2,23.0,0.0,18700.0,토마토,5kg,8,2,0,14340.0,0.0,-0.21381578947368418,9491.42857142857,27.642857142857142,0.20000000000000948
2024-08-28,28.2,33.2,23.0,0.0,14900.0,토마토,5kg,8,2,0,18700.0,0.0,0.30404463040446306,12162.857142857143,27.728571428571428,0.10000000000000947
2024-08-29,28.4,33.5,23.4,0.0,19340.0,토마토,5kg,8,3,0,14900.0,0.0,-0.20320855614973266,14291.42857142857,27.714285714285715,0.0
2024-08-29,28.4,33.5,23.4,0.0,15640.0,토마토,5kg,8,3,0,19340.0,19000.0,0.297986577181208,17054.285714285714,27.757142857142856,0.0
2024-08-30,28.0,32.9,23.7,0.0,20480.0,토마토,5kg,8,4,0,15640.0,14860.0,-0.1913133402275078,16574.285714285714,27.74285714285714,0.0
2024-08-30,28.0,32.9,23.7,0.0,16720.0,토마토,5kg,8,4,0,20480.0,18240.0,0.3094629156010231,17377.14285714286,27.957142857142856,0.0
2024-08-31,27.6,33.0,22.6,0.0,0.0,토마토,5kg,8,5,1,16720.0,14340.0,-0.18359375,17160.0,28.114285714285717,0.0
2024-08-31,27.6,33.0,22.6,0.0,0.0,토마토,5kg,8,5,1,0.0,18700.0,-1.0,15111.42857142857,28.028571428571432,0.0
2024-09-02,24.5,26.9,22.2,2.7,19500.0,토마토,5kg,9,0,0,23460.0,15640.0,inf,10900.0,26.75714285714286,1.8000000000000096
2024-09-03,27.0,32.0,23.2,0.0,23880.0,토마토,5kg,9,1,0,19500.0,20480.0,-0.1687979539641944,11451.42857142857,26.614285714285717,1.8000000000000096
2024-09-03,27.0,32.0,23.2,0.0,19920.0,토마토,5kg,9,1,0,23880.0,16720.0,0.22461538461538466,11937.142857142857,26.47142857142857,0.9000000000000096
2024-09-04,27.9,33.3,23.2,0.0,24700.0,토마토,5kg,9,2,0,19920.0,0.0,-0.16582914572864327,12394.285714285714,26.514285714285712,0.0
2024-09-04,27.9,33.3,23.2,0.0,20680.0,토마토,5kg,9,2,0,24700.0,0.0,0.23995983935742982,15922.857142857143,26.557142857142857,0.0
2024-09-05,26.3,28.8,25.6,6.9,25540.0,토마토,5kg,9,3,0,20680.0,0.0,-0.16275303643724692,18877.14285714286,26.442857142857143,2.3000000000000096
2024-09-05,26.3,28.8,25.6,6.9,21540.0,토마토,5kg,9,3,0,25540.0,23460.0,0.23500967117988392,22525.714285714286,26.7,4.600000000000009
2024-09-06,24.0,25.7,23.3,0.7,26420.0,토마토,5kg,9,4,0,21540.0,19500.0,-0.1566170712607674,22251.428571428572,26.62857142857143,4.833333333333343
2024-09-06,24.0,25.7,23.3,0.7,22520.0,토마토,5kg,9,4,0,26420.0,23880.0,0.22655524605385335,23240.0,26.2,2.7666666666666764
2024-09-07,26.5,31.3,22.8,0.0,0.0,토마토,5kg,9,5,1,22520.0,19920.0,-0.14761544284632855,23045.714285714286,26.12857142857143,0.4666666666666761
2024-09-07,26.5,31.3,22.8,0.0,0.0,토마토,5kg,9,5,1,0.0,24700.0,-1.0,20200.0,25.928571428571427,0.2333333333333428
2024-09-09,28.5,34.1,24.1,0.0,23760.0,토마토,5kg,9,0,0,27200.0,21540.0,inf,13954.285714285714,26.457142857142856,0.0
2024-09-10,29.4,33.9,25.6,0.0,28880.0,토마토,5kg,9,1,0,23760.0,26420.0,-0.1264705882352941,14271.42857142857,27.228571428571428,0.0
2024-09-10,29.4,33.9,25.6,0.0,24800.0,토마토,5kg,9,1,0,28880.0,22520.0,0.2154882154882154,14622.857142857143,28.0,0.0
2024-09-11,29.0,34.6,25.4,0.4,28780.0,토마토,5kg,9,2,0,24800.0,0.0,-0.1412742382271468,14948.57142857143,28.357142857142858,0.13333333333334282
2024-09-11,29.0,34.6,25.4,0.4,25000.0,토마토,5kg,9,2,0,28780.0,0.0,0.16048387096774186,19060.0,28.714285714285715,0.26666666666667616
2024-09-12,25.4,27.1,24.8,32.7,30820.0,토마토,5kg,9,3,0,25000.0,0.0,-0.13134120917303682,22631.428571428572,28.457142857142856,11.166666666666677
2024-09-12,25.4,27.1,24.8,32.7,26400.0,토마토,5kg,9,3,0,30820.0,27200.0,0.2327999999999999,27034.285714285714,28.014285714285712,21.933333333333348
2024-09-13,25.9,28.0,24.2,7.6,31180.0,토마토,5kg,9,4,0,26400.0,23760.0,-0.14341336794289428,26920.0,27.642857142857142,24.333333333333343
2024-09-13,25.9,28.0,24.2,7.6,26560.0,토마토,5kg,9,4,0,31180.0,28880.0,0.18106060606060614,27980.0,27.142857142857142,15.966666666666677
2024-09-14,28.0,32.2,25.2,0.0,0.0,토마토,5kg,9,5,1,26560.0,24800.0,-0.1481719050673509,27648.571428571428,26.942857142857143,5.066666666666676
2024-09-14,28.0,32.2,25.2,0.0,0.0,토마토,5kg,9,5,1,0.0,28780.0,-1.0,24105.714285714286,26.8,2.5333333333333425
2024-09-19,29.1,32.6,25.6,0.0,26560.0,토마토,5kg,9,3,0,31180.0,0.0,inf,4454.285714285715,28.714285714285715,0.2333333333333428
2024-09-20,25.0,28.6,17.9,54.5,26920.0,토마토,5kg,9,4,0,26560.0,0.0,-0.1481719050673509,8248.57142857143,28.457142857142856,18.166666666666675
2024-09-20,25.0,28.6,17.9,54.5,22280.0,토마토,5kg,9,4,0,26920.0,0.0,0.013554216867469826,12094.285714285714,27.942857142857147,36.33333333333334
2024-09-21,19.3,21.9,17.1,27.0,0.0,토마토,5kg,9,5,1,22280.0,0.0,-0.17236255572065384,15277.142857142857,26.61428571428571,45.33333333333334
2024-09-21,19.3,21.9,17.1,27.0,0.0,토마토,5kg,9,5,1,0.0,0.0,-1.0,15277.142857142857,25.171428571428574,36.16666666666668
2024-09-23,20.8,26.1,16.6,0.0,22120.0,토마토,5kg,9,0,0,25680.0,26560.0,inf,14491.42857142857,21.599999999999998,0.0
2024-09-24,21.0,26.9,15.6,0.0,26320.0,토마토,5kg,9,1,0,22120.0,26920.0,-0.13862928348909653,13857.142857142857,21.02857142857143,0.0
2024-09-24,21.0,26.9,15.6,0.0,22640.0,토마토,5kg,9,1,0,26320.0,22280.0,0.1898734177215189,13771.42857142857,20.457142857142856,0.0
2024-09-25,23.3,27.3,18.6,0.0,24840.0,토마토,5kg,9,2,0,22640.0,0.0,-0.13981762917933127,13822.857142857143,21.028571428571432,0.0
2024-09-25,23.3,27.3,18.6,0.0,21020.0,토마토,5kg,9,2,0,24840.0,0.0,0.09717314487632511,17371.428571428572,21.599999999999998,0.0
2024-09-26,23.6,28.0,21.1,1.2,27500.0,토마토,5kg,9,3,0,21020.0,0.0,-0.15378421900161032,20374.285714285714,21.97142857142857,0.40000000000000946
2024-09-26,23.6,28.0,21.1,1.2,22280.0,토마토,5kg,9,3,0,27500.0,25680.0,0.30827783063748804,24302.85714285714,22.371428571428574,0.8000000000000095
2024-09-27,22.7,28.0,19.1,0.0,29400.0,토마토,5kg,9,4,0,22280.0,22120.0,-0.18981818181818177,23817.14285714286,22.642857142857142,0.8000000000000095
2024-09-27,22.7,28.0,19.1,0.0,23560.0,토마토,5kg,9,4,0,29400.0,26320.0,0.31956912028725304,24857.14285714286,22.885714285714283,0.40000000000000946
2024-09-28,23.2,27.9,19.2,0.0,0.0,토마토,5kg,9,5,1,23560.0,22640.0,-0.1986394557823129,24462.85714285714,23.2,0.0
2024-09-28,23.2,27.9,19.2,0.0,0.0,토마토,5kg,9,5,1,0.0,24840.0,-1.0,21228.571428571428,23.185714285714283,0.0
2024-09-30,23.0,28.5,18.3,0.0,25520.0,토마토,5kg,9,0,0,30660.0,22280.0,inf,15128.57142857143,23.04285714285714,0.0
2024-10-01,18.3,21.7,13.3,2.5,0.0,토마토,5kg,10,1,0,25520.0,29400.0,-0.16764514024788002,15591.42857142857,22.414285714285715,0.8333333333333428
2024-10-01,18.3,21.7,13.3,2.5,0.0,토마토,5kg,10,1,0,0.0,23560.0,-1.0,11391.42857142857,21.785714285714285,1.666666666666676
2024-10-02,14.9,19.9,11.6,0.0,29160.0,토마토,5kg,10,2,0,34180.0,0.0,inf,12908.57142857143,19.414285714285715,0.8333333333333428
2024-10-03,16.4,22.5,10.8,0.0,0.0,토마토,5kg,10,3,0,29160.0,0.0,-0.14686951433586892,17074.285714285714,18.400000000000002,0.0
2024-10-03,16.4,22.5,10.8,0.0,0.0,토마토,5kg,10,3,0,0.0,30660.0,-1.0,17074.285714285714,17.45714285714286,0.0
2024-10-04,17.6,24.2,11.9,0.0,33080.0,토마토,5kg,10,4,0,39180.0,0.0,inf,14645.714285714286,16.585714285714285,0.0
2024-10-05,17.5,24.4,11.6,0.0,0.0,토마토,5kg,10,5,1,33080.0,0.0,-0.15569167942827977,19371.428571428572,16.47142857142857,0.0
2024-10-05,17.5,24.4,11.6,0.0,0.0,토마토,5kg,10,5,1,0.0,34180.0,-1.0,19371.428571428572,16.84285714285714,0.0
2024-10-07,16.9,20.7,14.0,0.0,40500.0,토마토,5kg,10,0,0,46940.0,0.0,inf,17028.571428571428,17.057142857142857,0.0
2024-10-08,17.7,23.9,12.7,0.0,52220.0,토마토,5kg,10,1,0,40500.0,39180.0,-0.1371964209629314,22814.285714285714,17.071428571428573,0.0
2024-10-08,17.7,23.9,12.7,0.0,44240.0,토마토,5kg,10,1,0,52220.0,33080.0,0.2893827160493827,24677.14285714286,17.085714285714285,0.0
2024-10-09,18.8,24.4,13.9,0.0,0.0,토마토,5kg,10,2,0,44240.0,0.0,-0.15281501340482573,26271.428571428572,17.271428571428572,0.0
2024-10-09,18.8,24.4,13.9,0.0,0.0,토마토,5kg,10,2,0,0.0,0.0,-1.0,26271.428571428572,17.45714285714286,0.0
2024-10-10,18.8,24.1,15.3,0.0,45720.0,토마토,5kg,10,3,0,53120.0,46940.0,inf,33860.0,18.214285714285715,0.0
2024-10-11,18.6,24.4,13.9,0.0,55640.0,토마토,5kg,10,4,0,45720.0,40500.0,-0.1393072289156626,33685.71428571428,18.457142857142856,0.0
2024-10-11,18.6,24.4,13.9,0.0,48940.0,토마토,5kg,10,4,0,55640.0,52220.0,0.21697287839020118,35848.57142857143,18.585714285714285,0.0
2024-10-12,18.3,24.7,13.4,0.0,0.0,토마토,5kg,10,5,1,48940.0,44240.0,-0.12041696621135878,35380.0,18.671428571428574,0.0
2024-10-12,18.3,24.7,13.4,0.0,0.0,토마토,5kg,10,5,1,0.0,0.0,-1.0,29060.0,18.599999999999998,0.0
2024-10-14,19.3,21.5,17.6,0.0,50280.0,토마토,5kg,10,0,0,56300.0,45720.0,inf,29514.285714285714,18.67142857142857,0.0
2024-10-15,19.2,21.9,17.6,0.5,55680.0,토마토,5kg,10,1,0,50280.0,55640.0,-0.10692717584369449,30165.714285714286,18.75714285714286,0.16666666666667615
2024-10-15,19.2,21.9,17.6,0.5,49680.0,토마토,5kg,10,1,0,55680.0,48940.0,0.10739856801909298,30171.428571428572,18.842857142857145,0.3333333333333428
2024-10-16,18.2,24.2,14.4,0.0,52820.0,토마토,5kg,10,2,0,49680.0,0.0,-0.10775862068965514,30277.14285714286,18.82857142857143,0.3333333333333428
2024-10-16,18.2,24.2,14.4,0.0,47380.0,토마토,5kg,10,2,0,52820.0,0.0,0.06320450885668283,37822.857142857145,18.814285714285713,0.16666666666667615
2024-10-17,19.0,25.7,13.8,0.0,51060.0,토마토,5kg,10,3,0,47380.0,0.0,-0.10299129117758421,44591.42857142857,18.914285714285715,0.0
2024-10-17,19.0,25.7,13.8,0.0,46460.0,토마토,5kg,10,3,0,51060.0,56300.0,0.07766990291262132,51885.71428571428,18.87142857142857,0.0
2024-10-18,17.4,18.8,16.2,47.1,45240.0,토마토,5kg,10,4,0,46460.0,50280.0,-0.09009009009009006,50480.0,18.599999999999998,15.70000000000001
2024-10-18,17.4,18.8,16.2,47.1,40500.0,토마토,5kg,10,4,0,45240.0,55680.0,-0.02625914765389581,49760.0,18.342857142857145,31.40000000000001
2024-10-19,16.6,21.1,12.4,1.0,0.0,토마토,5kg,10,5,1,40500.0,49680.0,-0.10477453580901852,47591.42857142857,17.97142857142857,31.733333333333345
2024-10-19,16.6,21.1,12.4,1.0,0.0,토마토,5kg,10,5,1,0.0,52820.0,-1.0,40494.28571428572,17.742857142857144,16.366666666666678
2024-10-21,14.8,19.3,9.7,0.0,34720.0,토마토,5kg,10,0,0,40600.0,46460.0,inf,24685.714285714286,15.857142857142858,0.0
2024-10-22,15.5,16.6,14.9,20.6,37760.0,토마토,5kg,10,1,0,34720.0,45240.0,-0.1448275862068965,23008.571428571428,15.585714285714287,6.866666666666677
2024-10-22,15.5,16.6,14.9,20.6,32440.0,토마토,5kg,10,1,0,37760.0,40500.0,0.0875576036866359,21940.0,15.314285714285715,13.733333333333343
2024-10-23,12.7,15.5,9.4,2.3,36600.0,토마토,5kg,10,2,0,32440.0,0.0,-0.1408898305084746,20788.571428571428,14.757142857142858,14.500000000000009
2024-10-23,12.7,15.5,9.4,2.3,30640.0,토마토,5kg,10,2,0,36600.0,0.0,0.12823674475955604,26017.14285714286,14.2,8.400000000000011
2024-10-24,12.5,18.4,7.1,0.0,34740.0,토마토,5kg,10,3,0,30640.0,0.0,-0.16284153005464486,30394.285714285714,14.071428571428571,1.5333333333333428
2024-10-24,12.5,18.4,7.1,0.0,29660.0,토마토,5kg,10,3,0,34740.0,40600.0,0.13381201044386426,35357.142857142855,13.742857142857142,0.766666666666676
2024-10-25,14.9,21.5,8.7,0.0,32580.0,토마토,5kg,10,4,0,29660.0,34720.0,-0.14622913068508925,33794.28571428572,13.757142857142856,0.0
2024-10-25,14.9,21.5,8.7,0.0,28140.0,토마토,5kg,10,4,0,32580.0,37760.0,0.09844908968307475,33488.57142857143,13.671428571428573,0.0
2024-10-26,17.0,24.0,10.7,0.0,0.0,토마토,5kg,10,5,1,28140.0,32440.0,-0.13627992633517494,32114.285714285714,13.885714285714284,0.0
2024-10-26,17.0,24.0,10.7,0.0,0.0,토마토,5kg,10,5,1,0.0,36600.0,-1.0,27480.0,14.5,0.0
2024-10-28,15.7,20.4,12.3,0.0,27880.0,토마토,5kg,10,0,0,32040.0,29660.0,inf,17488.571428571428,15.885714285714286,0.0
2024-10-29,15.0,18.3,13.4,0.0,30460.0,토마토,5kg,10,1,0,27880.0,32580.0,-0.12983770287141072,17234.285714285714,15.9,0.0
2024-10-29,15.0,18.3,13.4,0.0,26480.0,토마토,5kg,10,1,0,30460.0,28140.0,0.09253945480631276,16931.428571428572,15.914285714285713,0.0
2024-10-30,15.7,21.4,11.4,0.0,28820.0,토마토,5kg,10,2,0,26480.0,0.0,-0.13066316480630336,16694.285714285714,15.72857142857143,0.0
2024-10-30,15.7,21.4,11.4,0.0,24680.0,토마토,5kg,10,2,0,28820.0,0.0,0.08836858006042303,20811.428571428572,15.542857142857141,0.0
2024-10-31,15.9,22.6,11.0,0.0,28220.0,토마토,5kg,10,3,0,24680.0,0.0,-0.1436502428868841,24337.14285714286,15.528571428571427,0.0
2024-10-31,15.9,22.6,11.0,0.0,24320.0,토마토,5kg,10,3,0,28220.0,32040.0,0.14343598055105344,28368.571428571428,15.557142857142859,0.0
2024-11-01,15.3,18.7,12.9,0.0,29180.0,토마토,5kg,11,4,0,24320.0,27880.0,-0.13819985825655567,27265.714285714286,15.5,0.0
2024-11-01,15.3,18.7,12.9,0.0,25220.0,토마토,5kg,11,4,0,29180.0,30460.0,0.19983552631578938,27451.428571428572,15.542857142857143,0.0
2024-11-02,18.1,25.1,13.0,0.0,0.0,토마토,5kg,11,5,1,25220.0,26480.0,-0.13570938999314597,26702.85714285714,15.985714285714286,0.0
2024-11-02,18.1,25.1,13.0,0.0,0.0,토마토,5kg,11,5,1,0.0,28820.0,-1.0,22920.0,16.32857142857143,0.0
2024-11-04,14.8,18.3,8.9,0.1,25580.0,토마토,5kg,11,0,0,29740.0,24320.0,inf,15494.285714285714,16.285714285714285,0.06666666666667614
2024-11-05,9.1,14.7,5.6,0.0,29400.0,토마토,5kg,11,1,0,25580.0,29180.0,-0.13987895090786817,15674.285714285714,15.400000000000002,0.06666666666667614
2024-11-05,9.1,14.7,5.6,0.0,25240.0,토마토,5kg,11,1,0,29400.0,25220.0,0.1493354182955433,15705.714285714286,14.514285714285716,0.03333333333334281
2024-11-06,7.5,12.5,4.1,0.0,29680.0,토마토,5kg,11,2,0,25240.0,0.0,-0.14149659863945574,15708.57142857143,13.0,0.0
2024-11-06,7.5,12.5,4.1,0.0,25200.0,토마토,5kg,11,2,0,29680.0,0.0,0.17591125198098267,19948.571428571428,11.485714285714286,0.0
2024-11-07,7.8,15.7,1.6,0.0,29260.0,토마토,5kg,11,3,0,25200.0,0.0,-0.15094339622641506,23548.571428571428,10.085714285714285,0.0
2024-11-07,7.8,15.7,1.6,0.0,25040.0,토마토,5kg,11,3,0,29260.0,29740.0,0.1611111111111112,27728.571428571428,9.085714285714285,0.0
2024-11-08,10.2,18.1,3.1,0.0,29600.0,토마토,5kg,11,4,0,25040.0,25580.0,-0.1442241968557758,27057.14285714286,8.428571428571427,0.0
2024-11-08,10.2,18.1,3.1,0.0,25140.0,토마토,5kg,11,4,0,29600.0,29400.0,0.1821086261980831,27631.428571428572,8.585714285714285,0.0
2024-11-09,12.9,20.3,6.8,0.0,0.0,토마토,5kg,11,5,1,25140.0,25240.0,-0.15067567567567564,27022.85714285714,9.128571428571428,0.0
2024-11-09,12.9,20.3,6.8,0.0,0.0,토마토,5kg,11,5,1,0.0,29680.0,-1.0,23417.14285714286,9.9,0.0
2024-11-11,14.6,21.8,9.7,0.0,25180.0,토마토,5kg,11,0,0,29600.0,25040.0,inf,15625.714285714286,12.828571428571431,0.0
2024-11-12,14.3,19.2,11.0,0.0,31420.0,토마토,5kg,11,1,0,25180.0,29600.0,-0.1493243243243243,15645.714285714286,13.414285714285715,0.0
2024-11-12,14.3,19.2,11.0,0.0,27000.0,토마토,5kg,11,1,0,31420.0,25140.0,0.2478157267672756,15905.714285714286,14.0,0.0
2024-11-13,14.2,21.3,8.3,0.0,33360.0,토마토,5kg,11,2,0,27000.0,0.0,-0.14067472947167414,16171.42857142857,14.185714285714285,0.0
2024-11-13,14.2,21.3,8.3,0.0,28920.0,토마토,5kg,11,2,0,33360.0,0.0,0.23555555555555552,20937.14285714286,14.37142857142857,0.0
2024-11-14,14.8,16.8,13.2,0.1,34140.0,토마토,5kg,11,3,0,28920.0,0.0,-0.13309352517985606,25068.571428571428,14.428571428571429,0.03333333333334281
2024-11-14,14.8,16.8,13.2,0.1,30120.0,토마토,5kg,11,3,0,34140.0,29600.0,0.18049792531120334,29945.714285714286,14.457142857142857,0.06666666666667614
2024-11-15,17.0,21.5,13.7,0.0,34760.0,토마토,5kg,11,4,0,30120.0,25180.0,-0.11775043936731111,30020.0,14.799999999999999,0.06666666666667614
2024-11-15,17.0,21.5,13.7,0.0,31040.0,토마토,5kg,11,4,0,34760.0,31420.0,0.154050464807437,31388.571428571428,15.185714285714285,0.03333333333334281
2024-11-16,17.0,22.6,14.4,6.5,0.0,토마토,5kg,11,5,1,31040.0,27000.0,-0.10701956271576529,31334.285714285714,15.571428571428571,2.1666666666666763
2024-11-16,17.0,22.6,14.4,6.5,0.0,토마토,5kg,11,5,1,0.0,33360.0,-1.0,27477.14285714286,15.971428571428572,4.333333333333343
2024-11-18,2.8,7.9,-0.7,0.0,27060.0,토마토,5kg,11,0,0,30640.0,30120.0,inf,18080.0,11.514285714285714,0.0
2024-11-19,5.7,11.3,0.3,0.0,30880.0,토마토,5kg,11,1,0,27060.0,34760.0,-0.11684073107049608,17642.85714285714,9.9,0.0
2024-11-19,5.7,11.3,0.3,0.0,27400.0,토마토,5kg,11,1,0,30880.0,31040.0,0.14116777531411673,17088.571428571428,8.285714285714286,0.0
2024-11-20,6.5,9.6,2.4,0.0,32000.0,토마토,5kg,11,2,0,27400.0,0.0,-0.11269430051813467,16568.571428571428,6.785714285714286,0.0
2024-11-20,6.5,9.6,2.4,0.0,27680.0,토마토,5kg,11,2,0,32000.0,0.0,0.16788321167883202,21140.0,5.285714285714286,0.0
2024-11-21,9.7,14.1,6.0,0.0,31740.0,토마토,5kg,11,3,0,27680.0,0.0,-0.135,25094.285714285714,5.671428571428572,0.0
2024-11-21,9.7,14.1,6.0,0.0,28100.0,토마토,5kg,11,3,0,31740.0,30640.0,0.1466763005780347,29628.571428571428,6.6571428571428575,0.0
2024-11-22,6.2,10.6,3.3,0.0,31900.0,토마토,5kg,11,4,0,28100.0,27060.0,-0.11468178954001262,29265.714285714286,7.142857142857143,0.0
2024-11-22,6.2,10.6,3.3,0.0,28280.0,토마토,5kg,11,4,0,31900.0,30880.0,0.13523131672597866,29957.14285714286,7.214285714285714,0.0
2024-11-23,6.4,12.6,1.5,0.0,0.0,토마토,5kg,11,5,1,28280.0,27400.0,-0.11347962382445143,29585.714285714286,7.314285714285715,0.0
2024-11-23,6.4,12.6,1.5,0.0,0.0,토마토,5kg,11,5,1,0.0,32000.0,-1.0,25671.428571428572,7.3,0.0
2024-11-25,10.1,15.4,3.6,0.0,26600.0,토마토,5kg,11,0,0,29960.0,28100.0,inf,16891.428571428572,7.542857142857143,0.0
2024-11-26,5.8,12.7,1.0,26.0,30440.0,토마토,5kg,11,1,0,26600.0,31900.0,-0.11214953271028039,16677.14285714286,7.485714285714286,8.666666666666677
2024-11-26,5.8,12.7,1.0,26.0,27060.0,토마토,5kg,11,1,0,30440.0,28280.0,0.14436090225563913,16468.571428571428,7.428571428571429,17.333333333333343
2024-11-27,-0.4,1.2,-1.3,22.4,30080.0,토마토,5kg,11,2,0,27060.0,0.0,-0.11103810775295664,16294.285714285714,6.457142857142856,24.80000000000001
2024-11-27,-0.4,1.2,-1.3,22.4,26380.0,토마토,5kg,11,2,0,30080.0,0.0,0.11160384331116036,20591.428571428572,5.485714285714286,23.60000000000001
2024-11-28,0.8,3.4,-1.7,4.9,29940.0,토마토,5kg,11,3,0,26380.0,0.0,-0.1230053191489362,24360.0,4.542857142857143,16.566666666666674
2024-11-28,0.8,3.4,-1.7,4.9,26460.0,토마토,5kg,11,3,0,29940.0,29960.0,0.13495072024260812,28637.14285714286,3.214285714285714,10.733333333333343
2024-11-29,0.2,3.4,-3.4,0.0,29500.0,토마토,5kg,11,4,0,26460.0,26600.0,-0.11623246492985972,28137.14285714286,1.8,3.2666666666666764
2024-11-29,0.2,3.4,-3.4,0.0,26260.0,토마토,5kg,11,4,0,29500.0,30440.0,0.11489040060468625,28551.428571428572,1.0,1.6333333333333429
2024-11-30,2.5,5.6,-0.5,0.0,0.0,토마토,5kg,11,5,1,26260.0,27060.0,-0.10983050847457632,27954.285714285714,0.5285714285714286,0.0
2024-11-30,2.5,5.6,-0.5,0.0,0.0,토마토,5kg,11,5,1,0.0,30080.0,-1.0,24088.571428571428,0.942857142857143,0.0
2024-12-02,6.4,13.0,0.6,0.0,26060.0,토마토,5kg,12,0,0,29200.0,26460.0,inf,15917.142857142857,3.3428571428571425,0.16666666666667615
2024-12-03,1.3,5.2,-2.4,0.0,29360.0,토마토,5kg,12,1,0,26060.0,29500.0,-0.1075342465753425,15860.0,3.5,0.0
2024-12-03,1.3,5.2,-2.4,0.0,26160.0,토마토,5kg,12,1,0,29360.0,26260.0,0.12663085188027634,15840.0,3.6571428571428575,0.0
2024-12-04,3.1,6.9,-0.6,0.0,29720.0,토마토,5kg,12,2,0,26160.0,0.0,-0.10899182561307907,15825.714285714286,3.7428571428571433,0.0
2024-12-04,3.1,6.9,-0.6,0.0,26400.0,토마토,5kg,12,2,0,29720.0,0.0,0.1360856269113151,20071.428571428572,3.8285714285714287,0.0
2024-12-05,3.9,8.8,-0.1,1.8,29660.0,토마토,5kg,12,3,0,26400.0,0.0,-0.11170928667563929,23842.85714285714,3.642857142857143,0.6000000000000095
2024-12-05,3.9,8.8,-0.1,1.8,26420.0,토마토,5kg,12,3,0,29660.0,29200.0,0.12348484848484853,28080.0,3.2857142857142856,1.2000000000000095
2024-12-06,2.1,5.2,-0.4,0.0,0.0,토마토,5kg,12,4,0,26420.0,26060.0,-0.10923803101820628,27682.85714285714,2.6714285714285717,1.2000000000000095
2024-12-06,2.1,5.2,-0.4,0.0,0.0,토마토,5kg,12,4,0,0.0,29360.0,-1.0,23960.0,2.7857142857142856,0.6000000000000095
2024-12-09,1.0,7.4,-3.8,0.0,25740.0,토마토,5kg,12,0,0,28980.0,29660.0,inf,12151.42857142857,1.4428571428571428,0.0
2024-12-10,2.6,6.9,-1.9,0.0,26960.0,토마토,5kg,12,1,0,25740.0,26420.0,-0.11180124223602483,11591.42857142857,1.2571428571428573,0.0
2024-12-10,2.6,6.9,-1.9,0.0,23820.0,토마토,5kg,12,1,0,26960.0,0.0,0.04739704739704731,11668.57142857143,1.3285714285714287,0.0
2024-12-11,3.0,8.2,0.2,0.0,26500.0,토마토,5kg,12,2,0,23820.0,0.0,-0.11646884272997038,15071.42857142857,1.4571428571428573,0.0
2024-12-11,3.0,8.2,0.2,0.0,22840.0,토마토,5kg,12,2,0,26500.0,0.0,0.11251049538203195,18857.14285714286,1.8571428571428572,0.0
2024-12-12,0.5,5.4,-3.2,0.0,25960.0,토마토,5kg,12,3,0,22840.0,0.0,-0.13811320754716983,22120.0,1.9571428571428573,0.0
2024-12-12,0.5,5.4,-3.2,0.0,22940.0,토마토,5kg,12,3,0,25960.0,28980.0,0.1366024518388791,25828.571428571428,1.885714285714286,0.0
2024-12-13,1.0,4.5,-1.5,0.0,25400.0,토마토,5kg,12,4,0,22940.0,25740.0,-0.1163328197226502,24965.714285714286,1.885714285714286,0.0
2024-12-13,1.0,4.5,-1.5,0.0,22200.0,토마토,5kg,12,4,0,25400.0,26960.0,0.10723626852659107,24917.14285714286,1.6571428571428573,0.0
2024-12-14,-0.8,2.5,-3.6,0.0,0.0,토마토,5kg,12,5,1,22200.0,23820.0,-0.12598425196850394,24237.14285714286,1.1714285714285713,0.0
2024-12-14,-0.8,2.5,-3.6,0.0,0.0,토마토,5kg,12,5,1,0.0,26500.0,-1.0,20834.285714285714,0.6285714285714284,0.0
2024-12-16,-0.2,3.9,-3.3,0.0,21840.0,토마토,5kg,12,0,0,24660.0,22940.0,inf,13600.0,0.1714285714285714,0.0
2024-12-17,-0.8,3.8,-3.5,0.0,23980.0,토마토,5kg,12,1,0,21840.0,25400.0,-0.11435523114355228,13442.857142857143,-0.08571428571428574,0.0
2024-12-17,-0.8,3.8,-3.5,0.0,20820.0,토마토,5kg,12,1,0,23980.0,22200.0,0.09798534798534808,13240.0,-0.3428571428571429,0.0
2024-12-18,-3.4,0.9,-6.2,0.0,24180.0,토마토,5kg,12,2,0,20820.0,0.0,-0.13177648040033363,13042.857142857143,-0.7142857142857143,0.0
2024-12-18,-3.4,0.9,-6.2,0.0,21100.0,토마토,5kg,12,2,0,24180.0,0.0,0.1613832853025936,16497.14285714286,-1.0857142857142856,0.0
2024-12-19,-1.4,4.9,-6.7,0.0,23240.0,토마토,5kg,12,3,0,21100.0,0.0,-0.12737799834574026,19511.428571428572,-1.457142857142857,0.0
2024-12-19,-1.4,4.9,-6.7,0.0,19940.0,토마토,5kg,12,3,0,23240.0,24660.0,0.10142180094786735,22831.428571428572,-1.6285714285714286,0.0
2024-12-20,1.4,5.3,-2.1,0.4,23160.0,토마토,5kg,12,4,0,19940.0,21840.0,-0.14199655765920827,22157.14285714286,-1.4,0.13333333333334282
2024-12-20,1.4,5.3,-2.1,0.4,19900.0,토마토,5kg,12,4,0,23160.0,23980.0,0.16148445336008033,22345.714285714286,-1.0857142857142856,0.26666666666667616
2024-12-21,-0.7,1.9,-4.7,2.9,0.0,토마토,5kg,12,5,1,19900.0,20820.0,-0.1407599309153713,21762.85714285714,-1.0714285714285714,1.233333333333343
2024-12-21,-0.7,1.9,-4.7,2.9,0.0,토마토,5kg,12,5,1,0.0,24180.0,-1.0,18788.571428571428,-0.6857142857142857,2.0666666666666758
2024-12-23,0.3,6.7,-5.0,0.0,19820.0,토마토,5kg,12,0,0,23140.0,19940.0,inf,12305.714285714286,-0.19999999999999998,0.0
2024-12-24,-0.4,5.1,-4.3,0.0,22920.0,토마토,5kg,12,1,0,19820.0,23160.0,-0.14347450302506481,12288.57142857143,-0.4571428571428572,0.0
2024-12-24,-0.4,5.1,-4.3,0.0,19700.0,토마토,5kg,12,1,0,22920.0,19900.0,0.15640766902119063,12254.285714285714,-0.7142857142857142,0.0
2024-12-25,2.7,6.5,-1.1,0.1,0.0,토마토,5kg,12,2,0,19700.0,0.0,-0.14048865619546247,12225.714285714286,-0.2285714285714286,0.03333333333334281
2024-12-25,2.7,6.5,-1.1,0.1,0.0,토마토,5kg,12,2,0,0.0,0.0,-1.0,12225.714285714286,0.2571428571428572,0.06666666666667614
2024-12-26,0.1,4.2,-4.8,0.0,18540.0,토마토,5kg,12,3,0,21840.0,23140.0,inf,15345.714285714286,0.7285714285714286,0.03333333333334281
2024-12-27,-2.6,1.8,-5.9,0.0,22580.0,토마토,5kg,12,4,0,18540.0,19820.0,-0.15109890109890112,14688.57142857143,0.3142857142857144,0.0
2024-12-27,-2.6,1.8,-5.9,0.0,19300.0,토마토,5kg,12,4,0,22580.0,22920.0,0.21790722761596548,15082.857142857143,6.344131569286608e-17,0.0
2024-12-28,-3.0,1.1,-6.7,0.0,0.0,토마토,5kg,12,5,1,19300.0,19700.0,-0.14526129317980518,14565.714285714286,-0.3714285714285714,0.0
2024-12-28,-3.0,1.1,-6.7,0.0,0.0,토마토,5kg,12,5,1,0.0,0.0,-1.0,11751.42857142857,-1.1857142857142857,0.0
2024-12-30,5.5,10.1,1.9,0.0,18460.0,토마토,5kg,12,0,0,21660.0,18540.0,inf,11725.714285714286,0.12857142857142861,0.0
2024-12-31,0.6,4.9,-2.0,0.0,21540.0,토마토,5kg,12,1,0,18460.0,22580.0,-0.14773776546629735,11714.285714285714,0.5857142857142857,0.0
2024-12-31,0.6,4.9,-2.0,0.0,18100.0,토마토,5kg,12,1,0,21540.0,19300.0,0.16684723726977246,11565.714285714286,1.042857142857143,0.0
2025-01-01,2.6,8.9,-2.5,0.0,0.0,토마토,5kg,1,2,0,18100.0,0.0,-0.15970287836583097,11394.285714285714,1.8428571428571432,0.0
2025-01-01,2.6,8.9,-2.5,0.0,0.0,토마토,5kg,1,2,0,0.0,0.0,-1.0,11394.285714285714,2.642857142857143,0.0
2025-01-02,0.5,6.0,-2.9,0.0,18100.0,토마토,5kg,1,3,0,21540.0,21660.0,inf,14471.42857142857,1.842857142857143,0.0
2025-01-03,-1.1,3.2,-5.1,0.0,21820.0,토마토,5kg,1,4,0,18100.0,18460.0,-0.15970287836583097,13962.857142857143,0.9000000000000001,0.0
2025-01-03,-1.1,3.2,-5.1,0.0,18420.0,토마토,5kg,1,4,0,21820.0,21540.0,0.2055248618784531,14442.857142857143,0.6571428571428574,0.0
2025-01-04,-0.1,5.7,-5.4,0.0,0.0,토마토,5kg,1,5,1,18420.0,18100.0,-0.15582034830430802,13997.142857142857,0.5571428571428572,0.0
2025-01-04,-0.1,5.7,-5.4,0.0,0.0,토마토,5kg,1,5,1,0.0,0.0,-1.0,11411.42857142857,0.17142857142857154,0.0
2025-01-06,1.0,3.4,-3.0,3.0,17260.0,토마토,5kg,1,0,0,20440.0,18100.0,inf,11254.285714285714,0.1142857142857144,4.233333333333342
2025-01-07,-2.6,1.5,-5.7,0.1,19380.0,토마토,5kg,1,1,0,17260.0,21820.0,-0.15557729941291587,11134.285714285714,-0.0999999999999999,2.0333333333333425
2025-01-07,-2.6,1.5,-5.7,0.1,16540.0,토마토,5kg,1,1,0,19380.0,18420.0,0.12282734646581694,10785.714285714286,-0.31428571428571417,1.0666666666666762
2025-01-08,-3.4,0.2,-6.1,0.0,19160.0,토마토,5kg,1,2,0,16540.0,0.0,-0.1465428276573787,10517.142857142857,-0.7857142857142856,0.06666666666667614
2025-01-08,-3.4,0.2,-6.1,0.0,16260.0,토마토,5kg,1,2,0,19160.0,0.0,0.15840386940749696,13254.285714285714,-1.257142857142857,0.03333333333334281
2025-01-09,-9.7,-6.1,-11.6,0.0,19180.0,토마토,5kg,1,3,0,16260.0,0.0,-0.151356993736952,15577.142857142857,-2.8142857142857136,0.0
2025-01-09,-9.7,-6.1,-11.6,0.0,16260.0,토마토,5kg,1,3,0,19180.0,20440.0,0.1795817958179582,18317.14285714286,-4.3428571428571425,0.0
2025-01-10,-7.3,-1.7,-12.2,0.0,19180.0,토마토,5kg,1,4,0,16260.0,17260.0,-0.15224191866527637,17720.0,-5.528571428571428,0.0
2025-01-10,-7.3,-1.7,-12.2,0.0,16260.0,토마토,5kg,1,4,0,19180.0,19380.0,0.1795817958179582,17994.285714285714,-6.199999999999998,0.0
2025-01-11,-5.1,0.4,-9.5,0.0,0.0,토마토,5kg,1,5,1,16260.0,16540.0,-0.15224191866527637,17548.571428571428,-6.557142857142856,0.0
2025-01-11,-5.1,0.4,-9.5,0.0,0.0,토마토,5kg,1,5,1,0.0,19160.0,-1.0,15185.714285714286,-6.799999999999999,0.0
2025-01-13,-0.4,4.1,-5.6,1.3,16800.0,토마토,5kg,1,0,0,19360.0,16260.0,inf,10151.42857142857,-4.142857142857142,0.8666666666666761
2025-01-14,2.3,5.2,-1.7,0.1,18180.0,토마토,5kg,1,1,0,16800.0,19180.0,-0.1322314049586777,10228.57142857143,-2.7714285714285714,0.9000000000000096
2025-01-14,2.3,5.2,-1.7,0.1,15920.0,토마토,5kg,1,1,0,18180.0,16260.0,0.08214285714285707,10085.714285714286,-1.3999999999999997,0.5000000000000094
2025-01-15,-3.5,-0.5,-5.3,0.0,18680.0,토마토,5kg,1,2,0,15920.0,0.0,-0.1243124312431243,10037.142857142857,-1.1714285714285713,0.06666666666667614
2025-01-15,-3.5,-0.5,-5.3,0.0,16440.0,토마토,5kg,1,2,0,18680.0,0.0,0.1733668341708543,12705.714285714286,-0.9428571428571427,0.03333333333334281
2025-01-16,-0.5,2.8,-4.9,0.0,19000.0,토마토,5kg,1,3,0,16440.0,0.0,-0.11991434689507496,15054.285714285714,-0.5285714285714284,0.0
2025-01-16,-0.5,2.8,-4.9,0.0,16620.0,토마토,5kg,1,3,0,19000.0,19360.0,0.15571776155717765,17768.571428571428,-0.5428571428571427,0.0
2025-01-17,-0.5,5.6,-4.9,0.0,18960.0,토마토,5kg,1,4,0,16620.0,16800.0,-0.12526315789473685,17377.14285714286,-0.5571428571428569,0.0
2025-01-17,-0.5,5.6,-4.9,0.0,16540.0,토마토,5kg,1,4,0,18960.0,18180.0,0.1407942238267148,17685.714285714286,-0.957142857142857,0.0
2025-01-18,1.0,7.5,-4.0,0.0,0.0,토마토,5kg,1,5,1,16540.0,15920.0,-0.12763713080168781,17451.428571428572,-1.1428571428571426,0.0
2025-01-18,1.0,7.5,-4.0,0.0,0.0,토마토,5kg,1,5,1,0.0,18680.0,-1.0,15177.142857142857,-0.4999999999999997,0.0
2025-01-20,3.9,7.5,0.9,0.0,16520.0,토마토,5kg,1,0,0,18800.0,16620.0,inf,10131.42857142857,1.8000000000000003,0.0
2025-01-21,2.4,6.3,-1.0,0.0,18800.0,토마토,5kg,1,1,0,16520.0,18960.0,-0.12127659574468086,10117.142857142857,2.2142857142857144,0.0
2025-01-21,2.4,6.3,-1.0,0.0,16600.0,토마토,5kg,1,1,0,18800.0,16540.0,0.13801452784503643,10094.285714285714,2.6285714285714286,0.0
2025-01-22,3.6,7.7,0.5,0.0,18920.0,토마토,5kg,1,2,0,16600.0,0.0,-0.11702127659574468,10102.857142857143,3.0,0.0
2025-01-22,3.6,7.7,0.5,0.0,16460.0,토마토,5kg,1,2,0,18920.0,0.0,0.1397590361445784,12805.714285714286,3.3714285714285714,0.0
2025-01-23,2.0,7.7,-2.4,0.0,18020.0,토마토,5kg,1,3,0,16460.0,0.0,-0.13002114164904865,15157.142857142857,3.1142857142857148,0.0
2025-01-23,2.0,7.7,-2.4,0.0,15820.0,토마토,5kg,1,3,0,18020.0,18800.0,0.09477521263669497,17731.428571428572,2.8428571428571425,0.0
2025-01-24,3.1,10.6,-2.7,0.0,17840.0,토마토,5kg,1,4,0,15820.0,16520.0,-0.12208657047724747,17305.714285714286,2.7285714285714286,0.0
2025-01-24,3.1,10.6,-2.7,0.0,15620.0,토마토,5kg,1,4,0,17840.0,18800.0,0.1276864728192162,17494.285714285714,2.828571428571429,0.0
2025-01-25,5.2,11.4,1.2,0.0,0.0,토마토,5kg,1,5,1,15620.0,16600.0,-0.12443946188340804,17040.0,3.2285714285714286,0.0
2025-01-25,5.2,11.4,1.2,0.0,0.0,토마토,5kg,1,5,1,0.0,18920.0,-1.0,14668.57142857143,3.4571428571428577,0.0
2025-01-31,-0.8,0.7,-2.6,2.4,15620.0,토마토,5kg,1,4,0,17840.0,0.0,inf,2548.5714285714284,-3.1857142857142855,1.6000000000000094
2025-02-01,1.6,7.9,-2.0,0.0,0.0,토마토,5kg,2,5,1,15620.0,0.0,-0.12443946188340804,4780.0,-2.3999999999999995,1.6000000000000094
2025-02-01,1.6,7.9,-2.0,0.0,0.0,토마토,5kg,2,5,1,0.0,0.0,-1.0,4780.0,-1.5142857142857138,0.8000000000000095
2025-02-03,-4.1,0.6,-8.2,0.0,14940.0,토마토,5kg,2,0,0,17300.0,0.0,inf,7251.428571428572,-0.728571428571428,0.0
2025-02-04,-9.0,-5.3,-11.5,0.0,17340.0,토마토,5kg,2,1,0,14940.0,17840.0,-0.1364161849710983,9385.714285714286,-1.8999999999999997,0.0
2025-02-04,-9.0,-5.3,-11.5,0.0,14920.0,토마토,5kg,2,1,0,17340.0,15620.0,0.1606425702811245,9314.285714285714,-3.0714285714285707,0.0
2025-02-05,-8.6,-3.7,-11.8,0.0,17820.0,토마토,5kg,2,2,0,14920.0,0.0,-0.13956170703575543,9214.285714285714,-4.528571428571428,0.0
2025-02-05,-8.6,-3.7,-11.8,0.0,15320.0,토마토,5kg,2,2,0,17820.0,0.0,0.19436997319034854,11760.0,-5.985714285714286,0.0
2025-02-06,-5.6,-0.2,-11.5,2.3,18600.0,토마토,5kg,2,3,0,15320.0,0.0,-0.14029180695847365,13948.57142857143,-7.0,0.766666666666676
2025-02-06,-5.6,-0.2,-11.5,2.3,15720.0,토마토,5kg,2,3,0,18600.0,17300.0,0.21409921671018273,16605.714285714286,-7.214285714285714,1.5333333333333428
2025-02-07,-8.0,-4.7,-10.7,0.4,19220.0,토마토,5kg,2,4,0,15720.0,14940.0,-0.1548387096774193,16380.0,-7.7714285714285705,1.666666666666676
2025-02-07,-8.0,-4.7,-10.7,0.4,16220.0,토마토,5kg,2,4,0,19220.0,17340.0,0.22264631043257,16991.428571428572,-7.628571428571427,1.0333333333333428
2025-02-08,-7.9,-3.4,-11.5,0.0,0.0,토마토,5kg,2,5,1,16220.0,14920.0,-0.1560874089490114,16831.428571428572,-7.471428571428571,0.26666666666667616
2025-02-08,-7.9,-3.4,-11.5,0.0,0.0,토마토,5kg,2,5,1,0.0,17820.0,-1.0,14700.0,-7.371428571428572,0.13333333333334282
2025-02-10,-2.6,2.6,-7.5,0.0,16320.0,토마토,5kg,2,0,0,19360.0,15720.0,inf,10074.285714285714,-5.957142857142856,0.0
2025-02-11,0.5,7.0,-5.7,0.0,19580.0,토마토,5kg,2,1,0,16320.0,19220.0,-0.15702479338842978,10160.0,-4.742857142857142,0.0
2025-02-11,0.5,7.0,-5.7,0.0,16360.0,토마토,5kg,2,1,0,19580.0,16220.0,0.19975490196078427,10211.42857142857,-3.528571428571428,0.0
2025-02-12,0.5,2.5,-2.9,2.5,19680.0,토마토,5kg,2,2,0,16360.0,0.0,-0.16445352400408575,10231.42857142857,-2.3285714285714283,0.8333333333333428
2025-02-12,0.5,2.5,-2.9,2.5,16600.0,토마토,5kg,2,2,0,19680.0,0.0,0.20293398533007334,13042.857142857143,-1.1285714285714283,1.666666666666676
2025-02-13,0.2,6.1,-5.8,0.0,19500.0,토마토,5kg,2,3,0,16600.0,0.0,-0.1565040650406504,15414.285714285714,-0.4285714285714283,1.666666666666676
2025-02-13,0.2,6.1,-5.8,0.0,16283.0,토마토,5kg,2,3,0,19500.0,19360.0,0.17469879518072284,18200.0,-0.028571428571428328,0.8333333333333428
2025-02-14,3.7,10.1,-1.6,0.0,20580.0,토마토,5kg,2,4,0,16283.0,16320.0,-0.16497435897435897,17760.428571428572,0.8714285714285717,0.0
2025-02-14,3.7,10.1,-1.6,0.0,17540.0,토마토,5kg,2,4,0,20580.0,19580.0,0.26389485966959403,18369.0,1.328571428571429,0.0
2025-02-15,4.1,7.8,0.4,0.0,0.0,토마토,5kg,2,5,1,17540.0,16360.0,-0.1477162293488824,18077.571428571428,1.8428571428571432,0.0
2025-02-15,4.1,7.8,0.4,0.0,0.0,토마토,5kg,2,5,1,0.0,19680.0,-1.0,15740.42857142857,2.357142857142857,0.0
2025-02-17,-0.3,3.5,-3.4,0.0,18440.0,토마토,5kg,2,0,0,22060.0,16283.0,inf,10923.285714285714,2.7571428571428576,0.0
2025-02-18,-2.3,2.6,-5.2,0.0,21580.0,토마토,5kg,2,1,0,18440.0,20580.0,-0.1640979147778785,11231.42857142857,1.9000000000000004,0.0
2025-02-18,-2.3,2.6,-5.2,0.0,17640.0,토마토,5kg,2,1,0,21580.0,17540.0,0.1702819956616053,11374.285714285714,1.042857142857143,0.0
2025-02-19,-3.0,1.2,-5.8,0.0,21680.0,토마토,5kg,2,2,0,17640.0,0.0,-0.18257645968489344,11388.57142857143,0.028571428571428786,0.0
2025-02-19,-3.0,1.2,-5.8,0.0,17680.0,토마토,5kg,2,2,0,21680.0,0.0,0.2290249433106577,14485.714285714286,-0.9857142857142855,0.0
2025-02-20,-2.9,1.9,-6.5,0.0,21800.0,토마토,5kg,2,3,0,17680.0,0.0,-0.18450184501845024,17011.428571428572,-2.014285714285714,0.0
2025-02-20,-2.9,1.9,-6.5,0.0,17840.0,토마토,5kg,2,3,0,21800.0,22060.0,0.23303167420814486,20125.714285714286,-2.3857142857142857,0.0
2025-02-21,-2.5,2.6,-6.4,0.0,22140.0,토마토,5kg,2,4,0,17840.0,18440.0,-0.18165137614678895,19522.85714285714,-2.6999999999999997,0.0
2025-02-21,-2.5,2.6,-6.4,0.0,18340.0,토마토,5kg,2,4,0,22140.0,21580.0,0.24103139013452912,20051.428571428572,-2.728571428571428,0.0
2025-02-22,-2.3,2.7,-5.6,0.0,0.0,토마토,5kg,2,5,1,18340.0,17640.0,-0.17163504968383014,19588.571428571428,-2.728571428571428,0.0
2025-02-22,-2.3,2.7,-5.6,0.0,0.0,토마토,5kg,2,5,1,0.0,21680.0,-1.0,17068.571428571428,-2.6285714285714286,0.0
2025-02-24,-1.3,4.7,-6.3,0.0,18580.0,토마토,5kg,2,0,0,21940.0,17840.0,inf,11465.714285714286,-2.257142857142857,0.0
2025-02-25,2.1,6.1,-3.1,0.0,21940.0,토마토,5kg,2,1,0,18580.0,22140.0,-0.15314494074749319,11571.42857142857,-1.5999999999999999,0.0
2025-02-25,2.1,6.1,-3.1,0.0,18500.0,토마토,5kg,2,1,0,21940.0,18340.0,0.18083961248654457,11542.857142857143,-0.9428571428571425,0.0
2025-02-26,3.7,9.1,0.7,0.0,21040.0,토마토,5kg,2,2,0,18500.0,0.0,-0.15679124886052875,11565.714285714286,-0.08571428571428534,0.0
2025-02-26,3.7,9.1,0.7,0.0,17840.0,토마토,5kg,2,2,0,21040.0,0.0,0.13729729729729723,14571.42857142857,0.7714285714285717,0.0
2025-02-27,5.8,14.2,-2.0,0.0,21040.0,토마토,5kg,2,3,0,17840.0,0.0,-0.15209125475285168,17120.0,2.1142857142857143,0.0
2025-02-27,5.8,14.2,-2.0,0.0,17840.0,토마토,5kg,2,3,0,21040.0,21940.0,0.17937219730941711,20125.714285714286,3.128571428571429,0.0
2025-02-28,7.8,13.7,3.7,0.0,21040.0,토마토,5kg,2,4,0,17840.0,18580.0,-0.15209125475285168,19540.0,4.428571428571429,0.0
2025-02-28,7.8,13.7,3.7,0.0,17840.0,토마토,5kg,2,4,0,21040.0,21940.0,0.17937219730941711,19891.428571428572,5.242857142857143,0.0
2025-03-01,8.5,13.0,3.4,0.6,0.0,토마토,5kg,3,5,1,17840.0,18500.0,-0.15209125475285168,19305.714285714286,6.1571428571428575,0.20000000000000948
2025-03-01,8.5,13.0,3.4,0.6,0.0,토마토,5kg,3,5,1,0.0,21040.0,-1.0,16662.85714285714,6.842857142857143,0.40000000000000946
2025-03-04,2.5,3.4,0.9,4.0,17460.0,토마토,5kg,3,1,0,20540.0,17840.0,inf,5482.857142857143,5.214285714285714,6.133333333333343
2025-03-05,4.8,9.2,2.3,0.0,20400.0,토마토,5kg,3,2,0,17460.0,0.0,-0.14995131450827648,5428.571428571428,4.685714285714286,2.6666666666666763
2025-03-05,4.8,9.2,2.3,0.0,17260.0,토마토,5kg,3,2,0,20400.0,0.0,0.16838487972508598,8342.857142857143,4.1571428571428575,1.3333333333333428
2025-03-06,4.8,10.4,-0.4,0.0,20480.0,토마토,5kg,3,3,0,17260.0,0.0,-0.153921568627451,10808.57142857143,3.6571428571428575,0.0
2025-03-06,4.8,10.4,-0.4,0.0,17300.0,토마토,5kg,3,3,0,20480.0,0.0,0.18655851680185398,13734.285714285714,3.9,0.0
2025-03-07,5.3,11.1,0.0,0.0,20000.0,토마토,5kg,3,4,0,17300.0,0.0,-0.1552734375,16205.714285714286,4.214285714285714,0.0
2025-03-07,5.3,11.1,0.0,0.0,16960.0,토마토,5kg,3,4,0,20000.0,20540.0,0.1560693641618498,19062.85714285714,4.614285714285715,0.0
2025-03-08,5.8,11.2,2.8,0.0,0.0,토마토,5kg,3,5,1,16960.0,17460.0,-0.15200000000000002,18551.428571428572,5.085714285714286,0.0
2025-03-08,5.8,11.2,2.8,0.0,0.0,토마토,5kg,3,5,1,0.0,20400.0,-1.0,16057.142857142857,5.228571428571429,0.0
2025-03-10,8.0,14.9,2.4,0.0,17380.0,토마토,5kg,3,0,0,20400.0,17300.0,inf,10665.714285714286,6.442857142857143,0.0
2025-03-11,9.4,16.6,2.9,0.0,19640.0,토마토,5kg,3,1,0,17380.0,20000.0,-0.14803921568627454,10677.142857142857,7.028571428571429,0.0
2025-03-11,9.4,16.6,2.9,0.0,16760.0,토마토,5kg,3,1,0,19640.0,16960.0,0.1300345224395858,10625.714285714286,7.614285714285715,0.0
2025-03-12,8.5,11.8,6.7,0.0,19880.0,토마토,5kg,3,2,0,16760.0,0.0,-0.14663951120162932,10597.142857142857,8.0,0.0
2025-03-12,8.5,11.8,6.7,0.0,16840.0,토마토,5kg,3,2,0,19880.0,0.0,0.18615751789976143,13437.142857142857,8.385714285714286,0.0
2025-03-13,8.9,15.0,3.2,0.0,19800.0,토마토,5kg,3,3,0,16840.0,0.0,-0.1529175050301811,15842.857142857143,8.671428571428573,0.0
2025-03-13,8.9,15.0,3.2,0.0,16640.0,토마토,5kg,3,3,0,19800.0,20400.0,0.17577197149643697,18671.428571428572,8.8,0.0
2025-03-14,12.4,20.1,5.0,0.0,20060.0,토마토,5kg,3,4,0,16640.0,17380.0,-0.15959595959595962,18134.285714285714,9.428571428571429,0.0
2025-03-14,12.4,20.1,5.0,0.0,16560.0,토마토,5kg,3,4,0,20060.0,19640.0,0.20552884615384626,18517.14285714286,9.857142857142858,0.0
2025-03-15,12.6,17.2,10.0,0.0,0.0,토마토,5kg,3,5,1,16560.0,16760.0,-0.17447657028913255,18077.14285714286,10.314285714285715,0.0
2025-03-15,12.6,17.2,10.0,0.0,0.0,토마토,5kg,3,5,1,0.0,19880.0,-1.0,15682.857142857143,10.9,0.0
2025-03-17,2.5,6.8,-1.3,0.4,17600.0,토마토,5kg,3,0,0,21320.0,16640.0,inf,10654.285714285714,8.557142857142857,0.5333333333333429
2025-03-18,2.1,5.6,0.3,9.9,21240.0,토마토,5kg,3,1,0,17600.0,20060.0,-0.17448405253283306,10791.42857142857,7.085714285714286,3.5666666666666766
2025-03-18,2.1,5.6,0.3,9.9,17600.0,토마토,5kg,3,1,0,21240.0,16560.0,0.2068181818181818,10960.0,5.614285714285715,6.733333333333344
2025-03-19,2.4,7.3,-1.9,0.0,22040.0,토마토,5kg,3,2,0,17600.0,0.0,-0.1713747645951036,11108.57142857143,4.1571428571428575,6.600000000000011
2025-03-19,2.4,7.3,-1.9,0.0,18840.0,토마토,5kg,3,2,0,22040.0,0.0,0.2522727272727272,14257.142857142857,2.7,3.3000000000000096
2025-03-20,8.2,15.0,2.2,0.0,21900.0,토마토,5kg,3,3,0,18840.0,0.0,-0.1451905626134301,16948.571428571428,3.1714285714285717,0.0
2025-03-20,8.2,15.0,2.2,0.0,18540.0,토마토,5kg,3,3,0,21900.0,21320.0,0.16242038216560517,20077.14285714286,3.9857142857142853,0.0
2025-03-21,11.6,18.7,7.9,0.0,22420.0,토마토,5kg,3,4,0,18540.0,17600.0,-0.1534246575342466,19680.0,5.285714285714286,0.0
2025-03-21,11.6,18.7,7.9,0.0,18980.0,토마토,5kg,3,4,0,22420.0,21240.0,0.20927723840345203,20368.571428571428,6.642857142857143,0.0
2025-03-22,12.8,19.9,6.1,0.0,0.0,토마토,5kg,3,5,1,18980.0,17600.0,-0.15343443354148079,20045.714285714286,8.17142857142857,0.0
2025-03-22,12.8,19.9,6.1,0.0,0.0,토마토,5kg,3,5,1,0.0,22040.0,-1.0,17531.428571428572,9.657142857142857,0.0
2025-03-24,15.5,21.3,11.7,0.0,18700.0,토마토,5kg,3,0,0,21920.0,18540.0,inf,11694.285714285714,13.571428571428571,0.0
2025-03-25,12.7,21.4,8.4,0.0,21400.0,토마토,5kg,3,1,0,18700.0,22420.0,-0.14689781021897808,11717.142857142857,13.72857142857143,0.0
2025-03-25,12.7,21.4,8.4,0.0,18380.0,토마토,5kg,3,1,0,21400.0,18980.0,0.14438502673796783,11571.42857142857,13.885714285714286,0.0
2025-03-26,15.5,23.9,6.0,0.0,21120.0,토마토,5kg,3,2,0,18380.0,0.0,-0.14112149532710283,11485.714285714286,14.271428571428572,0.0
2025-03-26,15.5,23.9,6.0,0.0,18160.0,토마토,5kg,3,2,0,21120.0,0.0,0.14907508161044625,14502.857142857143,14.657142857142858,0.0
2025-03-27,13.7,18.6,7.1,0.3,21660.0,토마토,5kg,3,3,0,18160.0,0.0,-0.14015151515151514,17097.14285714286,14.442857142857141,0.10000000000000947
2025-03-27,13.7,18.6,7.1,0.3,17840.0,토마토,5kg,3,3,0,21660.0,21920.0,0.19273127753303965,20191.428571428572,14.185714285714285,0.20000000000000948
2025-03-28,6.5,11.8,3.1,0.0,21460.0,토마토,5kg,3,4,0,17840.0,18700.0,-0.1763619575253924,19608.571428571428,12.9,0.20000000000000948
2025-03-28,6.5,11.8,3.1,0.0,17680.0,토마토,5kg,3,4,0,21460.0,21400.0,0.202914798206278,20002.85714285714,12.014285714285714,0.10000000000000947
2025-03-29,3.3,6.7,0.6,0.0,0.0,토마토,5kg,3,5,1,17680.0,18380.0,-0.17614165890027955,19471.428571428572,10.671428571428573,0.0
2025-03-29,3.3,6.7,0.6,0.0,0.0,토마토,5kg,3,5,1,0.0,21120.0,-1.0,16845.714285714286,8.928571428571429,0.0
2025-03-31,7.7,14.1,1.2,0.0,16600.0,토마토,5kg,3,0,0,20040.0,17840.0,inf,11002.857142857143,5.471428571428572,0.0
2025-04-01,10.1,17.0,3.9,0.0,19820.0,토마토,5kg,4,1,0,16600.0,21460.0,-0.1716566866267465,10825.714285714286,5.985714285714287,0.0
2025-04-01,10.1,17.0,3.9,0.0,16260.0,토마토,5kg,4,1,0,19820.0,17680.0,0.19397590361445793,10591.42857142857,6.5,0.0
2025-04-02,8.9,14.4,5.2,0.0,19420.0,토마토,5kg,4,2,0,16260.0,0.0,-0.1796165489404642,10388.57142857143,7.300000000000002,0.0
2025-04-02,8.9,14.4,5.2,0.0,16160.0,토마토,5kg,4,2,0,19420.0,0.0,0.19434194341943423,13162.857142857143,8.1,0.0
2025-04-03,9.8,16.9,3.6,0.0,19420.0,토마토,5kg,4,3,0,16160.0,0.0,-0.16786817713697222,15471.42857142857,9.028571428571428,0.0
2025-04-03,9.8,16.9,3.6,0.0,16360.0,토마토,5kg,4,3,0,19420.0,20040.0,0.2017326732673268,18245.714285714286,9.328571428571427,0.0
2025-04-04,10.6,16.4,6.0,0.0,19400.0,토마토,5kg,4,4,0,16360.0,16600.0,-0.1575695159629248,17720.0,9.742857142857144,0.0
2025-04-04,10.6,16.4,6.0,0.0,16160.0,토마토,5kg,4,4,0,19400.0,19820.0,0.18581907090464544,18120.0,9.814285714285715,0.0
2025-04-05,8.0,9.5,7.5,22.8,0.0,토마토,5kg,4,5,1,16160.0,16260.0,-0.16701030927835048,17597.14285714286,9.514285714285716,7.600000000000009
2025-04-05,8.0,9.5,7.5,22.8,0.0,토마토,5kg,4,5,1,0.0,19420.0,-1.0,15274.285714285714,9.385714285714286,15.20000000000001
2025-04-07,13.5,20.1,5.5,0.0,16080.0,토마토,5kg,4,0,0,19720.0,16360.0,inf,10234.285714285714,10.642857142857142,0.0
2025-04-08,13.8,18.9,10.7,0.0,19780.0,토마토,5kg,4,1,0,16080.0,19400.0,-0.18458417849898578,10194.285714285714,11.1,0.0
2025-04-08,13.8,18.9,10.7,0.0,16200.0,토마토,5kg,4,1,0,19780.0,16160.0,0.23009950248756228,10248.57142857143,11.557142857142859,0.0
2025-04-09,12.7,18.0,8.4,0.8,19560.0,토마토,5kg,4,2,0,16200.0,0.0,-0.18099089989888772,10254.285714285714,12.22857142857143,0.26666666666667616
2025-04-09,12.7,18.0,8.4,0.8,15980.0,토마토,5kg,4,2,0,19560.0,0.0,0.20740740740740748,13048.57142857143,12.900000000000002,0.5333333333333429
2025-04-10,13.2,19.1,8.8,0.0,19140.0,토마토,5kg,4,3,0,15980.0,0.0,-0.18302658486707568,15331.42857142857,13.314285714285715,0.5333333333333429
2025-04-10,13.2,19.1,8.8,0.0,15940.0,토마토,5kg,4,3,0,19140.0,19720.0,0.19774718397997493,18065.714285714286,13.27142857142857,0.26666666666667616
2025-04-11,16.2,24.2,8.1,0.0,19540.0,토마토,5kg,4,4,0,15940.0,16080.0,-0.16718913270637403,17525.714285714286,13.657142857142857,0.0
2025-04-11,16.2,24.2,8.1,0.0,15980.0,토마토,5kg,4,4,0,19540.0,19780.0,0.22584692597239653,18020.0,14.0,0.0
2025-04-12,12.9,22.5,1.4,15.4,0.0,토마토,5kg,4,5,1,15980.0,16200.0,-0.18219037871033772,17477.14285714286,13.87142857142857,5.133333333333343
2025-04-12,12.9,22.5,1.4,15.4,0.0,토마토,5kg,4,5,1,0.0,19560.0,-1.0,15162.857142857143,13.9,10.266666666666676
2025-04-14,4.4,6.0,2.6,7.4,16980.0,토마토,5kg,4,0,0,20000.0,15940.0,inf,10208.57142857143,10.357142857142858,6.333333333333343
2025-04-15,8.2,14.0,2.3,0.0,20200.0,토마토,5kg,4,1,0,16980.0,19540.0,-0.15100000000000002,10357.142857142857,9.214285714285714,4.933333333333343
2025-04-15,8.2,14.0,2.3,0.0,16320.0,토마토,5kg,4,1,0,20200.0,15980.0,0.18963486454652534,10451.42857142857,8.071428571428571,2.466666666666676
2025-04-16,14.6,21.9,6.4,0.0,20080.0,토마토,5kg,4,2,0,16320.0,0.0,-0.19207920792079203,10500.0,8.314285714285713,0.0
2025-04-16,14.6,21.9,6.4,0.0,16520.0,토마토,5kg,4,2,0,20080.0,0.0,0.23039215686274517,13368.57142857143,8.557142857142857,0.0
2025-04-17,19.7,24.7,15.8,0.0,19860.0,토마토,5kg,4,3,0,16520.0,0.0,-0.1772908366533864,15728.57142857143,10.585714285714285,0.0
2025-04-17,19.7,24.7,15.8,0.0,16420.0,토마토,5kg,4,3,0,19860.0,20000.0,0.20217917675544794,18565.714285714286,12.77142857142857,0.0
2025-04-18,18.6,23.7,15.4,0.0,19520.0,토마토,5kg,4,4,0,16420.0,16980.0,-0.17321248741188322,18054.285714285714,14.799999999999999,0.0
2025-04-18,18.6,23.7,15.4,0.0,16480.0,토마토,5kg,4,4,0,19520.0,20200.0,0.1887941534713764,18417.14285714286,16.285714285714285,0.0
2025-04-19,15.3,20.0,12.2,9.2,0.0,토마토,5kg,4,5,1,16480.0,16320.0,-0.15573770491803274,17885.714285714286,17.3,3.0666666666666758
2025-04-19,15.3,20.0,12.2,9.2,0.0,토마토,5kg,4,5,1,0.0,20080.0,-1.0,15554.285714285714,17.400000000000002,6.133333333333343
2025-04-21,20.7,27.1,14.2,0.0,15860.0,토마토,5kg,4,0,0,19400.0,16420.0,inf,10260.0,17.985714285714288,0.0
2025-04-22,17.8,20.4,14.2,34.8,19120.0,토마토,5kg,4,1,0,15860.0,19520.0,-0.18247422680412373,10180.0,17.871428571428574,11.600000000000009
2025-04-22,17.8,20.4,14.2,34.8,15880.0,토마토,5kg,4,1,0,19120.0,16480.0,0.20554854981084492,10122.857142857143,17.757142857142856,23.200000000000006
2025-04-23,16.8,22.9,10.9,0.0,18820.0,토마토,5kg,4,2,0,15880.0,0.0,-0.16945606694560666,10037.142857142857,17.97142857142857,23.200000000000006
2025-04-23,16.8,22.9,10.9,0.0,15440.0,토마토,5kg,4,2,0,18820.0,0.0,0.18513853904282107,12725.714285714286,18.185714285714287,11.600000000000009
2025-04-24,14.7,19.6,10.7,0.0,18580.0,토마토,5kg,4,3,0,15440.0,0.0,-0.17959617428267804,14931.42857142857,17.900000000000002,0.0
2025-04-24,14.7,19.6,10.7,0.0,14380.0,토마토,5kg,4,3,0,18580.0,19400.0,0.20336787564766845,17585.714285714286,17.04285714285714,0.0
2025-04-25,12.5,17.8,7.7,0.0,18300.0,토마토,5kg,4,4,0,14380.0,15860.0,-0.22604951560818087,16868.571428571428,15.87142857142857,0.0
2025-04-25,12.5,17.8,7.7,0.0,13560.0,토마토,5kg,4,4,0,18300.0,19120.0,0.2726008344923505,17217.14285714286,15.114285714285714,0.0
2025-04-26,13.8,20.0,7.2,0.0,0.0,토마토,5kg,4,5,1,13560.0,15880.0,-0.25901639344262295,16422.85714285714,14.542857142857144,0.0
2025-04-26,13.8,20.0,7.2,0.0,0.0,토마토,5kg,4,5,1,0.0,18820.0,-1.0,14154.285714285714,14.114285714285714,0.0
2025-04-28,15.1,20.2,10.3,0.0,13720.0,토마토,5kg,4,0,0,18000.0,14380.0,inf,9177.142857142857,13.957142857142857,0.0
2025-04-29,14.8,21.0,8.2,0.0,16740.0,토마토,5kg,4,1,0,13720.0,18300.0,-0.23777777777777775,9082.857142857143,14.285714285714286,0.0
2025-04-29,14.8,21.0,8.2,0.0,13040.0,토마토,5kg,4,1,0,16740.0,13560.0,0.22011661807580185,8860.0,14.614285714285716,0.0
2025-04-30,18.4,25.8,10.0,0.0,16820.0,토마토,5kg,4,2,0,13040.0,0.0,-0.22102747909199527,8785.714285714286,15.27142857142857,0.0
2025-04-30,18.4,25.8,10.0,0.0,13200.0,토마토,5kg,4,2,0,16820.0,0.0,0.2898773006134969,11188.57142857143,15.928571428571429,0.0
2025-05-01,14.7,17.6,11.3,21.1,0.0,토마토,5kg,5,3,0,13200.0,0.0,-0.2152199762187872,13074.285714285714,15.9,7.033333333333343
2025-05-01,14.7,17.6,11.3,21.1,0.0,토마토,5kg,5,3,0,0.0,18000.0,-1.0,13074.285714285714,15.842857142857142,14.066666666666677
2025-05-02,13.4,18.5,8.2,0.0,12880.0,토마토,5kg,5,4,0,16340.0,16740.0,inf,10877.142857142857,15.4,7.033333333333343
2025-05-03,11.2,14.0,9.5,7.3,0.0,토마토,5kg,5,5,1,12880.0,13040.0,-0.21175030599755207,10325.714285714286,14.885714285714284,2.433333333333343
2025-05-03,11.2,14.0,9.5,7.3,0.0,토마토,5kg,5,5,1,0.0,16820.0,-1.0,8462.857142857143,13.857142857142858,4.866666666666676
2025-05-07,14.9,21.1,9.9,0.0,12960.0,토마토,5kg,5,2,0,15860.0,0.0,inf,2265.714285714286,13.785714285714286,0.0
2025-05-08,17.4,24.9,9.7,0.0,15860.0,토마토,5kg,5,3,0,12960.0,0.0,-0.18284993694829765,4117.142857142857,14.314285714285715,0.0
2025-05-08,17.4,24.9,9.7,0.0,12760.0,토마토,5kg,5,3,0,15860.0,0.0,0.22376543209876543,6382.857142857143,15.071428571428571,0.0
2025-05-09,15.1,17.4,14.1,17.6,15200.0,토마토,5kg,5,4,0,12760.0,0.0,-0.1954602774274905,8205.714285714286,15.5,5.866666666666677
2025-05-09,15.1,17.4,14.1,17.6,12160.0,토마토,5kg,5,4,0,15200.0,0.0,0.19122257053291536,10377.142857142857,15.599999999999998,11.733333333333343
2025-05-10,12.3,15.3,11.6,14.1,0.0,토마토,5kg,5,5,1,12160.0,0.0,-0.19999999999999996,12114.285714285714,15.299999999999999,16.433333333333344
2025-05-10,12.3,15.3,11.6,14.1,0.0,토마토,5kg,5,5,1,0.0,15860.0,-1.0,12114.285714285714,14.928571428571429,15.266666666666675
2025-05-12,17.0,23.6,9.8,0.0,11600.0,토마토,5kg,5,0,0,14640.0,12760.0,inf,7822.857142857143,14.785714285714286,0.0
2025-05-13,19.9,25.8,13.3,0.0,14860.0,토마토,5kg,5,1,0,11600.0,15200.0,-0.20765027322404372,7657.142857142857,15.471428571428572,0.0
2025-05-13,19.9,25.8,13.3,0.0,11826.0,토마토,5kg,5,1,0,14860.0,12160.0,0.28103448275862064,7608.571428571428,16.157142857142855,0.0
2025-05-14,21.0,26.7,14.1,0.0,14880.0,토마토,5kg,5,2,0,11826.0,0.0,-0.20417227456258413,7560.857142857143,17.4,0.0
2025-05-14,21.0,26.7,14.1,0.0,11646.0,토마토,5kg,5,2,0,14880.0,0.0,0.2582445459157787,9686.57142857143,18.642857142857142,0.0
2025-05-15,19.5,22.2,16.8,1.1,14880.0,토마토,5kg,5,3,0,11646.0,0.0,-0.2173387096774193,11350.285714285714,19.328571428571426,0.3666666666666762
2025-05-15,19.5,22.2,16.8,1.1,11426.0,토마토,5kg,5,3,0,14880.0,14640.0,0.27769191138588356,13476.0,19.685714285714283,0.7333333333333428
2025-05-16,19.4,22.0,17.8,51.3,14960.0,토마토,5kg,5,4,0,11426.0,11600.0,-0.23212365591397854,13016.857142857143,20.02857142857143,17.833333333333343
2025-05-16,19.4,22.0,17.8,51.3,11986.0,토마토,5kg,5,4,0,14960.0,14860.0,0.3092945912830387,13496.857142857143,19.957142857142856,34.56666666666667
2025-05-17,18.3,24.3,14.7,2.2,0.0,토마토,5kg,5,5,1,11986.0,11826.0,-0.19879679144385032,13086.285714285714,19.728571428571428,34.933333333333344
2025-05-17,18.3,24.3,14.7,2.2,0.0,토마토,5kg,5,5,1,0.0,14880.0,-1.0,11396.857142857143,19.342857142857145,18.566666666666674
2025-05-19,16.1,20.9,10.5,1.6,12106.0,토마토,5kg,5,0,0,15020.0,11426.0,inf,7627.428571428572,17.599999999999998,1.0666666666666762
2025-05-20,22.2,27.3,17.4,1.0,14880.0,토마토,5kg,5,1,0,12106.0,14960.0,-0.1940079893475366,7724.571428571428,18.0,1.4000000000000095
2025-05-20,22.2,27.3,17.4,1.0,11926.0,토마토,5kg,5,1,0,14880.0,11986.0,0.2291425739302826,7713.142857142857,18.400000000000002,1.2000000000000095
2025-05-21,25.5,30.8,22.3,0.0,14500.0,토마토,5kg,5,2,0,11926.0,0.0,-0.19852150537634405,7704.571428571428,19.428571428571427,0.6666666666666762
2025-05-21,25.5,30.8,22.3,0.0,11826.0,토마토,5kg,5,2,0,14500.0,0.0,0.21583095757169213,9776.0,20.457142857142856,0.3333333333333428
2025-05-22,23.9,28.5,20.0,0.8,14140.0,토마토,5kg,5,3,0,11826.0,0.0,-0.1844137931034483,11465.42857142857,21.642857142857142,0.26666666666667616
2025-05-22,23.9,28.5,20.0,0.8,11506.0,토마토,5kg,5,3,0,14140.0,15020.0,0.19567055640115005,13485.42857142857,22.75714285714286,0.5333333333333429
2025-05-23,19.4,22.2,15.4,1.2,13760.0,토마토,5kg,5,4,0,11506.0,12106.0,-0.18628005657708624,12983.42857142857,23.228571428571428,0.9333333333333428
2025-05-23,19.4,22.2,15.4,1.2,11140.0,토마토,5kg,5,4,0,13760.0,14880.0,0.19589779245610983,13219.714285714286,22.828571428571426,1.0666666666666762
2025-05-24,15.6,19.3,13.0,4.3,0.0,토마토,5kg,5,5,1,11140.0,11926.0,-0.19040697674418605,12685.42857142857,21.885714285714283,2.2333333333333427
2025-05-24,15.6,19.3,13.0,4.3,0.0,토마토,5kg,5,5,1,0.0,14500.0,-1.0,10981.714285714286,20.471428571428568,3.2666666666666764
2025-05-26,19.7,26.2,13.0,0.0,10346.0,토마토,5kg,5,0,0,12812.0,11506.0,inf,7031.142857142857,18.114285714285714,0.0
2025-05-27,20.8,27.0,14.7,0.0,12692.0,토마토,5kg,5,1,0,10346.0,13760.0,-0.19247580393381203,6865.428571428572,18.314285714285713,0.0
2025-05-27,20.8,27.0,14.7,0.0,10486.0,토마토,5kg,5,1,0,12692.0,11140.0,0.2267543011791997,6712.857142857143,18.514285714285712,0.0
2025-05-28,20.8,26.9,16.3,0.0,12592.0,토마토,5kg,5,2,0,10486.0,0.0,-0.17381027418846517,6619.428571428572,19.25714285714286,0.0
2025-05-28,20.8,26.9,16.3,0.0,10386.0,토마토,5kg,5,2,0,12592.0,0.0,0.200839214190349,8418.285714285714,20.0,0.0
2025-05-29,21.2,27.3,15.3,0.0,12112.0,토마토,5kg,5,3,0,10386.0,0.0,-0.1751905972045743,9902.0,20.542857142857144,0.0
2025-05-29,21.2,27.3,15.3,0.0,9966.0,토마토,5kg,5,3,0,12112.0,12812.0,0.16618524937415757,11632.285714285714,20.75714285714286,0.0
2025-05-30,22.2,28.3,16.7,0.0,12072.0,토마토,5kg,5,4,0,9966.0,10346.0,-0.1771796565389696,11225.714285714286,21.114285714285717,0.0
2025-05-30,22.2,28.3,16.7,0.0,9866.0,토마토,5kg,5,4,0,12072.0,12692.0,0.21131848284166166,11472.285714285714,21.314285714285713,0.0
2025-05-31,21.5,27.0,16.4,0.0,0.0,토마토,5kg,5,5,1,9866.0,10486.0,-0.18273691186216034,11068.57142857143,21.41428571428571,0.0
2025-05-31,21.5,27.0,16.4,0.0,0.0,토마토,5kg,5,5,1,0.0,12592.0,-1.0,9570.57142857143,21.514285714285712,0.0
2025-06-02,21.0,23.1,19.2,0.0,9366.0,토마토,5kg,6,0,0,11946.0,9966.0,inf,6264.285714285715,21.714285714285715,0.0
2025-06-03,20.9,25.3,17.0,0.0,0.0,토마토,5kg,6,1,0,9366.0,12072.0,-0.215971873430437,6178.571428571428,21.52857142857143,0.0
2025-06-03,20.9,25.3,17.0,0.0,0.0,토마토,5kg,6,1,0,0.0,9866.0,-1.0,4454.0,21.342857142857145,0.0
2025-06-04,20.5,25.3,15.2,0.0,9826.0,토마토,5kg,6,2,0,12566.0,0.0,inf,4839.714285714285,21.057142857142857,0.0
2025-06-05,21.7,27.1,15.6,0.0,12606.0,토마토,5kg,6,3,0,9826.0,0.0,-0.2180487028489575,6243.428571428572,20.928571428571427,0.0
2025-06-05,21.7,27.1,15.6,0.0,9906.0,토마토,5kg,6,3,0,12606.0,11946.0,0.28292285772440473,8044.285714285715,21.02857142857143,0.0
2025-06-06,24.1,30.0,17.7,0.0,0.0,토마토,5kg,6,4,0,9906.0,9366.0,-0.2141837220371252,7752.857142857143,21.47142857142857,0.0
2025-06-06,24.1,30.0,17.7,0.0,0.0,토마토,5kg,6,4,0,0.0,0.0,-1.0,6414.857142857143,21.928571428571427,0.0
2025-06-09,24.2,30.2,20.6,0.0,9766.0,토마토,5kg,6,0,0,12346.0,12606.0,inf,4979.714285714285,23.87142857142857,0.20000000000000948
2025-06-10,21.7,25.3,18.8,0.0,12800.0,토마토,5kg,6,1,0,9766.0,9906.0,-0.2089745666612668,4574.0,23.871428571428574,0.0
2025-06-10,21.7,25.3,18.8,0.0,10100.0,토마토,5kg,6,1,0,12800.0,0.0,0.31066967028466097,4987.428571428572,23.52857142857143,0.0
2025-06-11,22.7,28.5,15.9,0.0,13140.0,토마토,5kg,6,2,0,10100.0,0.0,-0.2109375,6430.285714285715,23.328571428571426,0.0
2025-06-11,22.7,28.5,15.9,0.0,10366.0,토마토,5kg,6,2,0,13140.0,0.0,0.30099009900990104,8307.42857142857,23.185714285714287,0.0
2025-06-12,25.5,33.1,17.9,0.0,13340.0,토마토,5kg,6,3,0,10366.0,0.0,-0.21111111111111114,9788.285714285714,23.24285714285714,0.0
2025-06-12,25.5,33.1,17.9,0.0,10786.0,토마토,5kg,6,3,0,13340.0,12346.0,0.28689947906617785,11694.0,23.428571428571427,0.0
2025-06-13,24.0,29.4,20.1,1.5,13340.0,토마토,5kg,6,4,0,10786.0,9766.0,-0.1914542728635682,11471.142857142857,23.400000000000002,0.5000000000000094
2025-06-13,24.0,29.4,20.1,1.5,10786.0,토마토,5kg,6,4,0,13340.0,12800.0,0.23678842944557754,11981.714285714286,23.728571428571428,1.0000000000000095
2025-06-14,25.6,32.1,20.3,0.0,0.0,토마토,5kg,6,5,1,10786.0,10100.0,-0.1914542728635682,11694.0,24.285714285714285,1.0000000000000095
2025-06-14,25.6,32.1,20.3,0.0,0.0,토마토,5kg,6,5,1,0.0,13140.0,-1.0,10251.142857142857,24.7,0.5000000000000094
2025-06-16,23.0,25.1,21.8,20.0,11006.0,토마토,5kg,6,0,0,13640.0,10786.0,inf,6936.0,24.5,17.266666666666676
2025-06-17,24.8,29.6,21.1,0.0,13700.0,토마토,5kg,6,1,0,11006.0,13340.0,-0.19310850439882699,6967.428571428572,24.614285714285717,13.333333333333343
2025-06-17,24.8,29.6,21.1,0.0,11066.0,토마토,5kg,6,1,0,13700.0,10786.0,0.24477557695802288,7018.857142857143,24.728571428571428,6.666666666666676
2025-06-18,25.5,30.9,21.2,0.0,13580.0,토마토,5kg,6,2,0,11066.0,0.0,-0.1922627737226278,7058.857142857143,24.714285714285715,0.0
2025-06-18,25.5,30.9,21.2,0.0,11200.0,토마토,5kg,6,2,0,13580.0,0.0,0.22718236038315553,8998.857142857143,24.7,0.0
2025-06-19,28.1,34.2,21.1,0.8,13620.0,토마토,5kg,6,3,0,11200.0,0.0,-0.17525773195876293,10598.857142857143,24.957142857142856,0.26666666666667616
2025-06-19,28.1,34.2,21.1,0.8,10720.0,토마토,5kg,6,3,0,13620.0,13640.0,0.21607142857142847,12544.57142857143,25.685714285714287,0.5333333333333429
2025-06-20,24.1,28.3,22.2,51.1,12980.0,토마토,5kg,6,4,0,10720.0,11006.0,-0.21292217327459617,12127.42857142857,25.842857142857145,17.566666666666677
2025-06-20,24.1,28.3,22.2,51.1,10390.0,토마토,5kg,6,4,0,12980.0,13700.0,0.21082089552238803,12409.42857142857,25.742857142857144,34.33333333333334
2025-06-21,22.0,24.2,20.5,0.2,0.0,토마토,5kg,6,5,1,10390.0,11066.0,-0.19953775038520805,11936.57142857143,25.342857142857145,34.13333333333335
2025-06-21,22.0,24.2,20.5,0.2,0.0,토마토,5kg,6,5,1,0.0,13580.0,-1.0,10355.714285714286,24.842857142857145,17.166666666666675
2025-06-23,26.1,31.7,19.4,0.0,9670.0,토마토,5kg,6,0,0,12240.0,10720.0,inf,6618.571428571428,23.957142857142856,0.0
2025-06-24,25.0,28.0,20.5,2.3,11240.0,토마토,5kg,6,1,0,9670.0,12980.0,-0.20996732026143794,6468.571428571428,24.085714285714285,0.766666666666676
2025-06-24,25.0,28.0,20.5,2.3,9010.0,토마토,5kg,6,1,0,11240.0,10390.0,0.1623578076525336,6220.0,24.214285714285715,1.5333333333333428
2025-06-25,20.9,22.1,19.5,8.0,11340.0,토마토,5kg,6,2,0,9010.0,0.0,-0.19839857651245552,6022.857142857143,24.057142857142857,4.200000000000009
2025-06-25,20.9,22.1,19.5,8.0,9110.0,토마토,5kg,6,2,0,11340.0,0.0,0.2586015538290789,7642.857142857143,23.900000000000002,6.100000000000009
2025-06-26,22.2,24.2,19.9,1.1,11340.0,토마토,5kg,6,3,0,9110.0,0.0,-0.19664902998236333,8944.285714285714,23.74285714285714,5.70000000000001
2025-06-26,22.2,24.2,19.9,1.1,9110.0,토마토,5kg,6,3,0,11340.0,12240.0,0.24478594950603738,10564.285714285714,23.185714285714287,3.4000000000000092
2025-06-27,25.0,29.3,21.1,0.0,11740.0,토마토,5kg,6,4,0,9110.0,9670.0,-0.19664902998236333,10117.142857142857,23.02857142857143,0.7333333333333428
2025-06-27,25.0,29.3,21.1,0.0,8976.0,토마토,5kg,6,4,0,11740.0,11240.0,0.2886937431394072,10412.857142857143,23.02857142857143,0.3666666666666762
2025-06-28,26.2,28.1,24.5,0.6,0.0,토마토,5kg,6,5,1,8976.0,9010.0,-0.23543441226575812,10089.42857142857,23.2,0.20000000000000948
2025-06-28,26.2,28.1,24.5,0.6,0.0,토마토,5kg,6,5,1,0.0,11340.0,-1.0,8802.285714285714,23.957142857142856,0.40000000000000946
2025-06-30,28.2,31.2,25.6,0.0,8842.0,토마토,5kg,6,0,0,11540.0,9110.0,inf,5909.428571428572,26.557142857142853,0.0
2025-07-01,28.6,31.8,26.2,0.9,11700.0,토마토,5kg,7,1,0,8842.0,11740.0,-0.23379549393414212,5871.142857142857,27.071428571428573,0.3000000000000095
2025-07-01,28.6,31.8,26.2,0.9,9242.0,토마토,5kg,7,1,0,11700.0,8976.0,0.3232300384528388,5865.428571428572,27.585714285714285,0.6000000000000095
2025-07-02,28.6,30.9,26.8,0.0,13320.0,토마토,5kg,7,2,0,9242.0,0.0,-0.21008547008547007,5903.428571428572,27.928571428571427,0.6000000000000095
2025-07-02,28.6,30.9,26.8,0.0,10690.0,토마토,5kg,7,2,0,13320.0,0.0,0.4412464834451417,7806.285714285715,28.271428571428572,0.3000000000000095
2025-07-03,28.3,32.0,26.5,0.0,14260.0,토마토,5kg,7,3,0,10690.0,0.0,-0.19744744744744747,9333.42857142857,28.442857142857147,0.0
2025-07-03,28.3,32.0,26.5,0.0,11430.0,토마토,5kg,7,3,0,14260.0,11540.0,0.33395696913002815,11370.57142857143,28.457142857142856,0.0
2025-07-04,27.2,30.0,25.7,0.0,14880.0,토마토,5kg,7,4,0,11430.0,8842.0,-0.19845722300140256,11354.857142857143,28.314285714285717,0.0
2025-07-04,27.2,30.0,25.7,0.0,12220.0,토마토,5kg,7,4,0,14880.0,11700.0,0.30183727034120733,12217.42857142857,28.114285714285717,0.0
2025-07-05,28.4,32.3,26.0,0.0,0.0,토마토,5kg,7,5,1,12220.0,9242.0,-0.178763440860215,12291.714285714286,28.085714285714285,0.0
2025-07-05,28.4,32.3,26.0,0.0,0.0,토마토,5kg,7,5,1,0.0,13320.0,-1.0,10971.42857142857,28.057142857142857,0.0
2025-07-07,29.1,33.2,26.7,0.0,10650.0,토마토,5kg,7,0,0,14180.0,11430.0,inf,7530.0,28.357142857142858,0.0
2025-07-08,31.3,37.8,26.9,11.8,13940.0,토마토,5kg,7,1,0,10650.0,14880.0,-0.24894217207334268,7418.571428571428,28.942857142857143,3.933333333333343
2025-07-08,31.3,37.8,26.9,11.8,10780.0,토마토,5kg,7,1,0,13940.0,12220.0,0.30892018779342734,7284.285714285715,29.528571428571432,7.866666666666677
2025-07-09,31.9,36.0,27.4,0.0,13740.0,토마토,5kg,7,2,0,10780.0,0.0,-0.2266857962697274,7078.571428571428,30.02857142857143,7.866666666666677
2025-07-09,31.9,36.0,27.4,0.0,10920.0,토마토,5kg,7,2,0,13740.0,0.0,0.2745825602968459,9041.42857142857,30.52857142857143,3.933333333333343
2025-07-10,31.4,36.2,27.3,0.0,13060.0,토마토,5kg,7,3,0,10920.0,0.0,-0.20524017467248912,10601.42857142857,30.857142857142858,0.0
2025-07-10,31.4,36.2,27.3,0.0,10660.0,토마토,5kg,7,3,0,13060.0,14180.0,0.19597069597069594,12467.142857142857,31.185714285714287,0.0
2025-07-11,30.2,36.1,24.6,0.0,13200.0,토마토,5kg,7,4,0,10660.0,10650.0,-0.18376722817764168,11964.285714285714,31.342857142857138,0.0
2025-07-11,30.2,36.1,24.6,0.0,10660.0,토마토,5kg,7,4,0,13200.0,13940.0,0.23827392120075053,12328.57142857143,31.185714285714287,0.0
2025-07-12,30.3,36.5,24.4,0.0,0.0,토마토,5kg,7,5,1,10660.0,10780.0,-0.1924242424242424,11860.0,31.04285714285714,0.0
2025-07-12,30.3,36.5,24.4,0.0,0.0,토마토,5kg,7,5,1,0.0,13740.0,-1.0,10320.0,30.814285714285713,0.0
2025-07-14,24.2,28.1,21.7,13.6,9940.0,토마토,5kg,7,0,0,12520.0,10660.0,inf,6720.0,28.157142857142855,9.066666666666675
2025-07-15,23.6,25.9,21.5,4.0,12920.0,토마토,5kg,7,1,0,9940.0,13200.0,-0.20607028753993606,6617.142857142857,27.214285714285715,10.40000000000001
2025-07-15,23.6,25.9,21.5,4.0,10400.0,토마토,5kg,7,1,0,12920.0,10660.0,0.2997987927565393,6577.142857142857,26.271428571428572,7.20000000000001
2025-07-16,23.3,24.8,22.2,73.1,13040.0,토마토,5kg,7,2,0,10400.0,0.0,-0.195046439628483,6540.0,25.271428571428572,27.033333333333342
2025-07-16,23.3,24.8,22.2,73.1,10540.0,토마토,5kg,7,2,0,13040.0,0.0,0.25384615384615383,8402.857142857143,24.271428571428572,50.06666666666667
2025-07-17,23.3,24.4,22.0,75.5,12880.0,토마토,5kg,7,3,0,10540.0,0.0,-0.19171779141104295,9908.57142857143,23.642857142857142,73.9
2025-07-17,23.3,24.4,22.0,75.5,10380.0,토마토,5kg,7,3,0,12880.0,12520.0,0.2220113851992409,11748.57142857143,23.514285714285716,74.7
2025-07-18,24.7,27.2,22.9,16.1,13160.0,토마토,5kg,7,4,0,10380.0,9940.0,-0.19409937888198758,11442.857142857143,23.585714285714285,55.70000000000001
2025-07-18,24.7,27.2,22.9,16.1,10480.0,토마토,5kg,7,4,0,13160.0,12920.0,0.2678227360308285,11902.857142857143,23.742857142857144,35.90000000000001
2025-07-19,23.9,25.8,21.9,84.0,0.0,토마토,5kg,7,5,1,10480.0,10400.0,-0.2036474164133738,11554.285714285714,23.785714285714285,38.73333333333334
2025-07-19,23.9,25.8,21.9,84.0,0.0,토마토,5kg,7,5,1,0.0,13040.0,-1.0,10068.57142857143,23.87142857142857,61.366666666666674
2025-07-21,28.5,31.6,25.6,0.0,10720.0,토마토,5kg,7,0,0,13400.0,10380.0,inf,6774.285714285715,25.985714285714284,4.933333333333343
2025-07-22,28.8,32.2,26.6,0.1,14100.0,토마토,5kg,7,1,0,10720.0,13160.0,-0.19999999999999996,6822.857142857143,26.571428571428573,0.03333333333334281
2025-07-22,28.8,32.2,26.6,0.1,10720.0,토마토,5kg,7,1,0,14100.0,10480.0,0.3152985074626866,6957.142857142857,27.157142857142855,0.06666666666667614
2025-07-23,28.9,33.3,25.5,0.0,15300.0,토마토,5kg,7,2,0,10720.0,0.0,-0.2397163120567376,6991.428571428572,27.871428571428574,0.06666666666667614
2025-07-23,28.9,33.3,25.5,0.0,11680.0,토마토,5kg,7,2,0,15300.0,0.0,0.4272388059701493,9177.142857142857,28.585714285714285,0.03333333333334281
2025-07-24,29.8,34.1,25.8,0.0,17460.0,토마토,5kg,7,3,0,11680.0,0.0,-0.23660130718954253,10845.714285714286,28.885714285714283,0.0
2025-07-24,29.8,34.1,25.8,0.0,13440.0,토마토,5kg,7,3,0,17460.0,13400.0,0.49486301369863006,13340.0,29.071428571428573,0.0
2025-07-25,31.1,36.3,25.6,0.0,19240.0,토마토,5kg,7,4,0,13440.0,10720.0,-0.23024054982817865,13345.714285714286,29.442857142857143,0.0
2025-07-25,31.1,36.3,25.6,0.0,15020.0,토마토,5kg,7,4,0,19240.0,14100.0,0.43154761904761907,14562.857142857143,29.771428571428572,0.0
2025-07-26,32.3,37.1,27.6,0.0,0.0,토마토,5kg,7,5,1,15020.0,10720.0,-0.21933471933471937,14694.285714285714,30.27142857142857,0.0
2025-07-26,32.3,37.1,27.6,0.0,0.0,토마토,5kg,7,5,1,0.0,15300.0,-1.0,13162.857142857143,30.75714285714286,0.0
2025-07-28,32.2,36.4,28.8,0.0,15880.0,토마토,5kg,7,0,0,19920.0,13440.0,inf,9660.0,32.0,0.0
2025-07-29,32.0,36.7,27.6,0.0,20320.0,토마토,5kg,7,1,0,15880.0,19240.0,-0.20281124497991965,10008.57142857143,32.128571428571426,0.0
2025-07-29,32.0,36.7,27.6,0.0,16360.0,토마토,5kg,7,1,0,20320.0,15020.0,0.2795969773299749,10162.857142857143,32.25714285714286,0.0
2025-07-30,32.1,36.3,28.3,0.0,20900.0,토마토,5kg,7,2,0,16360.0,0.0,-0.19488188976377951,10354.285714285714,32.22857142857143,0.0
2025-07-30,32.1,36.3,28.3,0.0,16700.0,토마토,5kg,7,2,0,20900.0,0.0,0.27750611246943757,13340.0,32.2,0.0
2025-07-31,30.9,34.6,29.3,0.0,22140.0,토마토,5kg,7,3,0,16700.0,0.0,-0.2009569377990431,15725.714285714286,31.928571428571434,0.0
2025-07-31,30.9,34.6,29.3,0.0,17700.0,토마토,5kg,7,3,0,22140.0,19920.0,0.3257485029940119,18888.571428571428,31.74285714285714,0.0
2025-08-01,31.0,35.1,27.8,0.0,21040.0,토마토,5kg,8,4,0,17700.0,15880.0,-0.20054200542005418,18571.428571428572,31.571428571428573,0.0
2025-08-01,31.0,35.1,27.8,0.0,16480.0,토마토,5kg,8,4,0,21040.0,20320.0,0.18870056497175147,19308.571428571428,31.428571428571427,0.0
2025-08-02,31.2,36.2,27.3,0.0,0.0,토마토,5kg,8,5,1,16480.0,16360.0,-0.21673003802281365,18760.0,31.314285714285717,0.0
2025-08-02,31.2,36.2,27.3,0.0,0.0,토마토,5kg,8,5,1,0.0,20900.0,-1.0,16422.85714285714,31.185714285714283,0.0
2025-08-04,28.1,33.9,23.7,1.9,15100.0,토마토,5kg,8,0,0,19360.0,17700.0,inf,10654.285714285714,29.914285714285715,1.7000000000000093
2025-08-05,29.1,33.5,25.4,0.0,18120.0,토마토,5kg,8,1,0,15100.0,21040.0,-0.2200413223140496,10282.857142857143,29.642857142857142,1.2666666666666762
2025-08-05,29.1,33.5,25.4,0.0,14500.0,토마토,5kg,8,1,0,18120.0,16480.0,0.19999999999999996,9865.714285714286,29.37142857142857,0.6333333333333427
2025-08-06,27.1,29.3,25.8,22.0,17320.0,토마토,5kg,8,2,0,14500.0,0.0,-0.19977924944812364,9582.857142857143,28.785714285714285,7.333333333333343
2025-08-06,27.1,29.3,25.8,22.0,13660.0,토마토,5kg,8,2,0,17320.0,0.0,0.19448275862068964,12057.142857142857,28.2,14.666666666666677
2025-08-07,28.2,32.3,25.4,0.0,17320.0,토마토,5kg,8,3,0,13660.0,0.0,-0.21131639722863738,14008.57142857143,28.114285714285717,14.666666666666677
2025-08-07,28.2,32.3,25.4,0.0,13660.0,토마토,5kg,8,3,0,17320.0,19360.0,0.2679355783308932,16482.85714285714,28.12857142857143,7.333333333333343
2025-08-08,26.6,30.2,23.9,6.3,16240.0,토마토,5kg,8,4,0,13660.0,15100.0,-0.21131639722863738,15668.57142857143,27.914285714285715,2.1000000000000094
2025-08-08,26.6,30.2,23.9,6.3,13580.0,토마토,5kg,8,4,0,16240.0,18120.0,0.1888726207906295,15831.42857142857,27.557142857142857,4.200000000000009
2025-08-09,24.9,26.4,23.1,3.5,0.0,토마토,5kg,8,5,1,13580.0,14500.0,-0.1637931034482759,15182.857142857143,26.957142857142856,5.366666666666677
2025-08-09,24.9,26.4,23.1,3.5,0.0,토마토,5kg,8,5,1,0.0,17320.0,-1.0,13111.42857142857,26.642857142857142,4.4333333333333425
2025-08-11,27.0,29.5,25.0,0.0,12380.0,토마토,5kg,8,0,0,14760.0,13660.0,inf,8320.0,26.32857142857143,0.0
2025-08-12,28.6,34.1,23.3,0.0,14600.0,토마토,5kg,8,1,0,12380.0,16240.0,-0.1612466124661247,8137.142857142857,26.614285714285717,0.0
2025-08-12,28.6,34.1,23.3,0.0,11940.0,토마토,5kg,8,1,0,14600.0,13580.0,0.17932148626817446,7902.857142857143,26.9,0.0
2025-08-13,25.1,27.1,22.0,126.7,14760.0,토마토,5kg,8,2,0,11940.0,0.0,-0.18219178082191778,7668.571428571428,26.928571428571427,42.23333333333334
2025-08-13,25.1,27.1,22.0,126.7,11940.0,토마토,5kg,8,2,0,14760.0,0.0,0.2361809045226131,9777.142857142857,26.95714285714286,84.46666666666668
2025-08-14,25.5,26.9,24.2,47.8,14760.0,토마토,5kg,8,3,0,11940.0,0.0,-0.19105691056910568,11482.857142857143,26.7,100.40000000000002
2025-08-14,25.5,26.9,24.2,47.8,11940.0,토마토,5kg,8,3,0,14760.0,14760.0,0.2361809045226131,13591.42857142857,26.485714285714288,74.10000000000001
2025-08-15,27.1,30.9,24.4,0.0,0.0,토마토,5kg,8,4,0,11940.0,12380.0,-0.19105691056910568,13188.57142857143,26.5,31.866666666666674
2025-08-15,27.1,30.9,24.4,0.0,0.0,토마토,5kg,8,4,0,0.0,14600.0,-1.0,11420.0,26.285714285714285,15.933333333333342
2025-08-18,28.9,32.9,27.0,2.2,14660.0,토마토,5kg,8,0,0,17660.0,14760.0,inf,6337.142857142857,27.728571428571428,1.4666666666666763
2025-08-19,29.1,32.3,26.9,0.0,20720.0,토마토,5kg,8,1,0,14660.0,11940.0,-0.16987542468856176,6322.857142857143,28.24285714285714,1.4666666666666763
2025-08-19,29.1,32.3,26.9,0.0,17520.0,토마토,5kg,8,1,0,20720.0,0.0,0.41336971350613916,7577.142857142857,28.52857142857143,0.7333333333333428
2025-08-20,29.4,32.8,26.9,0.0,22220.0,토마토,5kg,8,2,0,17520.0,0.0,-0.15444015444015446,10080.0,28.857142857142858,0.0
2025-08-20,29.4,32.8,26.9,0.0,18780.0,토마토,5kg,8,2,0,22220.0,0.0,0.2682648401826484,13254.285714285714,29.02857142857143,0.0
2025-08-21,29.8,34.3,27.4,0.0,24620.0,토마토,5kg,8,3,0,18780.0,0.0,-0.15481548154815483,15937.142857142857,29.22857142857143,0.0
2025-08-21,29.8,34.3,27.4,0.0,20580.0,토마토,5kg,8,3,0,24620.0,17660.0,0.31096911608093714,19454.285714285714,29.357142857142858,0.0
2025-08-22,29.4,33.5,26.1,0.0,24660.0,토마토,5kg,8,4,0,20580.0,14660.0,-0.16409423233143783,19871.428571428572,29.428571428571427,0.0
2025-08-22,29.4,33.5,26.1,0.0,20880.0,토마토,5kg,8,4,0,24660.0,20720.0,0.1982507288629738,21300.0,29.47142857142857,0.0
2025-08-23,29.3,32.2,27.4,0.0,0.0,토마토,5kg,8,5,1,20880.0,17520.0,-0.15328467153284675,21322.85714285714,29.5,0.0
2025-08-23,29.3,32.2,27.4,0.0,0.0,토마토,5kg,8,5,1,0.0,22220.0,-1.0,18820.0,29.485714285714288,0.0
2025-08-25,28.7,32.2,26.3,17.1,19860.0,토마토,5kg,8,0,0,23720.0,20580.0,inf,12834.285714285714,29.285714285714285,11.400000000000011
2025-08-26,27.6,31.8,25.5,5.4,22780.0,토마토,5kg,8,1,0,19860.0,24660.0,-0.16273187183811133,12731.42857142857,29.02857142857143,13.20000000000001
2025-08-26,27.6,31.8,25.5,5.4,19160.0,토마토,5kg,8,1,0,22780.0,20880.0,0.14702920443101708,12462.857142857143,28.77142857142857,9.30000000000001
2025-08-27,26.7,30.8,23.6,0.0,23180.0,토마토,5kg,8,2,0,19160.0,0.0,-0.15891132572431954,12217.142857142857,28.400000000000002,3.60000000000001
2025-08-27,26.7,30.8,23.6,0.0,19500.0,토마토,5kg,8,2,0,23180.0,0.0,0.20981210855949906,15528.57142857143,28.02857142857143,1.8000000000000096
2025-08-28,28.3,31.0,24.7,0.0,21980.0,토마토,5kg,8,3,0,19500.0,0.0,-0.15875754961173427,18314.285714285714,27.75714285714286,0.0
2025-08-28,28.3,31.0,24.7,0.0,18840.0,토마토,5kg,8,3,0,21980.0,23720.0,0.12717948717948713,21454.285714285714,27.699999999999996,0.0
2025-08-29,29.0,32.8,27.3,32.2,21920.0,토마토,5kg,8,4,0,18840.0,19860.0,-0.1428571428571429,20757.14285714286,27.74285714285714,10.733333333333343
2025-08-29,29.0,32.8,27.3,32.2,18900.0,토마토,5kg,8,4,0,21920.0,22780.0,0.16348195329087045,21051.428571428572,27.942857142857147,21.46666666666668
2025-08-30,28.4,31.8,25.8,23.9,0.0,토마토,5kg,8,5,1,18900.0,19160.0,-0.13777372262773724,20497.14285714286,28.057142857142853,29.433333333333348
2025-08-30,28.4,31.8,25.8,23.9,0.0,토마토,5kg,8,5,1,0.0,23180.0,-1.0,17760.0,28.3,26.666666666666675
2025-09-01,26.1,28.2,24.4,20.4,16640.0,토마토,5kg,9,0,0,19720.0,18840.0,inf,11340.0,27.928571428571427,13.600000000000009
2025-09-02,26.0,30.6,22.0,0.0,18980.0,토마토,5kg,9,1,0,16640.0,21920.0,-0.15618661257606492,11025.714285714286,27.5,13.600000000000009
2025-09-02,26.0,30.6,22.0,0.0,16240.0,토마토,5kg,9,1,0,18980.0,18900.0,0.140625,10605.714285714286,27.071428571428573,6.800000000000009
2025-09-03,27.6,32.1,22.6,0.0,19900.0,토마토,5kg,9,2,0,16240.0,0.0,-0.14436248682824027,10225.714285714286,26.95714285714286,0.0
2025-09-03,27.6,32.1,22.6,0.0,16600.0,토마토,5kg,9,2,0,19900.0,0.0,0.22536945812807874,13068.57142857143,26.842857142857145,0.0
2025-09-04,25.8,29.8,22.8,44.2,19260.0,토마토,5kg,9,3,0,16600.0,0.0,-0.16582914572864327,15440.0,26.45714285714286,14.733333333333343
2025-09-04,25.8,29.8,22.8,44.2,16140.0,토마토,5kg,9,3,0,19260.0,19720.0,0.16024096385542164,18191.428571428572,26.414285714285715,29.46666666666668
2025-09-05,27.9,33.0,23.5,0.0,19460.0,토마토,5kg,9,4,0,16140.0,16640.0,-0.161993769470405,17680.0,26.671428571428574,29.46666666666668
2025-09-05,27.9,33.0,23.5,0.0,16340.0,토마토,5kg,9,4,0,19460.0,18980.0,0.20570012391573722,18082.85714285714,26.942857142857143,14.733333333333343
2025-09-06,26.8,30.4,25.4,36.1,0.0,토마토,5kg,9,5,1,16340.0,16240.0,-0.1603288797533402,17705.714285714286,27.057142857142857,12.033333333333344
2025-09-06,26.8,30.4,25.4,36.1,0.0,토마토,5kg,9,5,1,0.0,19900.0,-1.0,15385.714285714286,26.942857142857143,24.066666666666677
2025-09-08,24.4,29.5,20.6,0.0,15540.0,토마토,5kg,9,0,0,18260.0,16140.0,inf,10028.57142857143,26.214285714285715,0.06666666666667614
2025-09-09,23.7,26.9,21.4,0.0,17340.0,토마토,5kg,9,1,0,15540.0,19460.0,-0.14895947426067913,9942.857142857143,25.614285714285717,0.0
2025-09-09,23.7,26.9,21.4,0.0,14940.0,토마토,5kg,9,1,0,17340.0,16340.0,0.11583011583011582,9640.0,25.014285714285712,0.0
2025-09-10,24.8,31.5,18.4,0.0,19080.0,토마토,5kg,9,2,0,14940.0,0.0,-0.1384083044982699,9440.0,24.72857142857143,0.0
2025-09-10,24.8,31.5,18.4,0.0,16740.0,토마토,5kg,9,2,0,19080.0,0.0,0.27710843373493965,12165.714285714286,24.442857142857143,0.0
2025-09-11,25.8,31.7,19.9,0.0,19040.0,토마토,5kg,9,3,0,16740.0,0.0,-0.12264150943396224,14557.142857142857,24.514285714285712,0.0
2025-09-11,25.8,31.7,19.9,0.0,16720.0,토마토,5kg,9,3,0,19040.0,18260.0,0.13739545997610514,17277.14285714286,24.714285714285715,0.0
2025-09-12,23.9,26.3,21.1,6.8,21940.0,토마토,5kg,9,4,0,16720.0,15540.0,-0.12184873949579833,17057.14285714286,24.642857142857142,2.266666666666676
2025-09-12,23.9,26.3,21.1,6.8,19380.0,토마토,5kg,9,4,0,21940.0,17340.0,0.31220095693779903,17971.428571428572,24.671428571428574,4.533333333333343
2025-09-13,23.3,27.6,20.4,63.7,0.0,토마토,5kg,9,5,1,19380.0,14940.0,-0.11668185961713762,18262.85714285714,24.614285714285717,25.766666666666676
2025-09-13,23.3,27.6,20.4,63.7,0.0,토마토,5kg,9,5,1,0.0,19080.0,-1.0,16128.57142857143,24.4,44.73333333333335
2025-09-15,25.7,30.7,20.8,0.0,21320.0,토마토,5kg,9,0,0,24280.0,16720.0,inf,11760.0,24.371428571428574,0.0
2025-09-16,23.7,27.1,22.2,17.5,27460.0,토마토,5kg,9,1,0,21320.0,21940.0,-0.12191103789126856,12417.142857142857,24.342857142857145,5.833333333333343
2025-09-16,23.7,27.1,22.2,17.5,23180.0,토마토,5kg,9,1,0,27460.0,19380.0,0.2879924953095685,13205.714285714286,24.314285714285713,11.666666666666677
2025-09-17,22.7,24.0,21.2,52.7,29540.0,토마토,5kg,9,2,0,23180.0,0.0,-0.15586307356154405,13748.57142857143,24.228571428571428,29.233333333333345
2025-09-17,22.7,24.0,21.2,52.7,25700.0,토마토,5kg,9,2,0,29540.0,0.0,0.2743744607420189,17968.571428571428,24.142857142857142,40.966666666666676
2025-09-18,22.1,26.0,19.6,0.0,31640.0,토마토,5kg,9,3,0,25700.0,0.0,-0.12999322951929582,21640.0,23.757142857142856,35.13333333333335
2025-09-18,22.1,26.0,19.6,0.0,27020.0,토마토,5kg,9,3,0,31640.0,24280.0,0.23112840466926077,26160.0,23.24285714285714,17.566666666666677
2025-09-19,19.4,21.4,17.9,13.8,31020.0,토마토,5kg,9,4,0,27020.0,21320.0,-0.14601769911504425,26551.428571428572,22.342857142857145,4.600000000000009
2025-09-19,19.4,21.4,17.9,13.8,26700.0,토마토,5kg,9,4,0,31020.0,27460.0,0.14803849000740188,27937.14285714286,21.728571428571428,9.20000000000001
2025-09-20,20.0,23.6,17.5,35.3,0.0,토마토,5kg,9,5,1,26700.0,23180.0,-0.13926499032882012,27828.571428571428,21.2,20.966666666666676
2025-09-20,20.0,23.6,17.5,35.3,0.0,토마토,5kg,9,5,1,0.0,29540.0,-1.0,24517.14285714286,20.814285714285713,28.13333333333334
2025-09-22,21.3,25.1,17.6,0.0,26320.0,토마토,5kg,9,0,0,30320.0,27020.0,inf,16437.14285714286,20.428571428571427,0.0
2025-09-23,22.7,26.8,19.2,0.0,30980.0,토마토,5kg,9,1,0,26320.0,31020.0,-0.13192612137203164,16337.142857142857,20.9,0.0
2025-09-23,22.7,26.8,19.2,0.0,26400.0,토마토,5kg,9,1,0,30980.0,26700.0,0.1770516717325228,16331.42857142857,21.37142857142857,0.0
2025-09-24,22.0,23.7,20.4,35.2,29700.0,토마토,5kg,9,2,0,26400.0,0.0,-0.1478373143963848,16288.57142857143,21.657142857142855,11.733333333333343
2025-09-24,22.0,23.7,20.4,35.2,24820.0,토마토,5kg,9,2,0,29700.0,0.0,0.125,20531.428571428572,21.942857142857143,23.46666666666668
2025-09-25,22.5,26.4,20.2,0.3,27720.0,토마토,5kg,9,3,0,24820.0,0.0,-0.1643097643097643,24077.14285714286,22.071428571428573,23.566666666666677
2025-09-25,22.5,26.4,20.2,0.3,24240.0,토마토,5kg,9,3,0,27720.0,30320.0,0.11684125705076553,28037.14285714286,22.24285714285714,11.933333333333344
2025-09-26,21.7,27.1,17.8,0.0,27520.0,토마토,5kg,9,4,0,24240.0,26320.0,-0.1255411255411255,27168.571428571428,22.3,0.20000000000000948
2025-09-26,21.7,27.1,17.8,0.0,24120.0,토마토,5kg,9,4,0,27520.0,30980.0,0.13531353135313529,27340.0,22.157142857142855,0.10000000000000947
2025-09-27,22.5,27.2,17.6,0.0,0.0,토마토,5kg,9,5,1,24120.0,26400.0,-0.12354651162790697,26360.0,22.12857142857143,0.0
2025-09-27,22.5,27.2,17.6,0.0,0.0,토마토,5kg,9,5,1,0.0,29700.0,-1.0,22588.571428571428,22.2,0.0
2025-09-29,19.6,23.9,16.6,0.0,21160.0,토마토,5kg,9,0,0,24420.0,24240.0,inf,14328.57142857143,21.08571428571429,14.833333333333343
2025-09-30,19.8,24.0,17.3,0.0,23540.0,토마토,5kg,9,1,0,21160.0,27520.0,-0.13349713349713355,13888.57142857143,20.814285714285717,0.0
2025-09-30,19.8,24.0,17.3,0.0,20740.0,토마토,5kg,9,1,0,23540.0,24120.0,0.11247637051039705,13320.0,20.542857142857144,0.0
2025-10-01,20.5,25.6,16.7,0.0,22740.0,토마토,5kg,10,2,0,20740.0,0.0,-0.11894647408666104,12837.142857142857,20.25714285714286,0.0
2025-10-01,20.5,25.6,16.7,0.0,20000.0,토마토,5kg,10,2,0,22740.0,0.0,0.0964320154291225,16085.714285714286,19.97142857142857,0.0
2025-10-02,21.4,25.8,17.3,0.0,21740.0,토마토,5kg,10,3,0,20000.0,0.0,-0.12049252418645562,18942.85714285714,20.17142857142857,0.0
2025-10-02,21.4,25.8,17.3,0.0,19080.0,토마토,5kg,10,3,0,21740.0,24420.0,0.08699999999999997,22048.571428571428,20.428571428571427,0.0
2025-10-03,21.2,22.3,19.8,0.8,0.0,토마토,5kg,10,4,0,19080.0,21160.0,-0.12235510579576814,21285.714285714286,20.657142857142855,0.26666666666667616
2025-10-03,21.2,22.3,19.8,0.8,0.0,토마토,5kg,10,4,0,0.0,23540.0,-1.0,18262.85714285714,20.857142857142858,0.5333333333333429
2025-10-10,17.0,17.7,16.0,49.3,17640.0,토마토,5kg,10,4,0,20120.0,0.0,inf,2874.285714285714,19.428571428571427,32.866666666666674
2025-10-11,20.3,23.8,17.3,22.5,0.0,토마토,5kg,10,5,1,17640.0,0.0,-0.12326043737574555,5394.285714285715,19.728571428571428,40.366666666666674
2025-10-11,20.3,23.8,17.3,22.5,0.0,토마토,5kg,10,5,1,0.0,0.0,-1.0,5394.285714285715,19.5,31.43333333333334
2025-10-13,15.7,18.3,13.9,25.1,17240.0,토마토,5kg,10,0,0,19680.0,0.0,inf,8205.714285714286,17.857142857142858,16.766666666666676
2025-10-14,17.9,20.9,14.4,0.6,20200.0,토마토,5kg,10,1,0,17240.0,20120.0,-0.12398373983739841,10668.57142857143,17.985714285714288,16.933333333333344
2025-10-14,17.9,20.9,14.4,0.6,17520.0,토마토,5kg,10,1,0,20200.0,17640.0,0.17169373549883993,10680.0,18.114285714285714,8.766666666666676
2025-10-15,20.2,25.3,16.1,1.5,20420.0,토마토,5kg,10,2,0,17520.0,0.0,-0.13267326732673268,10662.857142857143,18.1,0.9000000000000096
2025-10-15,20.2,25.3,16.1,1.5,17760.0,토마토,5kg,10,2,0,20420.0,0.0,0.16552511415525117,13580.0,18.085714285714285,1.2000000000000093
2025-10-16,20.2,24.8,17.0,1.3,20420.0,토마토,5kg,10,3,0,17760.0,0.0,-0.13026444662095982,16117.142857142857,18.257142857142856,1.4333333333333431
2025-10-16,20.2,24.8,17.0,1.3,17760.0,토마토,5kg,10,3,0,20420.0,19680.0,0.14977477477477485,19034.285714285714,18.900000000000002,1.3666666666666762
2025-10-17,19.9,24.8,15.6,11.3,22180.0,토마토,5kg,10,4,0,17760.0,17240.0,-0.13026444662095982,18760.0,19.5,4.6333333333333435
2025-10-17,19.9,24.8,15.6,11.3,18840.0,토마토,5kg,10,4,0,22180.0,20200.0,0.24887387387387383,19465.714285714286,19.785714285714285,7.9666666666666766
2025-10-18,15.8,18.6,14.2,11.2,0.0,토마토,5kg,10,5,1,18840.0,17520.0,-0.15058611361587015,19271.428571428572,19.485714285714288,11.266666666666675
2025-10-18,15.8,18.6,14.2,11.2,0.0,토마토,5kg,10,5,1,0.0,20420.0,-1.0,16768.571428571428,18.857142857142858,11.233333333333343
2025-10-20,10.0,16.5,5.3,0.0,19220.0,토마토,5kg,10,0,0,22180.0,17760.0,inf,11565.714285714286,15.12857142857143,0.0
2025-10-21,9.2,14.1,4.8,0.0,22260.0,토마토,5kg,10,1,0,19220.0,22180.0,-0.133453561767358,11774.285714285714,13.599999999999998,0.0
2025-10-21,9.2,14.1,4.8,0.0,19180.0,토마토,5kg,10,1,0,22260.0,18840.0,0.15816857440166499,11785.714285714286,12.071428571428571,0.0
2025-10-22,13.1,18.6,6.6,0.0,22660.0,토마토,5kg,10,2,0,19180.0,0.0,-0.1383647798742138,11834.285714285714,11.685714285714285,0.0
2025-10-22,13.1,18.6,6.6,0.0,19160.0,토마토,5kg,10,2,0,22660.0,0.0,0.18143899895724713,15071.42857142857,11.3,0.0
2025-10-23,14.9,19.6,11.8,0.0,23740.0,토마토,5kg,10,3,0,19160.0,0.0,-0.1544571932921448,17808.571428571428,11.357142857142856,0.0
2025-10-23,14.9,19.6,11.8,0.0,19700.0,토마토,5kg,10,3,0,23740.0,22180.0,0.23903966597077253,21200.0,12.057142857142859,0.0
2025-10-24,15.8,21.5,11.3,0.0,24280.0,토마토,5kg,10,4,0,19700.0,19220.0,-0.1701769165964616,20845.714285714286,12.885714285714286,0.0
2025-10-24,15.8,21.5,11.3,0.0,19900.0,토마토,5kg,10,4,0,24280.0,22260.0,0.23248730964467001,21568.571428571428,13.828571428571431,0.0
2025-10-25,14.4,17.7,12.6,0.0,0.0,토마토,5kg,10,5,1,19900.0,19180.0,-0.18039538714991765,21231.428571428572,14.571428571428571,0.0
2025-10-25,14.4,17.7,12.6,0.0,0.0,토마토,5kg,10,5,1,0.0,22660.0,-1.0,18491.428571428572,14.757142857142858,0.0
2025-10-27,8.1,12.2,3.7,0.0,20300.0,토마토,5kg,10,0,0,24820.0,19700.0,inf,12671.42857142857,12.685714285714285,0.16666666666667673
2025-10-28,8.5,14.4,3.0,0.0,26980.0,토마토,5kg,10,1,0,20300.0,24280.0,-0.18211120064464137,12757.142857142857,11.642857142857142,0.0
2025-10-28,8.5,14.4,3.0,0.0,22260.0,토마토,5kg,10,1,0,26980.0,19900.0,0.3290640394088671,13142.857142857143,10.599999999999998,0.0
2025-10-29,11.4,18.3,6.2,0.0,28180.0,토마토,5kg,10,2,0,22260.0,0.0,-0.17494440326167526,13480.0,10.171428571428573,0.0
2025-10-29,11.4,18.3,6.2,0.0,23100.0,토마토,5kg,10,2,0,28180.0,0.0,0.265947888589398,17505.714285714286,9.742857142857142,0.0
2025-10-30,12.8,18.2,7.7,0.0,28400.0,토마토,5kg,10,3,0,23100.0,0.0,-0.18026969481902055,20805.714285714286,9.828571428571427,0.0
2025-10-30,12.8,18.2,7.7,0.0,24120.0,토마토,5kg,10,3,0,28400.0,24820.0,0.22943722943722933,24862.85714285714,10.5,0.0
2025-10-31,15.1,20.7,11.3,0.1,28600.0,토마토,5kg,10,4,0,24120.0,20300.0,-0.1507042253521127,24762.85714285714,11.5,0.0333333333333434
2025-10-31,15.1,20.7,11.3,0.1,24220.0,토마토,5kg,10,4,0,28600.0,26980.0,0.18573797678275294,25948.571428571428,12.442857142857145,0.06666666666667674
2025-11-01,12.9,17.7,10.5,2.4,0.0,토마토,5kg,11,5,1,24220.0,22260.0,-0.15314685314685317,25554.285714285714,13.071428571428571,0.8666666666666768
2025-11-01,12.9,17.7,10.5,2.4,0.0,토마토,5kg,11,5,1,0.0,28180.0,-1.0,22374.285714285714,13.285714285714286,1.6333333333333435
2025-11-03,7.2,14.7,0.5,0.0,23680.0,토마토,5kg,11,0,0,29120.0,24120.0,inf,15151.42857142857,11.200000000000001,0.06666666666667674
2025-11-04,10.2,16.3,5.5,0.0,29040.0,토마토,5kg,11,1,0,23680.0,28600.0,-0.18681318681318682,15088.57142857143,10.5,0.0
2025-11-04,10.2,16.3,5.5,0.0,24180.0,토마토,5kg,11,1,0,29040.0,24220.0,0.22635135135135132,15151.42857142857,9.8,0.0
2025-11-05,11.6,19.0,5.7,0.0,29780.0,토마토,5kg,11,2,0,24180.0,0.0,-0.1673553719008265,15145.714285714286,9.614285714285714,0.0
2025-11-05,11.6,19.0,5.7,0.0,24920.0,토마토,5kg,11,2,0,29780.0,0.0,0.23159636062861866,19400.0,9.428571428571429,0.0
2025-11-06,12.5,18.8,7.3,0.0,31160.0,토마토,5kg,11,3,0,24920.0,0.0,-0.1631967763599731,22960.0,10.071428571428571,0.0
2025-11-06,12.5,18.8,7.3,0.0,27000.0,토마토,5kg,11,3,0,31160.0,29120.0,0.2504012841091492,27411.428571428572,10.828571428571427,0.0
2025-11-07,13.9,19.9,8.3,0.0,31300.0,토마토,5kg,11,4,0,27000.0,23680.0,-0.13350449293966626,27108.571428571428,11.785714285714286,0.0
2025-11-07,13.9,19.9,8.3,0.0,27700.0,토마토,5kg,11,4,0,31300.0,29040.0,0.1592592592592592,28197.14285714286,12.314285714285715,0.0
2025-11-08,14.5,17.0,12.3,0.0,0.0,토마토,5kg,11,5,1,27700.0,24180.0,-0.11501597444089462,28005.714285714286,12.928571428571429,0.0
2025-11-08,14.5,17.0,12.3,0.0,0.0,토마토,5kg,11,5,1,0.0,29780.0,-1.0,24551.428571428572,13.342857142857143,0.0
2025-11-10,8.3,12.7,5.4,0.0,27620.0,토마토,5kg,11,0,0,30740.0,27000.0,inf,16677.14285714286,12.414285714285715,0.0
2025-11-11,8.9,15.1,3.9,0.0,30400.0,토마토,5kg,11,1,0,27620.0,31300.0,-0.10149642160052053,16765.714285714286,11.7,0.0
2025-11-11,8.9,15.1,3.9,0.0,27480.0,토마토,5kg,11,1,0,30400.0,27700.0,0.10065170166545978,16637.14285714286,10.985714285714286,0.0
2025-11-12,10.8,17.7,6.0,0.0,30620.0,토마토,5kg,11,2,0,27480.0,0.0,-0.09605263157894739,16605.714285714286,10.457142857142857,0.0
2025-11-12,10.8,17.7,6.0,0.0,27120.0,토마토,5kg,11,2,0,30620.0,0.0,0.11426491994177579,20980.0,9.928571428571429,0.0
2025-11-13,11.1,17.6,6.7,0.0,30380.0,토마토,5kg,11,3,0,27120.0,0.0,-0.1143043762246897,24854.285714285714,9.585714285714287,0.0
2025-11-13,11.1,17.6,6.7,0.0,26920.0,토마토,5kg,11,3,0,30380.0,30740.0,0.12020648967551617,29194.285714285714,9.985714285714286,0.0
2025-11-14,9.1,15.1,4.5,0.0,29860.0,토마토,5kg,11,4,0,26920.0,27620.0,-0.11389071757735347,28648.571428571428,10.1,0.0
2025-11-14,9.1,15.1,4.5,0.0,26380.0,토마토,5kg,11,4,0,29860.0,30400.0,0.1092124814264488,28968.571428571428,10.128571428571428,0.0
2025-11-15,9.8,17.5,3.6,0.0,0.0,토마토,5kg,11,5,1,26380.0,27480.0,-0.116543871399866,28394.285714285714,10.257142857142856,0.0
2025-11-15,9.8,17.5,3.6,0.0,0.0,토마토,5kg,11,5,1,0.0,30620.0,-1.0,24468.571428571428,10.114285714285714,0.0
2025-11-17,3.2,9.7,-0.7,0.0,25280.0,토마토,5kg,11,0,0,28660.0,26920.0,inf,15974.285714285714,7.971428571428572,0.10000000000001007
2025-11-18,1.6,6.5,-2.0,0.0,28460.0,토마토,5kg,11,1,0,25280.0,29860.0,-0.11793440334961613,15740.0,6.9,0.0
2025-11-18,1.6,6.5,-2.0,0.0,25280.0,토마토,5kg,11,1,0,28460.0,26380.0,0.12579113924050622,15540.0,5.828571428571428,0.0
2025-11-19,3.0,8.6,-1.6,0.0,27840.0,토마토,5kg,11,2,0,25280.0,0.0,-0.11173576950105413,15382.857142857143,4.857142857142857,0.0
2025-11-19,3.0,8.6,-1.6,0.0,24360.0,토마토,5kg,11,2,0,27840.0,0.0,0.10126582278481022,19360.0,3.8857142857142857,0.0
2025-11-20,7.4,14.6,1.6,0.0,26620.0,토마토,5kg,11,3,0,24360.0,0.0,-0.125,22840.0,3.2857142857142856,0.0
2025-11-20,7.4,14.6,1.6,0.0,23500.0,토마토,5kg,11,3,0,26620.0,28660.0,0.09277504105090317,26642.85714285714,3.885714285714286,0.0
2025-11-21,7.4,12.5,1.0,0.0,26260.0,토마토,5kg,11,4,0,23500.0,25280.0,-0.11720510894064617,25905.714285714286,4.485714285714286,0.0
2025-11-21,7.4,12.5,1.0,0.0,23140.0,토마토,5kg,11,4,0,26260.0,28460.0,0.11744680851063838,26045.714285714286,5.314285714285715,0.0
2025-11-22,9.6,15.1,5.4,0.0,0.0,토마토,5kg,11,5,1,23140.0,25280.0,-0.1188118811881188,25285.714285714286,6.457142857142857,0.0
2025-11-22,9.6,15.1,5.4,0.0,0.0,토마토,5kg,11,5,1,0.0,27840.0,-1.0,21674.285714285714,7.3999999999999995,0.0
2025-11-24,12.4,16.8,9.6,0.0,22600.0,토마토,5kg,11,0,0,25400.0,23500.0,inf,14042.857142857143,9.957142857142857,0.0
2025-11-25,7.4,9.6,5.3,7.8,23880.0,토마토,5kg,11,1,0,22600.0,26260.0,-0.11023622047244097,13914.285714285714,9.957142857142857,2.60000000000001
2025-11-25,7.4,9.6,5.3,7.8,21120.0,토마토,5kg,11,1,0,23880.0,23140.0,0.05663716814159292,13574.285714285714,9.957142857142857,5.20000000000001
2025-11-26,6.4,10.9,3.5,0.0,21560.0,토마토,5kg,11,2,0,21120.0,0.0,-0.11557788944723613,13285.714285714286,9.5,5.20000000000001
2025-11-26,6.4,10.9,3.5,0.0,18440.0,토마토,5kg,11,2,0,21560.0,0.0,0.02083333333333326,16365.714285714286,9.042857142857143,2.60000000000001
2025-11-27,5.1,8.7,2.5,10.0,20940.0,토마토,5kg,11,3,0,18440.0,0.0,-0.1447124304267161,19000.0,8.214285714285715,3.3333333333333433
2025-11-27,5.1,8.7,2.5,10.0,17860.0,토마토,5kg,11,3,0,20940.0,25400.0,0.13557483731019526,21991.428571428572,7.171428571428572,6.666666666666676
2025-11-28,2.3,7.0,-1.3,0.0,20180.0,토마토,5kg,11,4,0,17860.0,22600.0,-0.14708691499522442,20914.285714285714,5.728571428571429,6.666666666666676
2025-11-28,2.3,7.0,-1.3,0.0,17240.0,토마토,5kg,11,4,0,20180.0,23880.0,0.12989921612542,20568.571428571428,5.0,3.3333333333333433
2025-11-29,5.7,9.3,0.3,0.1,0.0,토마토,5kg,11,5,1,17240.0,21120.0,-0.14568880079286417,19620.0,4.757142857142857,0.0333333333333434
2025-11-29,5.7,9.3,0.3,0.1,0.0,토마토,5kg,11,5,1,0.0,21560.0,-1.0,16602.85714285714,4.6571428571428575,0.06666666666667674
2025-12-01,5.5,12.2,2.3,0.0,16480.0,토마토,5kg,12,0,0,19420.0,17860.0,inf,10671.42857142857,5.628571428571429,0.0
2025-12-02,0.1,3.3,-5.4,0.0,19300.0,토마토,5kg,12,1,0,16480.0,20180.0,-0.15139031925849644,10474.285714285714,5.314285714285715,0.0
2025-12-02,0.1,3.3,-5.4,0.0,16540.0,토마토,5kg,12,1,0,19300.0,17240.0,0.17111650485436902,10348.57142857143,5.0,0.0
2025-12-03,-5.9,-2.8,-8.1,0.0,20020.0,토마토,5kg,12,2,0,16540.0,0.0,-0.14300518134715023,10248.57142857143,3.3428571428571425,0.0
2025-12-03,-5.9,-2.8,-8.1,0.0,17080.0,토마토,5kg,12,2,0,20020.0,0.0,0.21039903264812576,13108.57142857143,1.6857142857142857,0.0
2025-12-04,-3.2,3.5,-9.4,4.0,20060.0,토마토,5kg,12,3,0,17080.0,0.0,-0.14685314685314688,15548.57142857143,-0.5428571428571429,1.3333333333333435
2025-12-04,-3.2,3.5,-9.4,4.0,17020.0,토마토,5kg,12,3,0,20060.0,19420.0,0.17447306791569095,18414.285714285714,-1.7857142857142858,2.6666666666666767
2025-12-05,-2.6,2.5,-6.9,0.0,0.0,토마토,5kg,12,4,0,17020.0,16480.0,-0.15154536390827522,18071.428571428572,-2.942857142857143,2.6666666666666767
2025-12-05,-2.6,2.5,-6.9,0.0,0.0,토마토,5kg,12,4,0,0.0,19300.0,-1.0,15717.142857142857,-3.328571428571429,1.3333333333333435
2025-12-08,3.4,7.3,0.8,0.0,16440.0,토마토,5kg,12,0,0,19420.0,20060.0,inf,8071.428571428572,1.2571428571428573,0.0
2025-12-09,2.8,8.7,-2.4,0.0,19220.0,토마토,5kg,12,1,0,16440.0,17020.0,-0.15345005149330582,7554.285714285715,2.1142857142857143,0.0
2025-12-09,2.8,8.7,-2.4,0.0,16040.0,토마토,5kg,12,1,0,19220.0,0.0,0.16909975669099753,7868.571428571428,2.8857142857142857,0.0
2025-12-10,4.9,8.6,0.7,0.0,19020.0,토마토,5kg,12,2,0,16040.0,0.0,-0.16545265348595217,10160.0,3.9571428571428577,0.0
2025-12-10,4.9,8.6,0.7,0.0,15820.0,토마토,5kg,12,2,0,19020.0,0.0,0.18578553615960103,12877.142857142857,4.357142857142857,0.0
2025-12-11,4.0,8.4,-1.8,12.9,18340.0,토마토,5kg,12,3,0,15820.0,0.0,-0.16824395373291268,15137.142857142857,3.742857142857143,4.3000000000000105
2025-12-11,4.0,8.4,-1.8,12.9,15740.0,토마토,5kg,12,3,0,18340.0,19420.0,0.15929203539823011,17757.14285714286,3.8285714285714287,8.60000000000001
2025-12-12,2.0,7.0,-3.6,0.0,18820.0,토마토,5kg,12,4,0,15740.0,16440.0,-0.1417666303162486,17231.428571428572,3.6285714285714286,8.60000000000001
2025-12-12,2.0,7.0,-3.6,0.0,16340.0,토마토,5kg,12,4,0,18820.0,19220.0,0.19567979669631508,17571.428571428572,3.5142857142857147,4.3000000000000105
2025-12-13,2.6,4.5,-0.8,9.5,0.0,토마토,5kg,12,5,1,16340.0,16040.0,-0.1317747077577046,17160.0,3.485714285714286,3.1666666666666767
2025-12-13,2.6,4.5,-0.8,9.5,0.0,토마토,5kg,12,5,1,0.0,19020.0,-1.0,14868.57142857143,3.157142857142857,6.333333333333343
2025-12-15,0.7,4.5,-3.5,0.0,16840.0,토마토,5kg,12,0,0,19400.0,15740.0,inf,10042.857142857143,1.5,0.0333333333333434
2025-12-16,3.8,5.0,2.1,2.1,19560.0,토마토,5kg,12,1,0,16840.0,18820.0,-0.1319587628865979,10200.0,1.7571428571428573,0.7000000000000101
2025-12-16,3.8,5.0,2.1,2.1,16940.0,토마토,5kg,12,1,0,19560.0,16340.0,0.16152019002375306,10305.714285714286,2.0142857142857142,1.4000000000000101
2025-12-17,4.2,7.6,1.2,0.0,19240.0,토마토,5kg,12,2,0,16940.0,0.0,-0.13394683026584864,10391.42857142857,2.242857142857143,1.4000000000000101
2025-12-17,4.2,7.6,1.2,0.0,16900.0,토마토,5kg,12,2,0,19240.0,0.0,0.13577331759149946,13140.0,2.471428571428571,0.7000000000000101
2025-12-18,2.3,8.5,-1.9,0.0,19020.0,토마토,5kg,12,3,0,16900.0,0.0,-0.1216216216216216,15554.285714285714,2.814285714285714,0.0
2025-12-18,2.3,8.5,-1.9,0.0,16720.0,토마토,5kg,12,3,0,19020.0,19400.0,0.12544378698224845,18271.428571428572,3.0428571428571423,0.0
2025-12-19,4.9,9.9,-0.7,0.0,19520.0,토마토,5kg,12,4,0,16720.0,16840.0,-0.12092534174553105,17888.571428571428,3.642857142857143,0.0
2025-12-19,4.9,9.9,-0.7,0.0,16740.0,토마토,5kg,12,4,0,19520.0,19560.0,0.16746411483253598,18271.428571428572,3.8000000000000003,0.0
2025-12-20,7.3,10.7,1.0,0.3,0.0,토마토,5kg,12,5,1,16740.0,16940.0,-0.14241803278688525,17868.571428571428,4.3,0.10000000000001007
2025-12-20,7.3,10.7,1.0,0.3,0.0,토마토,5kg,12,5,1,0.0,19240.0,-1.0,15448.57142857143,4.742857142857142,0.20000000000001006
2025-12-22,-0.7,5.1,-5.9,0.0,17120.0,토마토,5kg,12,0,0,19500.0,16720.0,inf,10354.285714285714,3.1285714285714286,0.0
2025-12-23,2.6,4.3,0.1,10.8,19340.0,토마토,5kg,12,1,0,17120.0,19520.0,-0.12205128205128202,10411.42857142857,2.8,3.6000000000000103
2025-12-23,2.6,4.3,0.1,10.8,17040.0,토마토,5kg,12,1,0,19340.0,16740.0,0.12967289719626174,10385.714285714286,2.4714285714285715,7.20000000000001
2025-12-24,2.8,6.3,-1.0,0.0,19780.0,토마토,5kg,12,2,0,17040.0,0.0,-0.11892450879007244,10428.57142857143,1.8285714285714285,7.20000000000001
2025-12-24,2.8,6.3,-1.0,0.0,16820.0,토마토,5kg,12,2,0,19780.0,0.0,0.16079812206572774,13254.285714285714,1.1857142857142855,3.6000000000000103
2025-12-25,-3.6,0.0,-8.9,0.0,0.0,토마토,5kg,12,3,0,16820.0,0.0,-0.14964610717896865,15657.142857142857,0.8285714285714284,0.0
2025-12-25,-3.6,0.0,-8.9,0.0,0.0,토마토,5kg,12,3,0,0.0,19500.0,-1.0,15657.142857142857,0.4142857142857141,0.0
2025-12-26,-8.2,-4.0,-11.8,0.0,16760.0,토마토,5kg,12,4,0,19500.0,19340.0,inf,13211.42857142857,-2.2,0.0
2025-12-27,-2.6,0.5,-8.3,0.0,0.0,토마토,5kg,12,5,1,16760.0,17040.0,-0.14051282051282055,12842.857142857143,-2.942857142857143,0.0
2025-12-27,-2.6,0.5,-8.3,0.0,0.0,토마토,5kg,12,5,1,0.0,19780.0,-1.0,10408.57142857143,-3.7142857142857144,0.0
2025-12-29,4.9,9.1,-0.1,0.3,16420.0,토마토,5kg,12,0,0,19080.0,0.0,inf,7905.714285714285,-1.2285714285714282,0.40000000000001007
2025-12-30,-0.5,3.8,-3.7,0.0,19020.0,토마토,5kg,12,1,0,16420.0,19500.0,-0.13941299790356398,10251.42857142857,-0.12857142857142836,0.20000000000001006
2025-12-30,-0.5,3.8,-3.7,0.0,16420.0,토마토,5kg,12,1,0,19020.0,16760.0,0.1583434835566382,10182.857142857143,0.9714285714285715,0.10000000000001007
2025-12-31,-5.6,-1.2,-8.9,0.0,18200.0,토마토,5kg,12,2,0,16420.0,0.0,-0.13669821240799163,10134.285714285714,0.5428571428571429,0.0
2025-12-31,-5.6,-1.2,-8.9,0.0,15620.0,토마토,5kg,12,2,0,18200.0,0.0,0.10840438489646775,12734.285714285714,0.11428571428571452,0.0
2026-01-01,-7.4,-2.1,-10.5,0.0,0.0,토마토,5kg,1,3,0,15620.0,0.0,-0.1417582417582418,14965.714285714286,-1.4,0.0
2026-01-01,-7.4,-2.1,-10.5,0.0,0.0,토마토,5kg,1,3,0,0.0,19080.0,-1.0,14965.714285714286,-3.1571428571428575,0.0
2026-01-02,-8.0,-3.8,-11.4,0.0,15620.0,토마토,5kg,1,4,0,18120.0,19020.0,inf,12482.857142857143,-6.071428571428571,0.0
2026-01-03,-4.7,0.0,-9.8,0.0,0.0,토마토,5kg,1,5,1,15620.0,16420.0,-0.13796909492273735,11997.142857142857,-6.671428571428571,0.0
2026-01-03,-4.7,0.0,-9.8,0.0,0.0,토마토,5kg,1,5,1,0.0,18200.0,-1.0,9651.42857142857,-6.542857142857143,0.0
2026-01-05,-1.9,1.8,-4.6,0.0,15320.0,토마토,5kg,1,0,0,18000.0,0.0,inf,7391.428571428572,-4.142857142857143,0.0
2026-01-06,-0.9,3.9,-7.0,0.0,17460.0,토마토,5kg,1,1,0,15320.0,18120.0,-0.14888888888888885,9580.0,-3.1285714285714286,0.0
2026-01-06,-0.9,3.9,-7.0,0.0,14520.0,토마토,5kg,1,1,0,17460.0,15620.0,0.13968668407310703,9485.714285714286,-2.1142857142857143,0.0
2026-01-07,-0.2,3.1,-5.3,0.0,16980.0,토마토,5kg,1,2,0,14520.0,0.0,-0.16838487972508587,9328.57142857143,-1.4714285714285715,0.0
2026-01-07,-0.2,3.1,-5.3,0.0,14220.0,토마토,5kg,1,2,0,16980.0,0.0,0.16942148760330578,11754.285714285714,-0.8285714285714285,0.0
2026-01-08,-5.1,-1.1,-8.2,0.0,17120.0,토마토,5kg,1,3,0,14220.0,0.0,-0.16254416961130747,13785.714285714286,-1.5857142857142856,0.0
2026-01-08,-5.1,-1.1,-8.2,0.0,14500.0,토마토,5kg,1,3,0,17120.0,18000.0,0.20393811533052042,16231.42857142857,-2.0428571428571427,0.0
2026-01-09,-0.3,4.6,-6.7,0.0,16700.0,토마토,5kg,1,4,0,14500.0,15320.0,-0.1530373831775701,15731.42857142857,-1.8142857142857143,0.0
2026-01-09,-0.3,4.6,-6.7,0.0,13840.0,토마토,5kg,1,4,0,16700.0,17460.0,0.15172413793103456,15928.57142857143,-1.7285714285714284,0.0
2026-01-10,2.0,7.4,-4.7,1.7,0.0,토마토,5kg,1,5,1,13840.0,14520.0,-0.1712574850299401,15411.42857142857,-1.3142857142857143,0.5666666666666768
2026-01-10,2.0,7.4,-4.7,1.7,0.0,토마토,5kg,1,5,1,0.0,16980.0,-1.0,13337.142857142857,-0.9999999999999998,1.1333333333333433
2026-01-12,-3.8,1.2,-10.2,2.7,14060.0,토마토,5kg,1,0,0,16820.0,14500.0,inf,8837.142857142857,-1.5571428571428572,1.8000000000000103
2026-01-13,-3.3,1.9,-8.1,0.0,16540.0,토마토,5kg,1,1,0,14060.0,16700.0,-0.164090368608799,8774.285714285714,-1.9857142857142855,1.8000000000000103
2026-01-13,-3.3,1.9,-8.1,0.0,13980.0,토마토,5kg,1,1,0,16540.0,13840.0,0.17638691322901856,8751.42857142857,-2.414285714285714,0.9000000000000101
2026-01-14,-3.3,1.5,-9.4,0.0,16700.0,토마토,5kg,1,2,0,13980.0,0.0,-0.15477629987908104,8771.42857142857,-3.1714285714285713,0.0
2026-01-14,-3.3,1.5,-9.4,0.0,13700.0,토마토,5kg,1,2,0,16700.0,0.0,0.19456366237482126,11157.142857142857,-3.9285714285714284,0.0
2026-01-15,4.7,10.2,0.8,0.0,16620.0,토마토,5kg,1,3,0,13700.0,0.0,-0.17964071856287422,13114.285714285714,-2.3,0.0
2026-01-15,4.7,10.2,0.8,0.0,13920.0,토마토,5kg,1,3,0,16620.0,16820.0,0.21313868613138687,15488.57142857143,-1.0857142857142856,0.0
2026-01-16,3.6,9.4,0.9,0.0,16860.0,토마토,5kg,1,4,0,13920.0,14060.0,-0.16245487364620936,15074.285714285714,-0.028571428571428407,0.0
2026-01-16,3.6,9.4,0.9,0.0,13980.0,토마토,5kg,1,4,0,16860.0,16540.0,0.2112068965517242,15474.285714285714,0.9571428571428573,0.0
2026-01-17,0.2,4.9,-2.8,0.0,0.0,토마토,5kg,1,5,1,13980.0,13980.0,-0.1708185053380783,15108.57142857143,1.457142857142857,0.0
2026-01-17,0.2,4.9,-2.8,0.0,0.0,토마토,5kg,1,5,1,0.0,16700.0,-1.0,13111.42857142857,1.9571428571428573,0.0
2026-01-19,-3.9,1.5,-9.8,1.0,14220.0,토마토,5kg,1,0,0,17140.0,13920.0,inf,8842.857142857143,0.02857142857142866,0.6666666666666767
2026-01-20,-8.4,-3.3,-11.8,0.0,17140.0,토마토,5kg,1,1,0,14220.0,16860.0,-0.17036172695449237,8885.714285714286,-1.6857142857142857,0.6666666666666767
2026-01-20,-8.4,-3.3,-11.8,0.0,14220.0,토마토,5kg,1,1,0,17140.0,13980.0,0.20534458509142062,8925.714285714286,-3.3999999999999995,0.3333333333333434
2026-01-21,-9.7,-5.2,-12.2,0.0,15940.0,토마토,5kg,1,2,0,14220.0,0.0,-0.17036172695449237,8960.0,-4.814285714285714,0.0
2026-01-21,-9.7,-5.2,-12.2,0.0,13180.0,토마토,5kg,1,2,0,15940.0,0.0,0.1209563994374121,11237.142857142857,-6.228571428571429,0.0
2026-01-22,-9.1,-4.2,-13.2,0.0,15960.0,토마토,5kg,1,3,0,13180.0,0.0,-0.1731493099121706,13120.0,-7.5857142857142845,0.0
2026-01-22,-9.1,-4.2,-13.2,0.0,13160.0,토마토,5kg,1,3,0,15960.0,17140.0,0.2109256449165402,15400.0,-8.328571428571427,0.0
2026-01-23,-5.0,0.2,-11.4,2.2,15560.0,토마토,5kg,1,4,0,13160.0,14220.0,-0.17543859649122806,14831.42857142857,-8.485714285714286,0.7333333333333435
2026-01-23,-5.0,0.2,-11.4,2.2,12720.0,토마토,5kg,1,4,0,15560.0,17140.0,0.18237082066869292,15022.857142857143,-7.999999999999999,1.4666666666666768
2026-01-24,-5.3,-1.4,-8.8,0.0,0.0,토마토,5kg,1,5,1,12720.0,14220.0,-0.18251928020565555,14391.42857142857,-7.557142857142857,1.4666666666666768
2026-01-24,-5.3,-1.4,-8.8,0.0,0.0,토마토,5kg,1,5,1,0.0,15940.0,-1.0,12360.0,-6.928571428571429,0.7333333333333435
2026-01-26,-4.2,-0.3,-8.0,0.0,13640.0,토마토,5kg,1,0,0,16540.0,13160.0,inf,8282.857142857143,-5.0,0.0
2026-01-27,-4.4,-0.1,-7.4,0.0,16860.0,토마토,5kg,1,1,0,13640.0,15560.0,-0.1753325272067715,8351.42857142857,-4.914285714285714,0.0
2026-01-27,-4.4,-0.1,-7.4,0.0,14020.0,토마토,5kg,1,1,0,16860.0,12720.0,0.23607038123167157,8537.142857142857,-4.828571428571428,0.0
2026-01-28,-5.4,-0.8,-9.4,0.0,17380.0,토마토,5kg,1,2,0,14020.0,0.0,-0.16844602609727166,8722.857142857143,-4.8428571428571425,0.0
2026-01-28,-5.4,-0.8,-9.4,0.0,14660.0,토마토,5kg,1,2,0,17380.0,0.0,0.23965763195435086,11205.714285714286,-4.857142857142857,0.0
2026-01-29,-5.2,-0.3,-8.7,0.0,17660.0,토마토,5kg,1,3,0,14660.0,0.0,-0.15650172612197932,13300.0,-4.742857142857143,0.0
2026-01-29,-5.2,-0.3,-8.7,0.0,14280.0,토마토,5kg,1,3,0,17660.0,16540.0,0.2046384720327421,15822.857142857143,-4.885714285714286,0.0
2026-01-30,-6.4,-1.8,-9.2,0.0,17600.0,토마토,5kg,1,4,0,14280.0,13640.0,-0.19139297848244619,15500.0,-5.2,0.0
2026-01-30,-6.4,-1.8,-9.2,0.0,14780.0,토마토,5kg,1,4,0,17600.0,16860.0,0.23249299719887961,16065.714285714286,-5.485714285714287,0.0
2026-01-31,-4.1,1.7,-9.5,0.0,0.0,토마토,5kg,1,5,1,14780.0,14020.0,-0.16022727272727277,15768.57142857143,-5.442857142857142,0.0
2026-01-31,-4.1,1.7,-9.5,0.0,0.0,토마토,5kg,1,5,1,0.0,17380.0,-1.0,13765.714285714286,-5.257142857142857,0.0
2026-02-02,-2.1,1.0,-4.3,2.4,14980.0,토마토,5kg,2,0,0,18120.0,14280.0,inf,9254.285714285714,-3.8857142857142857,1.60000000000001
2026-02-03,-0.9,5.6,-7.6,0.0,18380.0,토마토,5kg,2,1,0,14980.0,17600.0,-0.17328918322295805,9354.285714285714,-3.1,1.60000000000001
2026-02-03,-0.9,5.6,-7.6,0.0,15040.0,토마토,5kg,2,1,0,18380.0,14780.0,0.2269692923898532,9465.714285714286,-2.314285714285714,0.80000000000001
2026-02-04,2.8,5.7,0.9,0.0,18460.0,토마토,5kg,2,2,0,15040.0,0.0,-0.18171926006528838,9502.857142857143,-1.328571428571428,0.0
2026-02-04,2.8,5.7,0.9,0.0,15480.0,토마토,5kg,2,2,0,18460.0,0.0,0.2273936170212767,12140.0,-0.34285714285714264,0.0
2026-02-05,3.6,10.1,-2.8,0.0,18880.0,토마토,5kg,2,3,0,15480.0,0.0,-0.161430119176598,14351.42857142857,0.45714285714285735,0.0
2026-02-05,3.6,10.1,-2.8,0.0,15780.0,토마토,5kg,2,3,0,18880.0,18120.0,0.21963824289405687,17048.571428571428,1.2714285714285718,0.0
2026-02-06,-6.0,-2.4,-8.3,0.0,18960.0,토마토,5kg,2,4,0,15780.0,14980.0,-0.16419491525423724,16714.285714285714,0.7142857142857145,0.0
2026-02-06,-6.0,-2.4,-8.3,0.0,16240.0,토마토,5kg,2,4,0,18960.0,18380.0,0.20152091254752857,17282.85714285714,-0.014285714285713982,0.0
2026-02-07,-8.1,-4.0,-10.8,0.0,0.0,토마토,5kg,2,5,1,16240.0,15040.0,-0.14345991561181437,16977.14285714286,-1.0428571428571425,0.0
2026-02-07,-8.1,-4.0,-10.8,0.0,0.0,토마토,5kg,2,5,1,0.0,18460.0,-1.0,14828.57142857143,-2.599999999999999,0.0
2026-02-09,-3.1,4.4,-10.1,0.0,15960.0,토마토,5kg,2,0,0,18740.0,15780.0,inf,9960.0,-6.0857142857142845,0.0
2026-02-10,1.4,4.8,-2.5,0.8,18400.0,토마토,5kg,2,1,0,15960.0,18960.0,-0.14834578441835644,9985.714285714286,-5.028571428571428,0.26666666666667677
2026-02-10,1.4,4.8,-2.5,0.8,15600.0,토마토,5kg,2,1,0,18400.0,16240.0,0.1528822055137844,9905.714285714286,-3.971428571428571,0.5333333333333434
2026-02-11,2.7,6.9,0.0,0.0,18280.0,토마토,5kg,2,2,0,15600.0,0.0,-0.15217391304347827,9814.285714285714,-2.428571428571428,0.5333333333333434
2026-02-11,2.7,6.9,0.0,0.0,15500.0,토마토,5kg,2,2,0,18280.0,0.0,0.17179487179487185,12425.714285714286,-0.8857142857142851,0.26666666666667677
2026-02-12,2.8,8.5,-2.7,0.0,18580.0,토마토,5kg,2,3,0,15500.0,0.0,-0.15207877461706787,14640.0,0.6857142857142862,0.0
2026-02-12,2.8,8.5,-2.7,0.0,15420.0,토마토,5kg,2,3,0,18580.0,18740.0,0.19870967741935486,17294.285714285714,1.528571428571429,0.0
2026-02-13,5.3,7.8,3.5,0.0,18440.0,토마토,5kg,2,4,0,15420.0,15960.0,-0.170075349838536,16820.0,2.7285714285714286,0.0
2026-02-13,5.3,7.8,3.5,0.0,15440.0,토마토,5kg,2,4,0,18440.0,18400.0,0.19584954604409854,17174.285714285714,3.285714285714286,0.0
2026-02-14,7.8,12.8,4.2,0.0,0.0,토마토,5kg,2,5,1,15440.0,15600.0,-0.16268980477223427,16751.428571428572,4.2,0.0
2026-02-14,7.8,12.8,4.2,0.0,0.0,토마토,5kg,2,5,1,0.0,18280.0,-1.0,14522.857142857143,4.928571428571429,0.0
2026-02-19,2.1,8.4,-3.3,0.0,15440.0,토마토,5kg,2,3,0,18440.0,0.0,inf,2634.285714285714,2.1142857142857148,0.0
2026-02-20,6.3,13.8,-1.0,0.0,17440.0,토마토,5kg,2,4,0,15440.0,0.0,-0.16268980477223427,4840.0,2.6714285714285717,0.0
2026-02-20,6.3,13.8,-1.0,0.0,14580.0,토마토,5kg,2,4,0,17440.0,0.0,0.1295336787564767,7331.428571428572,3.328571428571429,0.0
2026-02-21,10.7,18.4,3.7,0.0,0.0,토마토,5kg,2,5,1,14580.0,0.0,-0.16399082568807344,9414.285714285714,4.614285714285715,0.0
2026-02-21,10.7,18.4,3.7,0.0,0.0,토마토,5kg,2,5,1,0.0,0.0,-1.0,9414.285714285714,5.8,0.0
2026-02-23,1.8,5.7,-1.4,0.0,13860.0,토마토,5kg,2,0,0,16660.0,15440.0,inf,9160.0,6.571428571428571,0.0
2026-02-24,2.8,5.9,0.5,0.0,16660.0,토마토,5kg,2,1,0,13860.0,17440.0,-0.16806722689075626,8934.285714285714,6.071428571428571,0.0
2026-02-24,2.8,5.9,0.5,0.0,13680.0,토마토,5kg,2,1,0,16660.0,14580.0,0.202020202020202,8822.857142857143,5.571428571428572,0.0
2026-02-25,7.4,16.1,-1.3,0.0,17040.0,토마토,5kg,2,2,0,13680.0,0.0,-0.17887154861944776,8694.285714285714,5.1000000000000005,0.0
2026-02-25,7.4,16.1,-1.3,0.0,14120.0,토마토,5kg,2,2,0,17040.0,0.0,0.2456140350877194,11128.57142857143,4.628571428571429,0.0
2026-02-26,8.3,13.7,3.1,0.0,16860.0,토마토,5kg,2,3,0,14120.0,0.0,-0.17136150234741787,13145.714285714286,4.614285714285715,0.0
2026-02-26,8.3,13.7,3.1,0.0,13940.0,토마토,5kg,2,3,0,16860.0,16660.0,0.19405099150141636,15554.285714285714,5.542857142857144,0.0
2026-02-27,9.6,14.8,6.1,0.0,16900.0,토마토,5kg,2,4,0,13940.0,13860.0,-0.17319098457888493,15165.714285714286,6.6571428571428575,0.0
2026-02-27,9.6,14.8,6.1,0.0,13880.0,토마토,5kg,2,4,0,16900.0,16660.0,0.2123385939741751,15600.0,7.628571428571429,0.0
2026-02-28,9.3,17.2,2.2,0.0,0.0,토마토,5kg,2,5,1,13880.0,13680.0,-0.17869822485207099,15202.857142857143,8.557142857142859,0.0
2026-02-28,9.3,17.2,2.2,0.0,0.0,토마토,5kg,2,5,1,0.0,17040.0,-1.0,13248.57142857143,8.82857142857143,0.0
2026-03-03,5.9,11.8,2.0,1.3,14900.0,토마토,5kg,3,1,0,17700.0,13880.0,inf,4511.428571428572,7.0428571428571445,4.933333333333343
2026-03-04,6.0,12.0,0.7,0.0,18100.0,토마토,5kg,3,2,0,14900.0,0.0,-0.1581920903954802,4657.142857142857,6.571428571428571,0.8666666666666768
2026-03-04,6.0,12.0,0.7,0.0,15320.0,토마토,5kg,3,2,0,18100.0,0.0,0.21476510067114085,7242.857142857143,6.1000000000000005,0.4333333333333434
2026-03-05,6.0,13.2,1.4,15.5,17840.0,토마토,5kg,3,3,0,15320.0,0.0,-0.1535911602209945,9431.42857142857,5.657142857142858,5.166666666666677
2026-03-05,6.0,13.2,1.4,15.5,14540.0,토마토,5kg,3,3,0,17840.0,0.0,0.164490861618799,11980.0,5.814285714285715,10.333333333333343
2026-03-06,1.9,3.8,-0.4,0.0,18620.0,토마토,5kg,3,4,0,14540.0,0.0,-0.18497757847533636,14057.142857142857,5.385714285714286,10.333333333333343
2026-03-06,1.9,3.8,-0.4,0.0,15760.0,토마토,5kg,3,4,0,18620.0,17700.0,0.28060522696011003,16717.14285714286,4.814285714285715,5.166666666666677
2026-03-07,1.0,6.2,-2.9,0.0,0.0,토마토,5kg,3,5,1,15760.0,14900.0,-0.15359828141783027,16440.0,4.114285714285715,0.0
2026-03-07,1.0,6.2,-2.9,0.0,0.0,토마토,5kg,3,5,1,0.0,18100.0,-1.0,14311.42857142857,3.400000000000001,0.0
2026-03-09,4.5,8.1,2.0,0.0,15180.0,토마토,5kg,3,0,0,18380.0,14540.0,inf,9614.285714285714,2.400000000000001,0.0
2026-03-10,3.9,10.0,-0.6,0.0,18100.0,토마토,5kg,3,1,0,15180.0,18620.0,-0.17410228509249182,9705.714285714286,2.6857142857142864,0.0
2026-03-10,3.9,10.0,-0.6,0.0,15340.0,토마토,5kg,3,1,0,18100.0,15760.0,0.19235836627140968,9631.42857142857,2.971428571428572,0.0
2026-03-11,4.5,10.0,0.1,0.0,18400.0,토마토,5kg,3,2,0,15340.0,0.0,-0.15248618784530388,9571.42857142857,3.471428571428572,0.0
2026-03-11,4.5,10.0,0.1,0.0,15360.0,토마토,5kg,3,2,0,18400.0,0.0,0.19947848761408093,12200.0,3.971428571428572,0.0
2026-03-12,7.1,13.8,0.7,0.0,18060.0,토마토,5kg,3,3,0,15360.0,0.0,-0.16521739130434787,14394.285714285714,4.700000000000001,0.0
2026-03-12,7.1,13.8,0.7,0.0,15200.0,토마토,5kg,3,3,0,18060.0,18380.0,0.17578125,16974.285714285714,5.071428571428571,0.0
2026-03-13,7.6,13.6,2.3,0.0,18060.0,토마토,5kg,3,4,0,15200.0,15180.0,-0.15836101882613507,16520.0,5.514285714285714,0.0
2026-03-13,7.6,13.6,2.3,0.0,15220.0,토마토,5kg,3,4,0,18060.0,18100.0,0.18815789473684208,16931.428571428572,6.042857142857144,0.0
2026-03-14,8.1,13.4,4.9,0.0,0.0,토마토,5kg,3,5,1,15220.0,15340.0,-0.15725359911406422,16520.0,6.642857142857144,0.0
2026-03-14,8.1,13.4,4.9,0.0,0.0,토마토,5kg,3,5,1,0.0,18400.0,-1.0,14328.57142857143,7.157142857142857,0.0
2026-03-16,7.4,13.8,1.8,0.0,15540.0,토마토,5kg,3,0,0,18380.0,15200.0,inf,9551.42857142857,7.6571428571428575,0.0333333333333434
2026-03-17,8.8,15.7,2.3,0.0,18420.0,토마토,5kg,3,1,0,15540.0,18060.0,-0.1545157780195865,9600.0,7.828571428571429,0.0
2026-03-17,8.8,15.7,2.3,0.0,15660.0,토마토,5kg,3,1,0,18420.0,15220.0,0.1853281853281854,9651.42857142857,8.0,0.0
2026-03-18,6.8,9.4,4.2,4.8,18180.0,토마토,5kg,3,2,0,15660.0,0.0,-0.14983713355048855,9714.285714285714,7.814285714285716,1.60000000000001
2026-03-18,6.8,9.4,4.2,4.8,15380.0,토마토,5kg,3,2,0,18180.0,0.0,0.16091954022988508,12311.42857142857,7.628571428571429,3.20000000000001
2026-03-19,6.1,12.9,1.4,0.0,18500.0,토마토,5kg,3,3,0,15380.0,0.0,-0.15401540154015403,14508.57142857143,7.442857142857144,3.20000000000001
2026-03-19,6.1,12.9,1.4,0.0,15900.0,토마토,5kg,3,3,0,18500.0,18380.0,0.20286085825747735,17151.428571428572,7.257142857142857,1.60000000000001
2026-03-20,7.5,13.9,2.5,0.0,18500.0,토마토,5kg,3,4,0,15900.0,15540.0,-0.14054054054054055,16797.14285714286,7.271428571428572,0.0
2026-03-20,7.5,13.9,2.5,0.0,16060.0,토마토,5kg,3,4,0,18500.0,18420.0,0.16352201257861632,17220.0,7.085714285714287,0.0
2026-03-21,8.4,15.7,2.0,0.0,0.0,토마토,5kg,3,5,1,16060.0,15660.0,-0.13189189189189188,16882.85714285714,7.028571428571429,0.0
2026-03-21,8.4,15.7,2.0,0.0,0.0,토마토,5kg,3,5,1,0.0,18180.0,-1.0,14645.714285714286,7.257142857142858,0.0
2026-03-23,11.9,20.1,4.5,0.0,16580.0,토마토,5kg,3,0,0,19080.0,15900.0,inf,9934.285714285714,9.514285714285716,0.0
2026-03-24,12.9,18.7,8.2,0.0,18460.0,토마토,5kg,3,1,0,16580.0,18500.0,-0.1310272536687631,10031.42857142857,10.285714285714286,0.0
2026-03-24,12.9,18.7,8.2,0.0,15900.0,토마토,5kg,3,1,0,18460.0,16060.0,0.11338962605548852,10025.714285714286,11.057142857142859,0.0
2026-03-25,12.8,19.7,8.7,0.0,18640.0,토마토,5kg,3,2,0,15900.0,0.0,-0.13867822318526546,10002.857142857143,11.685714285714285,0.0
2026-03-25,12.8,19.7,8.7,0.0,16100.0,토마토,5kg,3,2,0,18640.0,0.0,0.1723270440251572,12665.714285714286,12.314285714285717,0.0
2026-03-26,12.1,19.5,6.6,0.0,18940.0,토마토,5kg,3,3,0,16100.0,0.0,-0.1362660944206009,14965.714285714286,12.471428571428573,0.0
2026-03-26,12.1,19.5,6.6,0.0,16200.0,토마토,5kg,3,3,0,18940.0,19080.0,0.17639751552795024,17671.428571428572,12.5,0.0
2026-03-27,11.4,18.2,5.9,0.0,18720.0,토마토,5kg,3,4,0,16200.0,16580.0,-0.14466737064413937,17260.0,12.428571428571429,0.0
2026-03-27,11.4,18.2,5.9,0.0,16040.0,토마토,5kg,3,4,0,18720.0,18460.0,0.15555555555555545,17565.714285714286,12.214285714285714,0.0
2026-03-28,12.2,20.5,6.0,0.0,0.0,토마토,5kg,3,5,1,16040.0,15900.0,-0.1431623931623932,17220.0,12.114285714285714,0.0
2026-03-28,12.2,20.5,6.0,0.0,0.0,토마토,5kg,3,5,1,0.0,18640.0,-1.0,14948.57142857143,12.028571428571428,0.0
2026-03-30,16.0,21.2,11.0,1.8,16040.0,토마토,5kg,3,0,0,18860.0,16200.0,inf,9974.285714285714,13.257142857142858,1.2000000000000102
2026-03-31,14.2,18.7,10.7,8.2,18600.0,토마토,5kg,3,1,0,16040.0,18720.0,-0.14952279957582182,9951.42857142857,13.657142857142857,3.933333333333343
2026-03-31,14.2,18.7,10.7,8.2,15920.0,토마토,5kg,3,1,0,18600.0,16040.0,0.15960099750623447,9934.285714285714,14.057142857142859,6.066666666666676
2026-04-01,13.3,18.0,9.3,0.0,19100.0,토마토,5kg,4,2,0,15920.0,0.0,-0.1440860215053763,9917.142857142857,14.214285714285714,5.466666666666676
2026-04-01,13.3,18.0,9.3,0.0,16580.0,토마토,5kg,4,2,0,19100.0,0.0,0.19974874371859297,12645.714285714286,14.37142857142857,2.733333333333343
2026-04-02,11.6,18.1,6.4,0.0,18800.0,토마토,5kg,4,3,0,16580.0,0.0,-0.13193717277486916,15014.285714285714,14.085714285714287,0.0
2026-04-02,11.6,18.1,6.4,0.0,16280.0,토마토,5kg,4,3,0,18800.0,18860.0,0.13389626055488546,17700.0,13.457142857142857,0.0
2026-04-03,14.7,22.3,7.3,0.0,18140.0,토마토,5kg,4,4,0,16280.0,16040.0,-0.1340425531914894,17331.428571428572,13.271428571428572,0.0
2026-04-03,14.7,22.3,7.3,0.0,15480.0,토마토,5kg,4,4,0,18140.0,18600.0,0.11425061425061434,17631.428571428572,13.342857142857143,0.0
2026-04-04,14.3,21.2,8.5,0.0,0.0,토마토,5kg,4,5,1,15480.0,15920.0,-0.14663726571113567,17185.714285714286,13.35714285714286,0.0
2026-04-04,14.3,21.2,8.5,0.0,0.0,토마토,5kg,4,5,1,0.0,19100.0,-1.0,14911.42857142857,13.5,0.0
2026-04-06,10.2,14.0,5.4,1.2,14520.0,토마토,5kg,4,0,0,17280.0,16280.0,inf,9597.142857142857,12.842857142857143,1.50000000000001
2026-04-07,8.2,14.0,3.3,0.0,17000.0,토마토,5kg,4,1,0,14520.0,18140.0,-0.1597222222222222,9345.714285714286,11.914285714285715,0.80000000000001
2026-04-07,8.2,14.0,3.3,0.0,14300.0,토마토,5kg,4,1,0,17000.0,15480.0,0.1707988980716253,9182.857142857143,10.985714285714286,0.40000000000001007
2026-04-08,10.3,16.6,3.5,0.0,17180.0,토마토,5kg,4,2,0,14300.0,0.0,-0.1588235294117647,9014.285714285714,10.414285714285715,0.0
2026-04-08,10.3,16.6,3.5,0.0,14340.0,토마토,5kg,4,2,0,17180.0,0.0,0.20139860139860133,11468.57142857143,9.842857142857143,0.0
