date,avg_ta,max_ta,min_ta,sum_rn,price,item_name,unit
2021-03-01,4.7,9.0,0.5,67.5,0.0,토마토,5kg
2021-03-01,4.7,9.0,0.5,67.5,0.0,토마토,5kg
2021-03-02,2.3,6.9,0.2,0.1,16990.0,토마토,5kg
2021-03-02,2.3,6.9,0.2,0.1,15140.0,토마토,5kg
2021-03-03,4.4,9.9,-1.2,0.0,17090.0,토마토,5kg
2021-03-03,4.4,9.9,-1.2,0.0,15240.0,토마토,5kg
2021-03-04,7.2,13.0,2.5,0.0,17190.0,토마토,5kg
2021-03-04,7.2,13.0,2.5,0.0,15340.0,토마토,5kg
2021-03-05,9.0,16.2,3.0,0.0,16790.0,토마토,5kg
2021-03-05,9.0,16.2,3.0,0.0,14940.0,토마토,5kg
2021-03-06,6.6,11.6,3.2,0.0,0.0,토마토,5kg
2021-03-06,6.6,11.6,3.2,0.0,0.0,토마토,5kg
2021-03-07,6.2,12.2,2.1,0.0,0.0,토마토,5kg
2021-03-08,7.0,13.9,1.5,0.0,14840.0,토마토,5kg
2021-03-08,7.0,13.9,1.5,0.0,16690.0,토마토,5kg
2021-03-09,6.6,12.2,2.1,0.0,16990.0,토마토,5kg
2021-03-09,6.6,12.2,2.1,0.0,15140.0,토마토,5kg
2021-03-10,8.8,17.1,1.7,0.0,17190.0,토마토,5kg
2021-03-10,8.8,17.1,1.7,0.0,15340.0,토마토,5kg
2021-03-11,10.2,17.1,4.7,0.0,17570.0,토마토,5kg
2021-03-11,10.2,17.1,4.7,0.0,15620.0,토마토,5kg
2021-03-12,10.5,14.9,7.2,0.0,18270.0,토마토,5kg
2021-03-12,10.5,14.9,7.2,0.0,16320.0,토마토,5kg
2021-03-13,9.2,14.2,4.6,0.0,0.0,토마토,5kg
2021-03-13,9.2,14.2,4.6,0.0,0.0,토마토,5kg
2021-03-14,9.1,14.7,4.9,0.0,0.0,토마토,5kg
2021-03-15,10.6,15.7,5.1,1.7,16890.0,토마토,5kg
2021-03-15,10.6,15.7,5.1,1.7,18840.0,토마토,5kg
2021-03-16,8.4,13.1,4.9,1.3,21570.0,토마토,5kg
2021-03-16,8.4,13.1,4.9,1.3,19650.0,토마토,5kg
2021-03-17,8.8,17.5,1.8,0.0,21570.0,토마토,5kg
2021-03-17,8.8,17.5,1.8,0.0,19650.0,토마토,5kg
2021-03-18,11.7,18.4,5.0,0.0,20590.0,토마토,5kg
2021-03-18,11.7,18.4,5.0,0.0,18640.0,토마토,5kg
2021-03-19,15.3,20.2,11.4,0.0,20990.0,토마토,5kg
2021-03-19,15.3,20.2,11.4,0.0,19040.0,토마토,5kg
2021-03-20,9.9,14.7,7.4,5.1,0.0,토마토,5kg
2021-03-20,9.9,14.7,7.4,5.1,0.0,토마토,5kg
2021-03-21,5.8,8.6,3.1,0.3,0.0,토마토,5kg
2021-03-22,6.2,11.1,1.1,0.0,18520.0,토마토,5kg
2021-03-22,6.2,11.1,1.1,0.0,20470.0,토마토,5kg
2021-03-23,9.1,16.4,2.5,0.0,20040.0,토마토,5kg
2021-03-23,9.1,16.4,2.5,0.0,18090.0,토마토,5kg
2021-03-24,10.8,16.9,5.7,0.0,19040.0,토마토,5kg
2021-03-24,10.8,16.9,5.7,0.0,17090.0,토마토,5kg
2021-03-25,11.9,19.0,6.8,0.0,18920.0,토마토,5kg
2021-03-25,11.9,19.0,6.8,0.0,16970.0,토마토,5kg
2021-03-26,12.6,20.6,4.8,0.0,18920.0,토마토,5kg
2021-03-26,12.6,20.6,4.8,0.0,16970.0,토마토,5kg
2021-03-27,12.1,15.0,10.2,25.5,0.0,토마토,5kg
2021-03-27,12.1,15.0,10.2,25.5,0.0,토마토,5kg
2021-03-28,9.0,13.0,7.7,9.2,0.0,토마토,5kg
2021-03-29,10.2,14.6,7.3,0.2,16520.0,토마토,5kg
2021-03-29,10.2,14.6,7.3,0.2,18470.0,토마토,5kg
2021-03-30,10.8,18.2,4.1,0.0,17670.0,토마토,5kg
2021-03-30,10.8,18.2,4.1,0.0,15720.0,토마토,5kg
2021-03-31,14.5,22.9,5.9,0.0,17670.0,토마토,5kg
2021-03-31,14.5,22.9,5.9,0.0,15720.0,토마토,5kg
2021-04-01,17.7,24.0,12.0,0.0,17870.0,토마토,5kg
2021-04-01,17.7,24.0,12.0,0.0,15920.0,토마토,5kg
2021-04-02,17.8,23.0,12.5,0.0,18170.0,토마토,5kg
2021-04-02,17.8,23.0,12.5,0.0,16220.0,토마토,5kg
2021-04-03,14.9,18.0,10.9,56.2,0.0,토마토,5kg
2021-04-03,14.9,18.0,10.9,56.2,0.0,토마토,5kg
2021-04-04,11.9,15.8,9.0,0.6,0.0,토마토,5kg
2021-04-05,11.9,19.3,5.4,0.0,15920.0,토마토,5kg
2021-04-05,11.9,19.3,5.4,0.0,17970.0,토마토,5kg
2021-04-06,13.9,19.2,9.4,0.0,17970.0,토마토,5kg
2021-04-06,13.9,19.2,9.4,0.0,15920.0,토마토,5kg
2021-04-07,14.1,20.4,8.1,0.0,17970.0,토마토,5kg
2021-04-07,14.1,20.4,8.1,0.0,15920.0,토마토,5kg
2021-04-08,13.0,18.0,7.2,0.0,17970.0,토마토,5kg
2021-04-08,13.0,18.0,7.2,0.0,15920.0,토마토,5kg
2021-04-09,13.6,19.6,7.6,0.0,17970.0,토마토,5kg
2021-04-09,13.6,19.6,7.6,0.0,15920.0,토마토,5kg
2021-04-10,12.6,18.8,7.7,0.0,0.0,토마토,5kg
2021-04-10,12.6,18.8,7.7,0.0,0.0,토마토,5kg
2021-04-11,15.0,21.8,7.5,0.0,0.0,토마토,5kg
2021-04-12,13.8,17.8,11.9,22.0,15140.0,토마토,5kg
2021-04-12,13.8,17.8,11.9,22.0,17190.0,토마토,5kg
2021-04-13,10.4,13.5,5.7,8.0,17220.0,토마토,5kg
2021-04-13,10.4,13.5,5.7,8.0,15170.0,토마토,5kg
2021-04-14,8.4,13.3,3.1,0.0,17220.0,토마토,5kg
2021-04-14,8.4,13.3,3.1,0.0,15170.0,토마토,5kg
2021-04-15,11.6,18.3,6.3,0.0,16770.0,토마토,5kg
2021-04-15,11.6,18.3,6.3,0.0,14720.0,토마토,5kg
2021-04-16,11.3,14.8,8.1,0.7,16570.0,토마토,5kg
2021-04-16,11.3,14.8,8.1,0.7,14520.0,토마토,5kg
2021-04-17,9.6,14.6,6.0,0.0,0.0,토마토,5kg
2021-04-17,9.6,14.6,6.0,0.0,0.0,토마토,5kg
2021-04-18,9.9,15.3,5.6,0.0,0.0,토마토,5kg
2021-04-19,12.2,19.4,5.8,0.0,14520.0,토마토,5kg
2021-04-19,12.2,19.4,5.8,0.0,16570.0,토마토,5kg
2021-04-20,14.8,22.0,8.1,0.0,16570.0,토마토,5kg
2021-04-20,14.8,22.0,8.1,0.0,14520.0,토마토,5kg
2021-04-21,19.1,28.2,10.3,0.0,16470.0,토마토,5kg
2021-04-21,19.1,28.2,10.3,0.0,14420.0,토마토,5kg
2021-04-22,20.9,27.5,16.1,0.0,17670.0,토마토,5kg
2021-04-22,20.9,27.5,16.1,0.0,15620.0,토마토,5kg
2021-04-23,19.0,21.7,17.0,0.0,16670.0,토마토,5kg
2021-04-23,19.0,21.7,17.0,0.0,14620.0,토마토,5kg
2021-04-24,18.3,22.2,15.3,0.0,0.0,토마토,5kg
2021-04-24,18.3,22.2,15.3,0.0,0.0,토마토,5kg
2021-04-25,18.2,24.0,12.6,0.0,0.0,토마토,5kg
2021-04-26,16.2,20.6,12.3,0.0,16490.0,토마토,5kg
2021-04-26,16.2,20.6,12.3,0.0,14440.0,토마토,5kg
2021-04-27,15.4,20.0,12.5,1.7,14390.0,토마토,5kg
2021-04-27,15.4,20.0,12.5,1.7,16440.0,토마토,5kg
2021-04-28,14.5,18.2,11.2,4.7,15940.0,토마토,5kg
2021-04-28,14.5,18.2,11.2,4.7,13890.0,토마토,5kg
2021-04-29,14.6,20.1,10.9,3.9,16240.0,토마토,5kg
2021-04-29,14.6,20.1,10.9,3.9,14190.0,토마토,5kg
2021-04-30,11.3,14.6,8.6,26.3,14970.0,토마토,5kg
2021-04-30,11.3,14.6,8.6,26.3,12920.0,토마토,5kg
2021-05-01,10.2,15.3,8.5,8.0,0.0,토마토,5kg
2021-05-01,10.2,15.3,8.5,8.0,0.0,토마토,5kg
2021-05-02,12.4,18.7,7.3,1.7,0.0,토마토,5kg
2021-05-03,14.1,20.3,8.4,0.0,14970.0,토마토,5kg
2021-05-03,14.1,20.3,8.4,0.0,12920.0,토마토,5kg
2021-05-04,13.8,15.8,11.4,19.6,12520.0,토마토,5kg
2021-05-04,13.8,15.8,11.4,19.6,14570.0,토마토,5kg
2021-05-05,13.9,18.4,10.3,0.1,0.0,토마토,5kg
2021-05-05,13.9,18.4,10.3,0.1,0.0,토마토,5kg
2021-05-06,15.7,23.1,7.9,0.0,13090.0,토마토,5kg
2021-05-06,15.7,23.1,7.9,0.0,11140.0,토마토,5kg
2021-05-07,14.4,17.2,10.7,8.8,13090.0,토마토,5kg
2021-05-07,14.4,17.2,10.7,8.8,11140.0,토마토,5kg
2021-05-08,14.3,21.0,8.9,0.0,0.0,토마토,5kg
2021-05-08,14.3,21.0,8.9,0.0,0.0,토마토,5kg
2021-05-09,15.7,21.8,10.0,0.0,0.0,토마토,5kg
2021-05-10,13.2,14.6,11.7,0.0,12090.0,토마토,5kg
2021-05-10,13.2,14.6,11.7,0.0,10140.0,토마토,5kg
2021-05-11,18.5,25.7,9.4,0.0,10340.0,토마토,5kg
2021-05-11,18.5,25.7,9.4,0.0,12290.0,토마토,5kg
2021-05-12,22.0,27.7,16.9,0.0,12190.0,토마토,5kg
2021-05-12,22.0,27.7,16.9,0.0,10240.0,토마토,5kg
2021-05-13,22.9,29.6,16.6,0.0,12190.0,토마토,5kg
2021-05-13,22.9,29.6,16.6,0.0,10240.0,토마토,5kg
2021-05-14,24.1,30.8,18.0,0.0,12190.0,토마토,5kg
2021-05-14,24.1,30.8,18.0,0.0,10240.0,토마토,5kg
2021-05-15,22.1,26.2,20.8,15.0,0.0,토마토,5kg
2021-05-15,22.1,26.2,20.8,15.0,0.0,토마토,5kg
2021-05-16,18.4,20.8,14.8,66.9,0.0,토마토,5kg
2021-05-17,15.3,16.7,14.2,3.1,11740.0,토마토,5kg
2021-05-17,15.3,16.7,14.2,3.1,9790.0,토마토,5kg
2021-05-18,17.9,24.5,13.6,0.0,9790.0,토마토,5kg
2021-05-18,17.9,24.5,13.6,0.0,11740.0,토마토,5kg
2021-05-19,19.9,26.6,12.4,0.0,0.0,토마토,5kg
2021-05-19,19.9,26.6,12.4,0.0,0.0,토마토,5kg
2021-05-20,18.7,22.9,15.6,0.9,11640.0,토마토,5kg
2021-05-20,18.7,22.9,15.6,0.9,9690.0,토마토,5kg
2021-05-21,16.0,18.2,14.2,6.9,11140.0,토마토,5kg
2021-05-21,16.0,18.2,14.2,6.9,9190.0,토마토,5kg
2021-05-22,18.6,23.8,13.8,0.2,0.0,토마토,5kg
2021-05-22,18.6,23.8,13.8,0.2,0.0,토마토,5kg
2021-05-23,19.5,25.1,14.3,0.0,0.0,토마토,5kg
2021-05-24,19.4,24.5,16.4,0.0,9170.0,토마토,5kg
2021-05-24,19.4,24.5,16.4,0.0,7290.0,토마토,5kg
2021-05-25,15.3,19.3,11.9,8.3,6470.0,토마토,5kg
2021-05-25,15.3,19.3,11.9,8.3,8350.0,토마토,5kg
2021-05-26,18.0,23.0,11.5,0.0,6470.0,토마토,5kg
2021-05-26,18.0,23.0,11.5,0.0,8350.0,토마토,5kg
2021-05-27,15.8,18.7,13.9,8.9,8550.0,토마토,5kg
2021-05-27,15.8,18.7,13.9,8.9,6670.0,토마토,5kg
2021-05-28,15.3,19.7,12.4,12.3,8920.0,토마토,5kg
2021-05-28,15.3,19.7,12.4,12.3,7070.0,토마토,5kg
2021-05-29,15.4,19.1,12.8,0.3,0.0,토마토,5kg
2021-05-29,15.4,19.1,12.8,0.3,0.0,토마토,5kg
2021-05-30,18.4,26.3,10.8,18.1,0.0,토마토,5kg
2021-05-31,19.9,23.8,16.5,4.0,8720.0,토마토,5kg
2021-05-31,19.9,23.8,16.5,4.0,6870.0,토마토,5kg
2021-06-01,20.2,23.9,15.9,3.2,9120.0,토마토,5kg
2021-06-01,20.2,23.9,15.9,3.2,7270.0,토마토,5kg
2021-06-02,23.2,29.7,16.6,0.0,7270.0,토마토,5kg
2021-06-02,23.2,29.7,16.6,0.0,9120.0,토마토,5kg
2021-06-03,19.1,22.7,14.6,18.1,8240.0,토마토,5kg
2021-06-03,19.1,22.7,14.6,18.1,6390.0,토마토,5kg
2021-06-04,18.5,23.6,13.3,0.0,9720.0,토마토,5kg
2021-06-04,18.5,23.6,13.3,0.0,7970.0,토마토,5kg
2021-06-05,20.8,25.7,17.0,0.0,0.0,토마토,5kg
2021-06-05,20.8,25.7,17.0,0.0,0.0,토마토,5kg
2021-06-06,23.0,28.2,18.4,0.0,0.0,토마토,5kg
2021-06-07,21.1,24.0,19.4,0.0,10820.0,토마토,5kg
2021-06-07,21.1,24.0,19.4,0.0,9070.0,토마토,5kg
2021-06-08,23.6,29.5,18.8,0.1,9520.0,토마토,5kg
2021-06-08,23.6,29.5,18.8,0.1,11270.0,토마토,5kg
2021-06-09,25.8,31.6,19.5,0.0,9520.0,토마토,5kg
2021-06-09,25.8,31.6,19.5,0.0,11270.0,토마토,5kg
2021-06-10,24.9,29.8,20.5,6.1,10870.0,토마토,5kg
2021-06-10,24.9,29.8,20.5,6.1,9120.0,토마토,5kg
2021-06-11,21.5,24.4,19.9,4.6,10370.0,토마토,5kg
2021-06-11,21.5,24.4,19.9,4.6,8620.0,토마토,5kg
2021-06-12,24.2,30.2,18.2,0.0,0.0,토마토,5kg
2021-06-12,24.2,30.2,18.2,0.0,0.0,토마토,5kg
2021-06-13,24.8,29.7,20.9,0.0,0.0,토마토,5kg
2021-06-14,24.8,30.2,18.9,0.0,9670.0,토마토,5kg
2021-06-14,24.8,30.2,18.9,0.0,7920.0,토마토,5kg
2021-06-15,22.5,25.3,21.5,1.9,9470.0,토마토,5kg
2021-06-15,22.5,25.3,21.5,1.9,7720.0,토마토,5kg
2021-06-16,24.3,28.9,20.3,0.0,7720.0,토마토,5kg
2021-06-16,24.3,28.9,20.3,0.0,9470.0,토마토,5kg
2021-06-17,21.9,25.0,19.6,0.0,9940.0,토마토,5kg
2021-06-17,21.9,25.0,19.6,0.0,8190.0,토마토,5kg
2021-06-18,20.0,21.4,19.0,6.3,10890.0,토마토,5kg
2021-06-18,20.0,21.4,19.0,6.3,9040.0,토마토,5kg
2021-06-19,22.3,27.4,17.5,0.0,0.0,토마토,5kg
2021-06-19,22.3,27.4,17.5,0.0,0.0,토마토,5kg
2021-06-20,22.9,29.0,17.6,0.0,0.0,토마토,5kg
2021-06-21,23.6,28.5,19.2,0.0,10340.0,토마토,5kg
2021-06-21,23.6,28.5,19.2,0.0,8590.0,토마토,5kg
2021-06-22,22.8,28.6,19.7,0.0,9090.0,토마토,5kg
2021-06-22,22.8,28.6,19.7,0.0,7445.0,토마토,5kg
2021-06-23,22.4,27.9,18.8,7.5,7445.0,토마토,5kg
2021-06-23,22.4,27.9,18.8,7.5,9090.0,토마토,5kg
2021-06-24,23.0,28.0,18.5,0.0,7245.0,토마토,5kg
2021-06-24,23.0,28.0,18.5,0.0,8890.0,토마토,5kg
2021-06-25,24.1,29.5,19.5,0.0,8890.0,토마토,5kg
2021-06-25,24.1,29.5,19.5,0.0,7245.0,토마토,5kg
2021-06-26,22.8,26.7,19.9,4.5,0.0,토마토,5kg
2021-06-26,22.8,26.7,19.9,4.5,0.0,토마토,5kg
2021-06-27,24.5,30.8,19.8,38.2,0.0,토마토,5kg
2021-06-28,23.7,29.2,21.0,0.1,9170.0,토마토,5kg
2021-06-28,23.7,29.2,21.0,0.1,7520.0,토마토,5kg
2021-06-29,23.9,28.4,21.3,8.0,9770.0,토마토,5kg
2021-06-29,23.9,28.4,21.3,8.0,8120.0,토마토,5kg
2021-06-30,24.3,28.8,21.0,6.0,9970.0,토마토,5kg
2021-06-30,24.3,28.8,21.0,6.0,8220.0,토마토,5kg
2021-07-01,26.3,31.0,21.4,0.0,8220.0,토마토,5kg
2021-07-01,26.3,31.0,21.4,0.0,9970.0,토마토,5kg
2021-07-02,27.1,31.8,23.6,0.0,11220.0,토마토,5kg
2021-07-02,27.1,31.8,23.6,0.0,9370.0,토마토,5kg
2021-07-03,22.6,25.7,19.6,60.0,0.0,토마토,5kg
2021-07-03,22.6,25.7,19.6,60.0,0.0,토마토,5kg
2021-07-04,21.4,23.1,19.8,21.4,0.0,토마토,5kg
2021-07-05,23.3,26.9,20.1,0.0,13870.0,토마토,5kg
2021-07-05,23.3,26.9,20.1,0.0,12020.0,토마토,5kg
2021-07-06,25.3,30.1,21.0,0.0,13870.0,토마토,5kg
2021-07-06,25.3,30.1,21.0,0.0,12020.0,토마토,5kg
2021-07-07,26.4,29.1,23.9,12.7,13670.0,토마토,5kg
2021-07-07,26.4,29.1,23.9,12.7,11820.0,토마토,5kg
2021-07-08,26.0,29.8,23.8,2.9,12520.0,토마토,5kg
2021-07-08,26.0,29.8,23.8,2.9,14370.0,토마토,5kg
2021-07-09,25.5,29.2,23.6,0.0,13970.0,토마토,5kg
2021-07-09,25.5,29.2,23.6,0.0,12120.0,토마토,5kg
2021-07-10,25.9,29.2,23.1,0.5,0.0,토마토,5kg
2021-07-10,25.9,29.2,23.1,0.5,0.0,토마토,5kg
2021-07-11,25.7,27.5,24.1,0.4,0.0,토마토,5kg
2021-07-12,28.1,32.5,23.8,0.0,13870.0,토마토,5kg
2021-07-12,28.1,32.5,23.8,0.0,12020.0,토마토,5kg
2021-07-13,28.8,31.5,26.3,0.0,11980.0,토마토,5kg
2021-07-13,28.8,31.5,26.3,0.0,10170.0,토마토,5kg
2021-07-14,29.7,33.5,26.1,0.0,11980.0,토마토,5kg
2021-07-14,29.7,33.5,26.1,0.0,10170.0,토마토,5kg
2021-07-15,29.1,34.5,25.9,0.0,9620.0,토마토,5kg
2021-07-15,29.1,34.5,25.9,0.0,11430.0,토마토,5kg
2021-07-16,28.8,35.2,24.2,0.0,10930.0,토마토,5kg
2021-07-16,28.8,35.2,24.2,0.0,9120.0,토마토,5kg
2021-07-17,29.1,32.8,24.7,0.0,0.0,토마토,5kg
2021-07-17,29.1,32.8,24.7,0.0,0.0,토마토,5kg
2021-07-18,29.6,34.1,25.7,0.0,0.0,토마토,5kg
2021-07-19,26.4,30.5,24.0,67.4,10930.0,토마토,5kg
2021-07-19,26.4,30.5,24.0,67.4,9120.0,토마토,5kg
2021-07-20,27.9,31.8,23.6,0.0,11030.0,토마토,5kg
2021-07-20,27.9,31.8,23.6,0.0,9220.0,토마토,5kg
2021-07-21,30.5,35.3,25.3,0.0,11030.0,토마토,5kg
2021-07-21,30.5,35.3,25.3,0.0,9220.0,토마토,5kg
2021-07-22,31.2,35.9,26.5,0.0,11030.0,토마토,5kg
2021-07-22,31.2,35.9,26.5,0.0,9220.0,토마토,5kg
2021-07-23,31.2,35.8,27.2,0.0,9370.0,토마토,5kg
2021-07-23,31.2,35.8,27.2,0.0,11180.0,토마토,5kg
2021-07-24,31.7,36.5,26.9,0.0,0.0,토마토,5kg
2021-07-24,31.7,36.5,26.9,0.0,0.0,토마토,5kg
2021-07-25,31.5,35.9,27.2,0.0,0.0,토마토,5kg
2021-07-26,31.2,35.4,27.4,0.0,10380.0,토마토,5kg
2021-07-26,31.2,35.4,27.4,0.0,8570.0,토마토,5kg
2021-07-27,31.1,35.7,27.8,0.0,10230.0,토마토,5kg
2021-07-27,31.1,35.7,27.8,0.0,8420.0,토마토,5kg
2021-07-28,30.4,34.7,27.1,0.0,10230.0,토마토,5kg
2021-07-28,30.4,34.7,27.1,0.0,8420.0,토마토,5kg
2021-07-29,29.6,33.3,27.0,0.0,10230.0,토마토,5kg
2021-07-29,29.6,33.3,27.0,0.0,8420.0,토마토,5kg
2021-07-30,30.5,35.4,25.8,0.0,8620.0,토마토,5kg
2021-07-30,30.5,35.4,25.8,0.0,10430.0,토마토,5kg
2021-07-31,29.8,34.3,26.8,3.0,0.0,토마토,5kg
2021-07-31,29.8,34.3,26.8,3.0,0.0,토마토,5kg
2021-08-01,27.1,28.8,25.1,21.0,0.0,토마토,5kg
2021-08-02,26.5,28.6,25.0,1.7,9440.0,토마토,5kg
2021-08-02,26.5,28.6,25.0,1.7,7590.0,토마토,5kg
2021-08-03,28.0,31.4,24.1,0.0,9370.0,토마토,5kg
2021-08-03,28.0,31.4,24.1,0.0,7520.0,토마토,5kg
2021-08-04,28.9,33.2,26.3,0.0,8970.0,토마토,5kg
2021-08-04,28.9,33.2,26.3,0.0,7120.0,토마토,5kg
2021-08-05,29.4,33.7,25.6,0.0,8970.0,토마토,5kg
2021-08-05,29.4,33.7,25.6,0.0,7120.0,토마토,5kg
2021-08-06,28.1,32.2,26.0,0.0,7150.0,토마토,5kg
2021-08-06,28.1,32.2,26.0,0.0,9000.0,토마토,5kg
2021-08-07,28.0,32.3,23.4,0.0,0.0,토마토,5kg
2021-08-07,28.0,32.3,23.4,0.0,0.0,토마토,5kg
2021-08-08,26.8,32.1,24.4,12.7,0.0,토마토,5kg
2021-08-09,28.3,33.6,23.3,0.0,9000.0,토마토,5kg
2021-08-09,28.3,33.6,23.3,0.0,7150.0,토마토,5kg
2021-08-10,27.7,32.2,24.3,0.0,9800.0,토마토,5kg
2021-08-10,27.7,32.2,24.3,0.0,7950.0,토마토,5kg
2021-08-11,27.4,31.6,24.1,0.0,9550.0,토마토,5kg
2021-08-11,27.4,31.6,24.1,0.0,7700.0,토마토,5kg
2021-08-12,26.8,31.7,24.0,0.0,9830.0,토마토,5kg
2021-08-12,26.8,31.7,24.0,0.0,7980.0,토마토,5kg
2021-08-13,26.6,30.1,23.4,0.0,7880.0,토마토,5kg
2021-08-13,26.6,30.1,23.4,0.0,9730.0,토마토,5kg
2021-08-14,26.1,30.5,23.4,0.0,0.0,토마토,5kg
2021-08-14,26.1,30.5,23.4,0.0,0.0,토마토,5kg
2021-08-15,26.9,32.4,21.7,0.0,0.0,토마토,5kg
2021-08-16,27.3,32.8,22.5,0.0,0.0,토마토,5kg
2021-08-16,27.3,32.8,22.5,0.0,0.0,토마토,5kg
2021-08-17,25.9,31.3,21.9,9.3,10450.0,토마토,5kg
2021-08-17,25.9,31.3,21.9,9.3,8600.0,토마토,5kg
2021-08-18,24.3,31.0,20.6,5.6,10050.0,토마토,5kg
2021-08-18,24.3,31.0,20.6,5.6,8200.0,토마토,5kg
2021-08-19,26.0,31.5,21.0,0.0,10770.0,토마토,5kg
2021-08-19,26.0,31.5,21.0,0.0,8920.0,토마토,5kg
2021-08-20,26.6,30.7,22.6,0.0,10420.0,토마토,5kg
2021-08-20,26.6,30.7,22.6,0.0,12270.0,토마토,5kg
2021-08-21,23.8,25.5,21.0,62.8,0.0,토마토,5kg
2021-08-21,23.8,25.5,21.0,62.8,0.0,토마토,5kg
2021-08-22,24.4,27.0,22.4,0.0,0.0,토마토,5kg
2021-08-23,22.4,24.0,21.0,7.4,12520.0,토마토,5kg
2021-08-23,22.4,24.0,21.0,7.4,10670.0,토마토,5kg
2021-08-24,23.4,26.4,21.1,10.5,12620.0,토마토,5kg
2021-08-24,23.4,26.4,21.1,10.5,10770.0,토마토,5kg
2021-08-25,25.0,27.3,23.5,0.3,13320.0,토마토,5kg
2021-08-25,25.0,27.3,23.5,0.3,11470.0,토마토,5kg
2021-08-26,25.5,27.9,22.9,0.7,13720.0,토마토,5kg
2021-08-26,25.5,27.9,22.9,0.7,11870.0,토마토,5kg
2021-08-27,22.4,25.5,20.4,0.9,14150.0,토마토,5kg
2021-08-27,22.4,25.5,20.4,0.9,12300.0,토마토,5kg
2021-08-28,23.6,28.2,19.7,0.0,0.0,토마토,5kg
2021-08-28,23.6,28.2,19.7,0.0,0.0,토마토,5kg
2021-08-29,23.7,26.3,21.9,0.9,0.0,토마토,5kg
2021-08-30,24.2,27.7,21.2,0.0,13220.0,토마토,5kg
2021-08-30,24.2,27.7,21.2,0.0,11370.0,토마토,5kg
2021-08-31,20.5,23.1,18.1,77.4,13470.0,토마토,5kg
2021-08-31,20.5,23.1,18.1,77.4,11620.0,토마토,5kg
2021-09-01,21.4,23.9,18.5,0.8,13470.0,토마토,5kg
2021-09-01,21.4,23.9,18.5,0.8,11620.0,토마토,5kg
2021-09-02,23.5,26.7,20.7,0.0,14200.0,토마토,5kg
2021-09-02,23.5,26.7,20.7,0.0,12350.0,토마토,5kg
2021-09-03,24.3,29.2,20.6,0.0,14480.0,토마토,5kg
2021-09-03,24.3,29.2,20.6,0.0,12630.0,토마토,5kg
2021-09-04,23.2,28.6,18.5,0.0,0.0,토마토,5kg
2021-09-04,23.2,28.6,18.5,0.0,0.0,토마토,5kg
2021-09-05,23.1,27.3,19.4,0.0,0.0,토마토,5kg
2021-09-06,22.3,26.4,18.0,12.0,14380.0,토마토,5kg
2021-09-06,22.3,26.4,18.0,12.0,12530.0,토마토,5kg
2021-09-07,19.6,20.9,17.6,29.6,13970.0,토마토,5kg
2021-09-07,19.6,20.9,17.6,29.6,12120.0,토마토,5kg
2021-09-08,22.2,26.9,19.0,1.6,13970.0,토마토,5kg
2021-09-08,22.2,26.9,19.0,1.6,12120.0,토마토,5kg
2021-09-09,23.5,29.1,19.1,0.0,13420.0,토마토,5kg
2021-09-09,23.5,29.1,19.1,0.0,11570.0,토마토,5kg
2021-09-10,23.6,28.9,19.5,0.0,13420.0,토마토,5kg
2021-09-10,23.6,28.9,19.5,0.0,11570.0,토마토,5kg
2021-09-11,24.0,29.4,19.9,0.0,0.0,토마토,5kg
2021-09-11,24.0,29.4,19.9,0.0,0.0,토마토,5kg
2021-09-12,24.2,29.8,19.2,0.0,0.0,토마토,5kg
2021-09-13,24.8,30.3,20.8,0.0,13820.0,토마토,5kg
2021-09-13,24.8,30.3,20.8,0.0,11970.0,토마토,5kg
2021-09-14,24.6,29.5,20.0,0.0,13820.0,토마토,5kg
2021-09-14,24.6,29.5,20.0,0.0,11970.0,토마토,5kg
2021-09-15,23.6,28.9,19.5,0.0,13420.0,토마토,5kg
2021-09-15,23.6,28.9,19.5,0.0,11570.0,토마토,5kg
2021-09-16,22.9,27.3,18.0,0.0,13520.0,토마토,5kg
2021-09-16,22.9,27.3,18.0,0.0,11670.0,토마토,5kg
2021-09-17,23.5,28.2,20.5,0.0,13520.0,토마토,5kg
2021-09-17,23.5,28.2,20.5,0.0,11670.0,토마토,5kg
2021-09-18,23.9,29.8,18.9,0.0,0.0,토마토,5kg
2021-09-18,23.9,29.8,18.9,0.0,0.0,토마토,5kg
2021-09-19,23.7,27.8,20.8,0.0,0.0,토마토,5kg
2021-09-20,23.7,28.4,19.0,0.0,0.0,토마토,5kg
2021-09-20,23.7,28.4,19.0,0.0,0.0,토마토,5kg
2021-09-21,22.0,26.2,17.4,68.1,0.0,토마토,5kg
2021-09-21,22.0,26.2,17.4,68.1,0.0,토마토,5kg
2021-09-22,20.2,24.3,16.8,4.5,0.0,토마토,5kg
2021-09-22,20.2,24.3,16.8,4.5,0.0,토마토,5kg
2021-09-23,20.9,25.9,16.9,0.0,13520.0,토마토,5kg
2021-09-23,20.9,25.9,16.9,0.0,11670.0,토마토,5kg
2021-09-24,21.8,26.9,16.7,0.0,13650.0,토마토,5kg
2021-09-24,21.8,26.9,16.7,0.0,11800.0,토마토,5kg
2021-09-25,21.2,23.1,18.7,0.0,0.0,토마토,5kg
2021-09-25,21.2,23.1,18.7,0.0,0.0,토마토,5kg
2021-09-26,22.6,27.3,18.4,0.0,0.0,토마토,5kg
2021-09-27,21.6,25.0,18.7,0.0,11780.0,토마토,5kg
2021-09-27,21.6,25.0,18.7,0.0,13630.0,토마토,5kg
2021-09-28,21.5,24.4,19.6,1.3,14400.0,토마토,5kg
2021-09-28,21.5,24.4,19.6,1.3,12550.0,토마토,5kg
2021-09-29,20.2,21.4,17.8,13.1,14400.0,토마토,5kg
2021-09-29,20.2,21.4,17.8,13.1,12550.0,토마토,5kg
2021-09-30,20.3,25.9,16.0,0.0,14300.0,토마토,5kg
2021-09-30,20.3,25.9,16.0,0.0,12450.0,토마토,5kg
2021-10-01,21.1,27.5,16.9,13.3,14100.0,토마토,5kg
2021-10-01,21.1,27.5,16.9,13.3,12250.0,토마토,5kg
2021-10-02,20.7,26.6,16.4,0.0,0.0,토마토,5kg
2021-10-02,20.7,26.6,16.4,0.0,0.0,토마토,5kg
2021-10-03,22.3,28.8,17.1,0.0,0.0,토마토,5kg
2021-10-04,22.9,25.6,19.2,3.6,0.0,토마토,5kg
2021-10-04,22.9,25.6,19.2,3.6,0.0,토마토,5kg
2021-10-05,23.6,26.5,21.7,0.0,14380.0,토마토,5kg
2021-10-05,23.6,26.5,21.7,0.0,12530.0,토마토,5kg
2021-10-06,18.8,21.7,17.9,6.4,14850.0,토마토,5kg
2021-10-06,18.8,21.7,17.9,6.4,13000.0,토마토,5kg
2021-10-07,19.4,21.9,17.9,4.6,15050.0,토마토,5kg
2021-10-07,19.4,21.9,17.9,4.6,13100.0,토마토,5kg
2021-10-08,18.8,20.0,17.5,3.5,15050.0,토마토,5kg
2021-10-08,18.8,20.0,17.5,3.5,13100.0,토마토,5kg
2021-10-09,20.9,24.1,18.5,0.4,0.0,토마토,5kg
2021-10-09,20.9,24.1,18.5,0.4,0.0,토마토,5kg
2021-10-10,19.9,24.3,14.9,14.2,0.0,토마토,5kg
2021-10-11,15.2,17.8,12.6,0.3,0.0,토마토,5kg
2021-10-11,15.2,17.8,12.6,0.3,0.0,토마토,5kg
2021-10-12,17.9,21.3,15.8,0.0,15050.0,토마토,5kg
2021-10-12,17.9,21.3,15.8,0.0,13100.0,토마토,5kg
2021-10-13,19.6,25.2,14.9,0.0,14250.0,토마토,5kg
2021-10-13,19.6,25.2,14.9,0.0,12300.0,토마토,5kg
2021-10-14,19.7,23.9,17.4,0.0,13650.0,토마토,5kg
2021-10-14,19.7,23.9,17.4,0.0,11700.0,토마토,5kg
2021-10-15,19.0,21.4,17.0,0.0,13750.0,토마토,5kg
2021-10-15,19.0,21.4,17.0,0.0,11800.0,토마토,5kg
2021-10-16,10.7,18.1,4.2,0.0,0.0,토마토,5kg
2021-10-16,10.7,18.1,4.2,0.0,0.0,토마토,5kg
2021-10-17,5.6,10.8,1.3,0.0,0.0,토마토,5kg
2021-10-18,9.6,16.1,2.8,5.6,12020.0,토마토,5kg
2021-10-18,9.6,16.1,2.8,5.6,13970.0,토마토,5kg
2021-10-19,10.9,15.0,7.1,4.4,13970.0,토마토,5kg
2021-10-19,10.9,15.0,7.1,4.4,12020.0,토마토,5kg
2021-10-20,9.5,15.8,4.6,0.0,13970.0,토마토,5kg
2021-10-20,9.5,15.8,4.6,0.0,12020.0,토마토,5kg
2021-10-21,9.8,16.2,4.9,0.0,13670.0,토마토,5kg
2021-10-21,9.8,16.2,4.9,0.0,11720.0,토마토,5kg
2021-10-22,10.8,17.2,5.2,0.0,14870.0,토마토,5kg
2021-10-22,10.8,17.2,5.2,0.0,12920.0,토마토,5kg
2021-10-23,11.4,18.4,5.7,0.0,0.0,토마토,5kg
2021-10-23,11.4,18.4,5.7,0.0,0.0,토마토,5kg
2021-10-24,11.4,18.1,6.0,0.0,0.0,토마토,5kg
2021-10-25,11.7,17.6,6.3,0.0,14670.0,토마토,5kg
2021-10-25,11.7,17.6,6.3,0.0,12670.0,토마토,5kg
2021-10-26,13.0,19.0,7.7,0.0,12670.0,토마토,5kg
2021-10-26,13.0,19.0,7.7,0.0,14670.0,토마토,5kg
2021-10-27,13.4,18.1,9.8,0.0,14670.0,토마토,5kg
2021-10-27,13.4,18.1,9.8,0.0,12670.0,토마토,5kg
2021-10-28,12.7,20.0,7.1,0.0,17520.0,토마토,5kg
2021-10-28,12.7,20.0,7.1,0.0,15470.0,토마토,5kg
2021-10-29,14.6,20.6,10.5,0.0,17350.0,토마토,5kg
2021-10-29,14.6,20.6,10.5,0.0,15300.0,토마토,5kg
2021-10-30,13.8,18.0,11.0,0.0,0.0,토마토,5kg
2021-10-30,13.8,18.0,11.0,0.0,0.0,토마토,5kg
2021-10-31,14.1,20.3,9.2,0.7,0.0,토마토,5kg
2021-11-01,12.9,16.9,10.3,0.0,18680.0,토마토,5kg
2021-11-01,12.9,16.9,10.3,0.0,16630.0,토마토,5kg
2021-11-02,11.5,16.9,7.9,0.0,17970.0,토마토,5kg
2021-11-02,11.5,16.9,7.9,0.0,20020.0,토마토,5kg
2021-11-03,12.1,17.1,7.6,0.0,20020.0,토마토,5kg
2021-11-03,12.1,17.1,7.6,0.0,17970.0,토마토,5kg
2021-11-04,12.1,16.3,8.4,0.0,19990.0,토마토,5kg
2021-11-04,12.1,16.3,8.4,0.0,17940.0,토마토,5kg
2021-11-05,13.0,20.2,7.8,0.0,20490.0,토마토,5kg
2021-11-05,13.0,20.2,7.8,0.0,18440.0,토마토,5kg
2021-11-06,14.1,21.3,8.8,0.0,0.0,토마토,5kg
2021-11-06,14.1,21.3,8.8,0.0,0.0,토마토,5kg
2021-11-07,15.3,21.3,9.7,0.0,0.0,토마토,5kg
2021-11-08,8.6,15.5,4.5,25.7,20490.0,토마토,5kg
2021-11-08,8.6,15.5,4.5,25.7,18440.0,토마토,5kg
2021-11-09,4.9,6.5,3.0,2.0,17070.0,토마토,5kg
2021-11-09,4.9,6.5,3.0,2.0,19120.0,토마토,5kg
2021-11-10,4.2,7.7,0.7,0.3,19120.0,토마토,5kg
2021-11-10,4.2,7.7,0.7,0.3,17070.0,토마토,5kg
2021-11-11,5.3,9.7,2.1,0.0,19120.0,토마토,5kg
2021-11-11,5.3,9.7,2.1,0.0,17070.0,토마토,5kg
2021-11-12,4.5,8.6,1.3,0.0,19290.0,토마토,5kg
2021-11-12,4.5,8.6,1.3,0.0,17240.0,토마토,5kg
2021-11-13,7.3,13.4,0.5,0.0,0.0,토마토,5kg
2021-11-13,7.3,13.4,0.5,0.0,0.0,토마토,5kg
2021-11-14,11.3,16.4,7.8,0.0,0.0,토마토,5kg
2021-11-15,10.1,15.7,5.8,0.0,18090.0,토마토,5kg
2021-11-15,10.1,15.7,5.8,0.0,20140.0,토마토,5kg
2021-11-16,8.5,13.6,4.4,0.0,17120.0,토마토,5kg
2021-11-16,8.5,13.6,4.4,0.0,19070.0,토마토,5kg
2021-11-17,7.5,12.5,2.7,0.0,19070.0,토마토,5kg
2021-11-17,7.5,12.5,2.7,0.0,17120.0,토마토,5kg
2021-11-18,11.9,16.2,7.7,0.0,19070.0,토마토,5kg
2021-11-18,11.9,16.2,7.7,0.0,17120.0,토마토,5kg
2021-11-19,12.9,16.7,10.2,0.0,19070.0,토마토,5kg
2021-11-19,12.9,16.7,10.2,0.0,17120.0,토마토,5kg
2021-11-20,10.4,15.6,6.8,0.0,0.0,토마토,5kg
2021-11-20,10.4,15.6,6.8,0.0,0.0,토마토,5kg
2021-11-21,10.4,13.1,7.6,5.9,0.0,토마토,5kg
2021-11-22,2.7,7.5,-0.6,1.3,18470.0,토마토,5kg
2021-11-22,2.7,7.5,-0.6,1.3,16520.0,토마토,5kg
2021-11-23,-0.6,2.3,-3.7,0.0,16520.0,토마토,5kg
2021-11-23,-0.6,2.3,-3.7,0.0,18470.0,토마토,5kg
2021-11-24,4.1,9.1,-2.6,0.0,18200.0,토마토,5kg
2021-11-24,4.1,9.1,-2.6,0.0,16250.0,토마토,5kg
2021-11-25,5.7,9.9,2.6,0.0,18200.0,토마토,5kg
2021-11-25,5.7,9.9,2.6,0.0,16250.0,토마토,5kg
2021-11-26,2.9,7.2,-0.5,0.0,18200.0,토마토,5kg
2021-11-26,2.9,7.2,-0.5,0.0,16250.0,토마토,5kg
2021-11-27,3.4,10.1,-1.4,0.0,0.0,토마토,5kg
2021-11-27,3.4,10.1,-1.4,0.0,0.0,토마토,5kg
2021-11-28,5.1,12.4,-1.3,0.0,0.0,토마토,5kg
2021-11-29,7.6,13.7,2.5,0.0,18200.0,토마토,5kg
2021-11-29,7.6,13.7,2.5,0.0,16250.0,토마토,5kg
2021-11-30,5.7,8.9,0.7,27.2,15180.0,토마토,5kg
2021-11-30,5.7,8.9,0.7,27.2,17130.0,토마토,5kg
2021-12-01,-1.3,1.5,-3.0,0.0,17130.0,토마토,5kg
2021-12-01,-1.3,1.5,-3.0,0.0,15180.0,토마토,5kg
2021-12-02,1.3,5.0,-4.6,0.1,17130.0,토마토,5kg
2021-12-02,1.3,5.0,-4.6,0.1,15180.0,토마토,5kg
2021-12-03,1.9,4.6,-1.8,0.4,0.0,토마토,5kg
2021-12-03,1.9,4.6,-1.8,0.4,0.0,토마토,5kg
2021-12-04,1.4,7.0,-2.7,0.0,0.0,토마토,5kg
2021-12-05,2.9,9.6,-2.3,0.0,0.0,토마토,5kg
2021-12-06,5.4,12.1,-0.7,0.0,16770.0,토마토,5kg
2021-12-06,5.4,12.1,-0.7,0.0,14820.0,토마토,5kg
2021-12-07,6.8,13.3,2.6,0.0,14400.0,토마토,5kg
2021-12-07,6.8,13.3,2.6,0.0,16350.0,토마토,5kg
2021-12-08,6.7,13.3,1.9,0.0,16350.0,토마토,5kg
2021-12-08,6.7,13.3,1.9,0.0,14400.0,토마토,5kg
2021-12-09,6.5,9.7,2.7,0.0,16800.0,토마토,5kg
2021-12-09,6.5,9.7,2.7,0.0,14850.0,토마토,5kg
2021-12-10,7.0,8.2,5.8,0.7,16800.0,토마토,5kg
2021-12-10,7.0,8.2,5.8,0.7,14850.0,토마토,5kg
2021-12-11,6.0,9.8,4.4,0.0,0.0,토마토,5kg
2021-12-11,6.0,9.8,4.4,0.0,0.0,토마토,5kg
2021-12-12,1.2,5.1,-3.8,0.0,0.0,토마토,5kg
2021-12-13,-2.2,1.9,-5.9,0.0,17000.0,토마토,5kg
2021-12-13,-2.2,1.9,-5.9,0.0,15050.0,토마토,5kg
2021-12-14,3.7,8.2,-0.7,1.2,17100.0,토마토,5kg
2021-12-14,3.7,8.2,-0.7,1.2,15150.0,토마토,5kg
2021-12-15,7.2,10.0,5.4,2.1,14650.0,토마토,5kg
2021-12-15,7.2,10.0,5.4,2.1,16600.0,토마토,5kg
2021-12-16,6.4,9.8,3.3,0.0,18040.0,토마토,5kg
2021-12-16,6.4,9.8,3.3,0.0,16090.0,토마토,5kg
2021-12-17,-5.6,3.2,-10.1,0.0,18040.0,토마토,5kg
2021-12-17,-5.6,3.2,-10.1,0.0,16090.0,토마토,5kg
2021-12-18,-5.7,-1.8,-11.2,2.8,0.0,토마토,5kg
2021-12-18,-5.7,-1.8,-11.2,2.8,0.0,토마토,5kg
2021-12-19,-0.8,4.2,-5.8,0.2,0.0,토마토,5kg
2021-12-20,5.2,11.1,-0.9,0.0,19000.0,토마토,5kg
2021-12-20,5.2,11.1,-0.9,0.0,17050.0,토마토,5kg
2021-12-21,5.2,8.9,0.8,0.0,19000.0,토마토,5kg
2021-12-21,5.2,8.9,0.8,0.0,17050.0,토마토,5kg
2021-12-22,2.2,8.2,-2.6,0.0,16820.0,토마토,5kg
2021-12-22,2.2,8.2,-2.6,0.0,18770.0,토마토,5kg
2021-12-23,2.7,8.3,-1.5,0.0,18670.0,토마토,5kg
2021-12-23,2.7,8.3,-1.5,0.0,16720.0,토마토,5kg
2021-12-24,-0.3,3.2,-7.3,0.2,19270.0,토마토,5kg
2021-12-24,-0.3,3.2,-7.3,0.2,17220.0,토마토,5kg
2021-12-25,-11.7,-7.3,-14.4,0.0,0.0,토마토,5kg
2021-12-25,-11.7,-7.3,-14.4,0.0,0.0,토마토,5kg
2021-12-26,-12.1,-7.3,-15.5,0.0,0.0,토마토,5kg
2021-12-27,-7.6,-3.9,-12.9,0.0,19500.0,토마토,5kg
2021-12-27,-7.6,-3.9,-12.9,0.0,17650.0,토마토,5kg
2021-12-28,-4.1,-0.9,-8.5,0.0,18820.0,토마토,5kg
2021-12-28,-4.1,-0.9,-8.5,0.0,16970.0,토마토,5kg
2021-12-29,0.4,5.9,-3.8,0.2,17340.0,토마토,5kg
2021-12-29,0.4,5.9,-3.8,0.2,19190.0,토마토,5kg
2021-12-30,-3.9,0.2,-6.8,0.0,19190.0,토마토,5kg
2021-12-30,-3.9,0.2,-6.8,0.0,17340.0,토마토,5kg
2021-12-31,-6.7,-3.9,-8.8,0.0,19770.0,토마토,5kg
2021-12-31,-6.7,-3.9,-8.8,0.0,17920.0,토마토,5kg
2022-01-01,-4.3,2.3,-10.2,0.0,0.0,토마토,5kg
2022-01-01,-4.3,2.3,-10.2,0.0,0.0,토마토,5kg
2022-01-02,-1.3,3.0,-5.2,0.3,0.0,토마토,5kg
2022-01-03,-1.9,2.5,-8.0,0.0,22700.0,토마토,5kg
2022-01-03,-1.9,2.5,-8.0,0.0,20750.0,토마토,5kg
2022-01-04,-2.5,1.0,-5.6,0.0,22600.0,토마토,5kg
2022-01-04,-2.5,1.0,-5.6,0.0,20650.0,토마토,5kg
2022-01-05,-2.8,1.9,-7.8,0.0,20650.0,토마토,5kg
2022-01-05,-2.8,1.9,-7.8,0.0,22600.0,토마토,5kg
2022-01-06,-2.2,3.3,-5.9,0.0,21630.0,토마토,5kg
2022-01-06,-2.2,3.3,-5.9,0.0,19680.0,토마토,5kg
2022-01-07,-1.6,4.5,-5.9,0.0,21250.0,토마토,5kg
2022-01-07,-1.6,4.5,-5.9,0.0,19300.0,토마토,5kg
2022-01-08,0.3,3.7,-5.0,0.0,0.0,토마토,5kg
2022-01-08,0.3,3.7,-5.0,0.0,0.0,토마토,5kg
2022-01-09,1.3,5.6,-1.2,0.0,0.0,토마토,5kg
2022-01-10,0.5,4.4,-3.4,0.9,20800.0,토마토,5kg
2022-01-10,0.5,4.4,-3.4,0.9,18850.0,토마토,5kg
2022-01-11,-7.4,0.3,-10.3,0.2,20340.0,토마토,5kg
2022-01-11,-7.4,0.3,-10.3,0.2,18390.0,토마토,5kg
2022-01-12,-7.7,-3.4,-11.3,0.0,18570.0,토마토,5kg
2022-01-12,-7.7,-3.4,-11.3,0.0,20520.0,토마토,5kg
2022-01-13,-6.4,-3.1,-8.9,0.0,17870.0,토마토,5kg
2022-01-13,-6.4,-3.1,-8.9,0.0,20520.0,토마토,5kg
2022-01-14,-4.8,1.3,-10.1,0.0,20900.0,토마토,5kg
2022-01-14,-4.8,1.3,-10.1,0.0,18380.0,토마토,5kg
2022-01-15,-1.0,1.8,-5.3,0.0,0.0,토마토,5kg
2022-01-15,-1.0,1.8,-5.3,0.0,0.0,토마토,5kg
2022-01-16,-2.0,2.4,-7.2,0.0,0.0,토마토,5kg
2022-01-17,-5.8,0.1,-9.2,0.5,20900.0,토마토,5kg
2022-01-17,-5.8,0.1,-9.2,0.5,18950.0,토마토,5kg
2022-01-18,-5.6,-0.7,-9.9,0.0,20900.0,토마토,5kg
2022-01-18,-5.6,-0.7,-9.9,0.0,18950.0,토마토,5kg
2022-01-19,-5.3,-2.7,-7.7,1.7,20900.0,토마토,5kg
2022-01-19,-5.3,-2.7,-7.7,1.7,18950.0,토마토,5kg
2022-01-20,-5.0,0.9,-9.8,0.0,19230.0,토마토,5kg
2022-01-20,-5.0,0.9,-9.8,0.0,21280.0,토마토,5kg
2022-01-21,-2.7,4.6,-8.7,0.0,21280.0,토마토,5kg
2022-01-21,-2.7,4.6,-8.7,0.0,19230.0,토마토,5kg
2022-01-22,0.3,7.1,-5.0,0.0,0.0,토마토,5kg
2022-01-22,0.3,7.1,-5.0,0.0,0.0,토마토,5kg
2022-01-23,2.0,6.7,-0.6,0.0,0.0,토마토,5kg
2022-01-24,4.6,8.4,1.3,0.0,20030.0,토마토,5kg
2022-01-24,4.6,8.4,1.3,0.0,17980.0,토마토,5kg
2022-01-25,2.8,4.5,1.9,0.7,20030.0,토마토,5kg
2022-01-25,2.8,4.5,1.9,0.7,17980.0,토마토,5kg
2022-01-26,1.3,6.8,-1.9,0.0,18400.0,토마토,5kg
2022-01-26,1.3,6.8,-1.9,0.0,20450.0,토마토,5kg
2022-01-27,-1.1,4.0,-4.6,0.0,18400.0,토마토,5kg
2022-01-27,-1.1,4.0,-4.6,0.0,20450.0,토마토,5kg
2022-01-28,-2.7,2.1,-5.9,0.0,20830.0,토마토,5kg
2022-01-28,-2.7,2.1,-5.9,0.0,18780.0,토마토,5kg
2022-01-29,-3.6,0.9,-7.2,0.0,0.0,토마토,5kg
2022-01-29,-3.6,0.9,-7.2,0.0,0.0,토마토,5kg
2022-01-30,-2.8,2.4,-8.0,0.0,0.0,토마토,5kg
2022-01-31,-0.7,4.8,-6.8,1.2,0.0,토마토,5kg
2022-01-31,-0.7,4.8,-6.8,1.2,0.0,토마토,5kg
2022-02-01,-1.3,0.9,-2.7,1.7,0.0,토마토,5kg
2022-02-01,-1.3,0.9,-2.7,1.7,0.0,토마토,5kg
2022-02-02,-3.4,0.0,-6.0,0.0,0.0,토마토,5kg
2022-02-02,-3.4,0.0,-6.0,0.0,0.0,토마토,5kg
2022-02-03,-3.4,0.4,-6.9,0.0,18780.0,토마토,5kg
2022-02-03,-3.4,0.4,-6.9,0.0,20830.0,토마토,5kg
2022-02-04,-5.2,-0.7,-8.2,0.0,19480.0,토마토,5kg
2022-02-04,-5.2,-0.7,-8.2,0.0,17430.0,토마토,5kg
2022-02-05,-6.6,-2.0,-9.7,0.0,0.0,토마토,5kg
2022-02-05,-6.6,-2.0,-9.7,0.0,0.0,토마토,5kg
2022-02-06,-3.9,1.7,-8.4,0.0,0.0,토마토,5kg
2022-02-07,-2.5,1.9,-7.3,0.0,19560.0,토마토,5kg
2022-02-07,-2.5,1.9,-7.3,0.0,17510.0,토마토,5kg
2022-02-08,-0.1,5.6,-4.1,0.0,18660.0,토마토,5kg
2022-02-08,-0.1,5.6,-4.1,0.0,16610.0,토마토,5kg
2022-02-09,1.0,7.2,-4.3,0.0,18530.0,토마토,5kg
2022-02-09,1.0,7.2,-4.3,0.0,16480.0,토마토,5kg
2022-02-10,1.4,6.7,-3.2,0.0,18490.0,토마토,5kg
2022-02-10,1.4,6.7,-3.2,0.0,16440.0,토마토,5kg
2022-02-11,2.9,8.8,-2.6,0.0,16620.0,토마토,5kg
2022-02-11,2.9,8.8,-2.6,0.0,18670.0,토마토,5kg
2022-02-12,4.8,10.4,-0.1,0.0,0.0,토마토,5kg
2022-02-12,4.8,10.4,-0.1,0.0,0.0,토마토,5kg
2022-02-13,4.8,9.5,1.6,0.0,0.0,토마토,5kg
2022-02-14,2.5,8.1,-1.3,1.7,19270.0,토마토,5kg
2022-02-14,2.5,8.1,-1.3,1.7,17220.0,토마토,5kg
2022-02-15,-4.7,-1.3,-7.7,0.0,19440.0,토마토,5kg
2022-02-15,-4.7,-1.3,-7.7,0.0,17390.0,토마토,5kg
2022-02-16,-7.3,-4.1,-9.6,0.0,19820.0,토마토,5kg
2022-02-16,-7.3,-4.1,-9.6,0.0,17770.0,토마토,5kg
2022-02-17,-6.2,-0.5,-10.7,0.0,19620.0,토마토,5kg
2022-02-17,-6.2,-0.5,-10.7,0.0,17570.0,토마토,5kg
2022-02-18,-1.2,5.7,-8.0,0.0,17570.0,토마토,5kg
2022-02-18,-1.2,5.7,-8.0,0.0,19620.0,토마토,5kg
2022-02-19,-1.7,3.7,-6.2,0.1,0.0,토마토,5kg
2022-02-19,-1.7,3.7,-6.2,0.1,0.0,토마토,5kg
2022-02-20,-4.8,-0.5,-8.4,0.0,0.0,토마토,5kg
2022-02-21,-3.0,3.6,-8.1,0.1,19820.0,토마토,5kg
2022-02-21,-3.0,3.6,-8.1,0.1,17770.0,토마토,5kg
2022-02-22,-4.5,0.5,-8.0,0.0,19620.0,토마토,5kg
2022-02-22,-4.5,0.5,-8.0,0.0,17570.0,토마토,5kg
2022-02-23,-5.6,-0.6,-10.0,0.0,19800.0,토마토,5kg
2022-02-23,-5.6,-0.6,-10.0,0.0,17750.0,토마토,5kg
2022-02-24,-2.4,3.7,-8.5,0.0,20200.0,토마토,5kg
2022-02-24,-2.4,3.7,-8.5,0.0,18150.0,토마토,5kg
2022-02-25,3.0,8.4,-3.6,0.0,17580.0,토마토,5kg
2022-02-25,3.0,8.4,-3.6,0.0,19630.0,토마토,5kg
2022-02-26,5.4,9.3,1.0,1.1,0.0,토마토,5kg
2022-02-26,5.4,9.3,1.0,1.1,0.0,토마토,5kg
2022-02-27,3.7,9.1,-1.6,0.0,0.0,토마토,5kg
2022-02-28,6.8,11.5,2.7,0.0,19630.0,토마토,5kg
2022-02-28,6.8,11.5,2.7,0.0,17580.0,토마토,5kg
2022-03-01,5.8,9.7,0.3,2.3,0.0,토마토,5kg
2022-03-01,5.8,9.7,0.3,2.3,0.0,토마토,5kg
2022-03-02,3.5,8.8,-2.3,0.0,19890.0,토마토,5kg
2022-03-02,3.5,8.8,-2.3,0.0,17840.0,토마토,5kg
2022-03-03,5.8,12.4,0.9,0.0,19890.0,토마토,5kg
2022-03-03,5.8,12.4,0.9,0.0,17840.0,토마토,5kg
2022-03-04,6.9,14.6,0.6,0.0,17840.0,토마토,5kg
2022-03-04,6.9,14.6,0.6,0.0,19890.0,토마토,5kg
2022-03-05,2.3,6.7,-0.7,0.0,0.0,토마토,5kg
2022-03-05,2.3,6.7,-0.7,0.0,0.0,토마토,5kg
2022-03-06,1.4,6.8,-3.0,0.0,0.0,토마토,5kg
2022-03-07,2.8,8.7,-2.7,0.0,19450.0,토마토,5kg
2022-03-07,2.8,8.7,-2.7,0.0,17450.0,토마토,5kg
2022-03-08,6.0,12.3,1.1,0.0,18000.0,토마토,5kg
2022-03-08,6.0,12.3,1.1,0.0,16000.0,토마토,5kg
2022-03-09,7.1,14.8,1.7,0.0,0.0,토마토,5kg
2022-03-09,7.1,14.8,1.7,0.0,0.0,토마토,5kg
2022-03-10,9.3,15.8,4.2,0.0,18360.0,토마토,5kg
2022-03-10,9.3,15.8,4.2,0.0,16260.0,토마토,5kg
2022-03-11,11.2,18.4,5.1,0.0,16260.0,토마토,5kg
2022-03-11,11.2,18.4,5.1,0.0,18360.0,토마토,5kg
2022-03-12,12.8,19.5,6.3,2.6,0.0,토마토,5kg
2022-03-12,12.8,19.5,6.3,2.6,0.0,토마토,5kg
2022-03-13,11.7,12.6,10.7,42.1,0.0,토마토,5kg
2022-03-14,8.2,13.2,4.9,8.7,17800.0,토마토,5kg
2022-03-14,8.2,13.2,4.9,8.7,15700.0,토마토,5kg
2022-03-15,7.2,13.3,2.3,0.0,17700.0,토마토,5kg
2022-03-15,7.2,13.3,2.3,0.0,15600.0,토마토,5kg
2022-03-16,10.3,16.8,3.6,0.0,17670.0,토마토,5kg
2022-03-16,10.3,16.8,3.6,0.0,15570.0,토마토,5kg
2022-03-17,10.7,15.1,7.8,1.2,18470.0,토마토,5kg
2022-03-17,10.7,15.1,7.8,1.2,16370.0,토마토,5kg
2022-03-18,7.5,9.6,5.5,0.0,18240.0,토마토,5kg
2022-03-18,7.5,9.6,5.5,0.0,16140.0,토마토,5kg
2022-03-19,3.4,6.1,0.9,14.6,16140.0,토마토,5kg
2022-03-20,5.4,9.3,2.2,0.0,16140.0,토마토,5kg
2022-03-21,5.0,10.9,-0.3,0.0,16120.0,토마토,5kg
2022-03-21,5.0,10.9,-0.3,0.0,18220.0,토마토,5kg
2022-03-22,7.1,13.6,1.1,0.0,18220.0,토마토,5kg
2022-03-22,7.1,13.6,1.1,0.0,16120.0,토마토,5kg
2022-03-23,6.2,8.2,4.9,0.0,18220.0,토마토,5kg
2022-03-23,6.2,8.2,4.9,0.0,16120.0,토마토,5kg
2022-03-24,8.2,12.4,3.9,0.0,18320.0,토마토,5kg
2022-03-24,8.2,12.4,3.9,0.0,16220.0,토마토,5kg
2022-03-25,12.0,17.2,6.3,10.9,18320.0,토마토,5kg
2022-03-25,12.0,17.2,6.3,10.9,16220.0,토마토,5kg
2022-03-26,11.8,14.7,9.5,19.8,0.0,토마토,5kg
2022-03-26,11.8,14.7,9.5,19.8,0.0,토마토,5kg
2022-03-27,8.1,12.6,5.0,0.0,0.0,토마토,5kg
2022-03-28,8.2,15.1,1.5,0.0,16100.0,토마토,5kg
2022-03-28,8.2,15.1,1.5,0.0,18200.0,토마토,5kg
2022-03-29,9.7,15.6,3.3,0.0,18200.0,토마토,5kg
2022-03-29,9.7,15.6,3.3,0.0,16100.0,토마토,5kg
2022-03-30,10.8,15.7,5.9,0.4,17720.0,토마토,5kg
2022-03-30,10.8,15.7,5.9,0.4,15620.0,토마토,5kg
2022-03-31,10.9,14.7,7.6,0.0,17460.0,토마토,5kg
2022-03-31,10.9,14.7,7.6,0.0,15260.0,토마토,5kg
2022-04-01,9.2,14.9,4.5,0.0,18630.0,토마토,5kg
2022-04-01,9.2,14.9,4.5,0.0,16300.0,토마토,5kg
2022-04-02,8.2,14.2,3.7,0.0,0.0,토마토,5kg
2022-04-02,8.2,14.2,3.7,0.0,0.0,토마토,5kg
2022-04-03,9.6,17.0,3.5,0.0,0.0,토마토,5kg
2022-04-04,10.3,16.4,5.1,0.0,14260.0,토마토,5kg
2022-04-04,10.3,16.4,5.1,0.0,18120.0,토마토,5kg
2022-04-05,10.3,15.8,4.9,0.0,17800.0,토마토,5kg
2022-04-05,10.3,15.8,4.9,0.0,14000.0,토마토,5kg
2022-04-06,11.7,17.0,8.0,0.0,17000.0,토마토,5kg
2022-04-06,11.7,17.0,8.0,0.0,13200.0,토마토,5kg
2022-04-07,10.9,15.7,7.4,0.0,15440.0,토마토,5kg
2022-04-07,10.9,15.7,7.4,0.0,11640.0,토마토,5kg
2022-04-08,12.9,20.0,5.1,0.0,15440.0,토마토,5kg
2022-04-08,12.9,20.0,5.1,0.0,11640.0,토마토,5kg
2022-04-09,17.8,24.2,12.4,0.5,0.0,토마토,5kg
2022-04-09,17.8,24.2,12.4,0.5,0.0,토마토,5kg
2022-04-10,18.2,25.1,12.7,0.0,0.0,토마토,5kg
2022-04-11,19.6,26.6,13.4,0.0,11720.0,토마토,5kg
2022-04-11,19.6,26.6,13.4,0.0,15520.0,토마토,5kg
2022-04-12,19.3,26.4,15.9,0.5,15120.0,토마토,5kg
2022-04-12,19.3,26.4,15.9,0.5,11320.0,토마토,5kg
2022-04-13,13.1,15.9,12.0,1.3,14800.0,토마토,5kg
2022-04-13,13.1,15.9,12.0,1.3,11000.0,토마토,5kg
2022-04-14,13.2,15.3,11.4,0.0,13080.0,토마토,5kg
2022-04-14,13.2,15.3,11.4,0.0,9520.0,토마토,5kg
2022-04-15,13.3,19.3,7.5,0.0,12960.0,토마토,5kg
2022-04-15,13.3,19.3,7.5,0.0,9520.0,토마토,5kg
2022-04-16,13.2,20.2,7.1,0.0,0.0,토마토,5kg
2022-04-16,13.2,20.2,7.1,0.0,0.0,토마토,5kg
2022-04-17,14.0,21.9,7.2,0.0,0.0,토마토,5kg
2022-04-18,15.2,21.6,11.4,0.0,9660.0,토마토,5kg
2022-04-18,15.2,21.6,11.4,0.0,13100.0,토마토,5kg
2022-04-19,15.2,22.1,8.9,0.0,13100.0,토마토,5kg
2022-04-19,15.2,22.1,8.9,0.0,9660.0,토마토,5kg
2022-04-20,15.7,22.1,9.7,0.0,12900.0,토마토,5kg
2022-04-20,15.7,22.1,9.7,0.0,9470.0,토마토,5kg
2022-04-21,16.3,22.7,9.6,0.0,12720.0,토마토,5kg
2022-04-21,16.3,22.7,9.6,0.0,9290.0,토마토,5kg
2022-04-22,15.0,16.8,13.2,0.0,12720.0,토마토,5kg
2022-04-22,15.0,16.8,13.2,0.0,9290.0,토마토,5kg
2022-04-23,17.7,25.3,10.4,0.0,0.0,토마토,5kg
2022-04-23,17.7,25.3,10.4,0.0,0.0,토마토,5kg
2022-04-24,18.5,24.5,15.0,0.3,0.0,토마토,5kg
2022-04-25,20.0,23.6,17.0,1.3,8550.0,토마토,5kg
2022-04-25,20.0,23.6,17.0,1.3,11980.0,토마토,5kg
2022-04-26,21.9,28.7,17.0,1.0,12280.0,토마토,5kg
2022-04-26,21.9,28.7,17.0,1.0,9010.0,토마토,5kg
2022-04-27,17.7,23.9,12.6,0.0,12280.0,토마토,5kg
2022-04-27,17.7,23.9,12.6,0.0,9010.0,토마토,5kg
2022-04-28,18.2,25.9,11.6,0.0,12220.0,토마토,5kg
2022-04-28,18.2,25.9,11.6,0.0,8950.0,토마토,5kg
2022-04-29,13.4,16.5,10.7,15.5,13300.0,토마토,5kg
2022-04-29,13.4,16.5,10.7,15.5,9660.0,토마토,5kg
2022-04-30,13.0,17.8,10.5,0.0,0.0,토마토,5kg
2022-04-30,13.0,17.8,10.5,0.0,0.0,토마토,5kg
2022-05-01,13.4,19.2,7.9,0.0,0.0,토마토,5kg
2022-05-02,14.2,19.4,9.1,0.0,9580.0,토마토,5kg
2022-05-02,14.2,19.4,9.1,0.0,13340.0,토마토,5kg
2022-05-03,14.8,20.8,9.1,0.0,13340.0,토마토,5kg
2022-05-03,14.8,20.8,9.1,0.0,9580.0,토마토,5kg
2022-05-04,17.8,25.2,10.0,0.0,14280.0,토마토,5kg
2022-05-04,17.8,25.2,10.0,0.0,10520.0,토마토,5kg
2022-05-05,18.9,25.8,12.5,0.0,0.0,토마토,5kg
2022-05-05,18.9,25.8,12.5,0.0,0.0,토마토,5kg
2022-05-06,19.6,25.6,13.7,0.0,14880.0,토마토,5kg
2022-05-06,19.6,25.6,13.7,0.0,10920.0,토마토,5kg
2022-05-07,18.4,23.1,15.3,0.5,0.0,토마토,5kg
2022-05-07,18.4,23.1,15.3,0.5,0.0,토마토,5kg
2022-05-08,15.3,18.2,11.7,2.0,0.0,토마토,5kg
2022-05-09,17.9,25.3,11.0,0.0,11120.0,토마토,5kg
2022-05-09,17.9,25.3,11.0,0.0,15080.0,토마토,5kg
2022-05-10,19.9,26.3,13.6,0.0,15200.0,토마토,5kg
2022-05-10,19.9,26.3,13.6,0.0,11240.0,토마토,5kg
2022-05-11,19.7,25.2,16.6,0.0,14400.0,토마토,5kg
2022-05-11,19.7,25.2,16.6,0.0,10440.0,토마토,5kg
2022-05-12,20.9,28.1,14.1,0.0,14400.0,토마토,5kg
2022-05-12,20.9,28.1,14.1,0.0,10440.0,토마토,5kg
2022-05-13,19.4,25.2,15.0,0.0,14140.0,토마토,5kg
2022-05-13,19.4,25.2,15.0,0.0,10180.0,토마토,5kg
2022-05-14,15.7,20.0,11.9,0.0,0.0,토마토,5kg
2022-05-14,15.7,20.0,11.9,0.0,0.0,토마토,5kg
2022-05-15,16.2,22.4,10.5,0.0,0.0,토마토,5kg
2022-05-16,17.3,23.7,10.9,0.0,9180.0,토마토,5kg
2022-05-16,17.3,23.7,10.9,0.0,13140.0,토마토,5kg
2022-05-17,20.0,27.4,13.0,0.0,13100.0,토마토,5kg
2022-05-17,20.0,27.4,13.0,0.0,9140.0,토마토,5kg
2022-05-18,20.0,25.4,15.7,1.5,12900.0,토마토,5kg
2022-05-18,20.0,25.4,15.7,1.5,9140.0,토마토,5kg
2022-05-19,19.9,24.2,16.1,0.0,12280.0,토마토,5kg
2022-05-19,19.9,24.2,16.1,0.0,8862.0,토마토,5kg
2022-05-20,20.6,25.8,15.6,0.0,12280.0,토마토,5kg
2022-05-20,20.6,25.8,15.6,0.0,8862.0,토마토,5kg
2022-05-21,20.1,26.0,16.1,0.0,0.0,토마토,5kg
2022-05-21,20.1,26.0,16.1,0.0,0.0,토마토,5kg
2022-05-22,20.3,25.8,15.7,0.0,0.0,토마토,5kg
2022-05-23,23.0,30.7,17.8,0.0,8622.0,토마토,5kg
2022-05-23,23.0,30.7,17.8,0.0,11880.0,토마토,5kg
2022-05-24,22.9,30.2,16.7,0.0,12280.0,토마토,5kg
2022-05-24,22.9,30.2,16.7,0.0,9022.0,토마토,5kg
2022-05-25,21.0,26.7,16.7,3.5,12240.0,토마토,5kg
2022-05-25,21.0,26.7,16.7,3.5,8972.0,토마토,5kg
2022-05-26,18.7,23.5,14.1,0.0,11880.0,토마토,5kg
2022-05-26,18.7,23.5,14.1,0.0,8822.0,토마토,5kg
2022-05-27,20.0,25.6,16.0,0.0,11680.0,토마토,5kg
2022-05-27,20.0,25.6,16.0,0.0,8622.0,토마토,5kg
2022-05-28,22.3,29.3,15.0,0.0,0.0,토마토,5kg
2022-05-28,22.3,29.3,15.0,0.0,0.0,토마토,5kg
2022-05-29,23.1,29.7,19.3,0.0,0.0,토마토,5kg
2022-05-30,20.8,24.7,17.2,0.0,8502.0,토마토,5kg
2022-05-30,20.8,24.7,17.2,0.0,11680.0,토마토,5kg
2022-05-31,20.7,27.2,14.2,0.0,11600.0,토마토,5kg
2022-05-31,20.7,27.2,14.2,0.0,8422.0,토마토,5kg
2022-06-01,22.1,28.6,16.2,0.0,0.0,토마토,5kg
2022-06-01,22.1,28.6,16.2,0.0,0.0,토마토,5kg
2022-06-02,21.5,26.9,17.1,0.0,11480.0,토마토,5kg
2022-06-02,21.5,26.9,17.1,0.0,8290.0,토마토,5kg
2022-06-03,24.5,32.6,18.7,0.0,10990.0,토마토,5kg
2022-06-03,24.5,32.6,18.7,0.0,7790.0,토마토,5kg
2022-06-04,25.6,29.7,20.3,0.0,0.0,토마토,5kg
2022-06-04,25.6,29.7,20.3,0.0,0.0,토마토,5kg
2022-06-05,22.7,27.0,20.2,0.0,0.0,토마토,5kg
2022-06-06,19.7,24.5,16.7,4.3,0.0,토마토,5kg
2022-06-06,19.7,24.5,16.7,4.3,0.0,토마토,5kg
2022-06-07,20.6,25.1,15.1,0.0,10960.0,토마토,5kg
2022-06-07,20.6,25.1,15.1,0.0,7622.0,토마토,5kg
2022-06-08,21.2,25.8,16.2,0.0,7622.0,토마토,5kg
2022-06-08,21.2,25.8,16.2,0.0,10960.0,토마토,5kg
2022-06-09,20.9,24.5,18.5,2.6,11140.0,토마토,5kg
2022-06-09,20.9,24.5,18.5,2.6,7762.0,토마토,5kg
2022-06-10,20.9,26.6,17.2,1.2,11340.0,토마토,5kg
2022-06-10,20.9,26.6,17.2,1.2,7962.0,토마토,5kg
2022-06-11,24.6,32.7,17.7,0.0,0.0,토마토,5kg
2022-06-11,24.6,32.7,17.7,0.0,0.0,토마토,5kg
2022-06-12,24.6,31.5,18.9,0.0,0.0,토마토,5kg
2022-06-13,23.6,29.2,19.6,18.0,11860.0,토마토,5kg
2022-06-13,23.6,29.2,19.6,18.0,8802.0,토마토,5kg
2022-06-14,21.5,27.1,17.7,0.0,12260.0,토마토,5kg
2022-06-14,21.5,27.1,17.7,0.0,9202.0,토마토,5kg
2022-06-15,17.5,20.1,14.9,18.5,9070.0,토마토,5kg
2022-06-15,17.5,20.1,14.9,18.5,12060.0,토마토,5kg
2022-06-16,20.3,24.8,17.6,0.7,12260.0,토마토,5kg
2022-06-16,20.3,24.8,17.6,0.7,9270.0,토마토,5kg
2022-06-17,22.5,28.1,16.5,0.0,12380.0,토마토,5kg
2022-06-17,22.5,28.1,16.5,0.0,9470.0,토마토,5kg
2022-06-18,23.3,25.1,22.0,0.0,0.0,토마토,5kg
2022-06-18,23.3,25.1,22.0,0.0,0.0,토마토,5kg
2022-06-19,23.4,25.1,22.3,0.0,0.0,토마토,5kg
2022-06-20,25.2,29.0,22.0,0.0,11980.0,토마토,5kg
2022-06-20,25.2,29.0,22.0,0.0,9270.0,토마토,5kg
2022-06-21,26.5,32.6,21.2,0.0,12180.0,토마토,5kg
2022-06-21,26.5,32.6,21.2,0.0,9470.0,토마토,5kg
2022-06-22,25.9,31.0,21.9,0.0,9370.0,토마토,5kg
2022-06-22,25.9,31.0,21.9,0.0,12080.0,토마토,5kg
2022-06-23,24.3,26.4,23.3,103.0,12160.0,토마토,5kg
2022-06-23,24.3,26.4,23.3,103.0,9436.0,토마토,5kg
2022-06-24,22.6,24.9,20.6,19.1,11900.0,토마토,5kg
2022-06-24,22.6,24.9,20.6,19.1,9182.0,토마토,5kg
2022-06-25,26.0,30.5,21.5,0.0,0.0,토마토,5kg
2022-06-25,26.0,30.5,21.5,0.0,0.0,토마토,5kg
2022-06-26,26.5,28.1,24.8,0.0,0.0,토마토,5kg
2022-06-27,26.8,28.1,25.4,6.1,11280.0,토마토,5kg
2022-06-27,26.8,28.1,25.4,6.1,8582.0,토마토,5kg
2022-06-28,26.9,27.9,25.7,6.3,11280.0,토마토,5kg
2022-06-28,26.9,27.9,25.7,6.3,8582.0,토마토,5kg
2022-06-29,25.1,26.1,24.4,37.8,8514.0,토마토,5kg
2022-06-29,25.1,26.1,24.4,37.8,11080.0,토마토,5kg
2022-06-30,22.3,24.5,21.2,176.2,10620.0,토마토,5kg
2022-06-30,22.3,24.5,21.2,176.2,8048.0,토마토,5kg
2022-07-01,26.6,30.9,21.9,0.0,10036.0,토마토,5kg
2022-07-01,26.6,30.9,21.9,0.0,7472.0,토마토,5kg
2022-07-02,28.8,33.8,24.0,0.0,0.0,토마토,5kg
2022-07-02,28.8,33.8,24.0,0.0,0.0,토마토,5kg
2022-07-03,29.3,34.2,24.4,0.0,0.0,토마토,5kg
2022-07-04,29.3,32.6,26.4,0.0,10236.0,토마토,5kg
2022-07-04,29.3,32.6,26.4,0.0,7672.0,토마토,5kg
2022-07-05,29.2,33.1,26.7,0.0,10270.0,토마토,5kg
2022-07-05,29.2,33.1,26.7,0.0,7672.0,토마토,5kg
2022-07-06,29.5,33.3,26.2,16.1,7406.0,토마토,5kg
2022-07-06,29.5,33.3,26.2,16.1,10016.0,토마토,5kg
2022-07-07,28.2,31.0,26.4,0.0,10740.0,토마토,5kg
2022-07-07,28.2,31.0,26.4,0.0,8116.0,토마토,5kg
2022-07-08,25.8,27.9,24.0,1.7,12240.0,토마토,5kg
2022-07-08,25.8,27.9,24.0,1.7,9450.0,토마토,5kg
2022-07-09,26.9,30.9,24.0,0.1,0.0,토마토,5kg
2022-07-09,26.9,30.9,24.0,0.1,0.0,토마토,5kg
2022-07-10,29.2,35.1,24.6,0.0,0.0,토마토,5kg
2022-07-11,27.0,30.6,24.7,9.0,13160.0,토마토,5kg
2022-07-11,27.0,30.6,24.7,9.0,10170.0,토마토,5kg
2022-07-12,26.8,29.4,23.2,0.0,13360.0,토마토,5kg
2022-07-12,26.8,29.4,23.2,0.0,10370.0,토마토,5kg
2022-07-13,25.0,27.1,24.0,114.5,11150.0,토마토,5kg
2022-07-13,25.0,27.1,24.0,114.5,13940.0,토마토,5kg
2022-07-14,25.7,29.9,23.3,0.9,14560.0,토마토,5kg
2022-07-14,25.7,29.9,23.3,0.9,11640.0,토마토,5kg
2022-07-15,26.0,30.3,23.0,0.0,17060.0,토마토,5kg
2022-07-15,26.0,30.3,23.0,0.0,13660.0,토마토,5kg
2022-07-16,24.8,28.2,23.2,34.0,0.0,토마토,5kg
2022-07-16,24.8,28.2,23.2,34.0,0.0,토마토,5kg
2022-07-17,25.5,29.7,22.5,0.0,0.0,토마토,5kg
2022-07-18,26.8,30.1,23.1,0.0,17260.0,토마토,5kg
2022-07-18,26.8,30.1,23.1,0.0,13860.0,토마토,5kg
2022-07-19,27.4,31.1,24.3,0.0,17460.0,토마토,5kg
2022-07-19,27.4,31.1,24.3,0.0,14060.0,토마토,5kg
2022-07-20,27.1,30.4,24.3,1.1,14260.0,토마토,5kg
2022-07-20,27.1,30.4,24.3,1.1,17660.0,토마토,5kg
2022-07-21,23.2,25.2,20.8,10.4,19340.0,토마토,5kg
2022-07-21,23.2,25.2,20.8,10.4,15640.0,토마토,5kg
2022-07-22,25.1,27.5,22.9,5.2,21660.0,토마토,5kg
2022-07-22,25.1,27.5,22.9,5.2,17960.0,토마토,5kg
2022-07-23,24.8,28.0,22.3,9.9,0.0,토마토,5kg
2022-07-23,24.8,28.0,22.3,9.9,0.0,토마토,5kg
2022-07-24,25.0,28.4,22.0,1.2,0.0,토마토,5kg
2022-07-25,27.5,32.0,23.6,0.0,20340.0,토마토,5kg
2022-07-25,27.5,32.0,23.6,0.0,16940.0,토마토,5kg
2022-07-26,28.9,33.1,24.4,0.0,18200.0,토마토,5kg
2022-07-26,28.9,33.1,24.4,0.0,14800.0,토마토,5kg
2022-07-27,29.3,33.4,26.4,0.0,15120.0,토마토,5kg
2022-07-27,29.3,33.4,26.4,0.0,18520.0,토마토,5kg
2022-07-28,29.7,34.4,25.1,0.0,18780.0,토마토,5kg
2022-07-28,29.7,34.4,25.1,0.0,15380.0,토마토,5kg
2022-07-29,30.7,34.3,27.3,0.0,20040.0,토마토,5kg
2022-07-29,30.7,34.3,27.3,0.0,16640.0,토마토,5kg
2022-07-30,30.9,36.1,27.3,1.0,0.0,토마토,5kg
2022-07-30,30.9,36.1,27.3,1.0,0.0,토마토,5kg
2022-07-31,27.2,29.0,25.4,47.2,0.0,토마토,5kg
2022-08-01,28.6,32.4,25.4,30.0,20580.0,토마토,5kg
2022-08-01,28.6,32.4,25.4,30.0,17180.0,토마토,5kg
2022-08-02,26.8,28.5,25.5,33.5,20220.0,토마토,5kg
2022-08-02,26.8,28.5,25.5,33.5,16820.0,토마토,5kg
2022-08-03,27.1,30.0,25.2,51.1,20180.0,토마토,5kg
2022-08-03,27.1,30.0,25.2,51.1,16720.0,토마토,5kg
2022-08-04,28.9,32.9,26.0,0.0,16920.0,토마토,5kg
2022-08-04,28.9,32.9,26.0,0.0,20380.0,토마토,5kg
2022-08-05,29.4,32.7,27.0,0.0,21380.0,토마토,5kg
2022-08-05,29.4,32.7,27.0,0.0,17720.0,토마토,5kg
2022-08-06,28.7,30.3,27.4,13.6,0.0,토마토,5kg
2022-08-06,28.7,30.3,27.4,13.6,0.0,토마토,5kg
2022-08-07,28.9,31.7,27.2,0.9,0.0,토마토,5kg
2022-08-08,26.8,28.4,0.0,129.6,19920.0,토마토,5kg
2022-08-08,26.8,28.4,0.0,129.6,16240.0,토마토,5kg
2022-08-09,25.1,26.5,22.0,123.1,20520.0,토마토,5kg
2022-08-09,25.1,26.5,22.0,123.1,16840.0,토마토,5kg
2022-08-10,24.7,28.8,21.4,7.6,18840.0,토마토,5kg
2022-08-10,24.7,28.8,21.4,7.6,15240.0,토마토,5kg
2022-08-11,25.0,27.5,23.4,38.8,14600.0,토마토,5kg
2022-08-11,25.0,27.5,23.4,38.8,18200.0,토마토,5kg
2022-08-12,27.0,32.4,23.0,0.0,18140.0,토마토,5kg
2022-08-12,27.0,32.4,23.0,0.0,14540.0,토마토,5kg
2022-08-13,25.8,27.5,24.7,4.0,0.0,토마토,5kg
2022-08-13,25.8,27.5,24.7,4.0,0.0,토마토,5kg
2022-08-14,27.6,31.5,24.5,3.0,0.0,토마토,5kg
2022-08-15,28.1,29.8,26.6,0.9,0.0,토마토,5kg
2022-08-15,28.1,29.8,26.6,0.9,0.0,토마토,5kg
2022-08-16,26.7,30.0,24.1,0.0,16880.0,토마토,5kg
2022-08-16,26.7,30.0,24.1,0.0,13486.0,토마토,5kg
2022-08-17,26.0,30.5,22.8,0.0,16080.0,토마토,5kg
2022-08-17,26.0,30.5,22.8,0.0,12686.0,토마토,5kg
2022-08-18,25.6,29.8,22.4,0.0,12686.0,토마토,5kg
2022-08-18,25.6,29.8,22.4,0.0,16080.0,토마토,5kg
2022-08-19,26.0,27.5,23.3,66.1,16180.0,토마토,5kg
2022-08-19,26.0,27.5,23.3,66.1,12786.0,토마토,5kg
2022-08-20,28.2,32.0,25.7,0.0,0.0,토마토,5kg
2022-08-20,28.2,32.0,25.7,0.0,0.0,토마토,5kg
2022-08-21,28.1,32.0,24.7,0.0,0.0,토마토,5kg
2022-08-22,26.8,30.2,22.9,3.2,14840.0,토마토,5kg
2022-08-22,26.8,30.2,22.9,3.2,11446.0,토마토,5kg
2022-08-23,25.4,30.2,22.4,2.2,17240.0,토마토,5kg
2022-08-23,25.4,30.2,22.4,2.2,13840.0,토마토,5kg
2022-08-24,24.8,27.9,22.4,0.0,17380.0,토마토,5kg
2022-08-24,24.8,27.9,22.4,0.0,13980.0,토마토,5kg
2022-08-25,22.2,24.0,21.1,1.6,16120.0,토마토,5kg
2022-08-25,22.2,24.0,21.1,1.6,19520.0,토마토,5kg
2022-08-26,23.8,28.4,19.9,0.0,21280.0,토마토,5kg
2022-08-26,23.8,28.4,19.9,0.0,17880.0,토마토,5kg
2022-08-27,21.5,25.5,17.6,17.6,0.0,토마토,5kg
2022-08-27,21.5,25.5,17.6,17.6,0.0,토마토,5kg
2022-08-28,22.6,28.4,16.1,0.0,0.0,토마토,5kg
2022-08-29,21.0,22.5,19.5,2.2,23400.0,토마토,5kg
2022-08-29,21.0,22.5,19.5,2.2,20040.0,토마토,5kg
2022-08-30,19.1,20.3,17.9,35.8,23600.0,토마토,5kg
2022-08-30,19.1,20.3,17.9,35.8,20240.0,토마토,5kg
2022-08-31,21.7,24.9,19.6,0.0,23800.0,토마토,5kg
2022-08-31,21.7,24.9,19.6,0.0,20440.0,토마토,5kg
2022-09-01,24.0,30.4,18.3,0.0,20440.0,토마토,5kg
2022-09-01,24.0,30.4,18.3,0.0,23800.0,토마토,5kg
2022-09-02,24.7,29.8,20.3,0.0,19980.0,토마토,5kg
2022-09-02,24.7,29.8,20.3,0.0,23340.0,토마토,5kg
2022-09-03,24.2,29.2,20.5,0.0,0.0,토마토,5kg
2022-09-03,24.2,29.2,20.5,0.0,0.0,토마토,5kg
2022-09-04,22.3,24.0,19.8,33.8,0.0,토마토,5kg
2022-09-05,19.2,22.7,17.7,120.0,23540.0,토마토,5kg
2022-09-05,19.2,22.7,17.7,120.0,20180.0,토마토,5kg
2022-09-06,21.0,26.3,17.0,25.3,24680.0,토마토,5kg
2022-09-06,21.0,26.3,17.0,25.3,21280.0,토마토,5kg
2022-09-07,22.8,28.1,17.9,0.0,24800.0,토마토,5kg
2022-09-07,22.8,28.1,17.9,0.0,21400.0,토마토,5kg
2022-09-08,23.2,29.5,16.7,0.0,23680.0,토마토,5kg
2022-09-08,23.2,29.5,16.7,0.0,20280.0,토마토,5kg
2022-09-09,24.3,30.8,18.9,0.0,0.0,토마토,5kg
2022-09-09,24.3,30.8,18.9,0.0,0.0,토마토,5kg
2022-09-10,23.6,28.4,19.0,0.0,0.0,토마토,5kg
2022-09-11,23.3,26.4,20.6,0.1,0.0,토마토,5kg
2022-09-12,23.8,27.5,20.3,0.0,0.0,토마토,5kg
2022-09-12,23.8,27.5,20.3,0.0,0.0,토마토,5kg
2022-09-13,24.3,26.4,21.8,0.0,22040.0,토마토,5kg
2022-09-13,24.3,26.4,21.8,0.0,18640.0,토마토,5kg
2022-09-14,24.6,27.9,22.7,0.0,19800.0,토마토,5kg
2022-09-14,24.6,27.9,22.7,0.0,16400.0,토마토,5kg
2022-09-15,25.2,28.3,22.0,0.1,19600.0,토마토,5kg
2022-09-15,25.2,28.3,22.0,0.1,16200.0,토마토,5kg
2022-09-16,25.7,29.9,23.4,14.6,16120.0,토마토,5kg
2022-09-16,25.7,29.9,23.4,14.6,19520.0,토마토,5kg
2022-09-17,25.6,29.4,23.3,4.3,0.0,토마토,5kg
2022-09-17,25.6,29.4,23.3,4.3,0.0,토마토,5kg
2022-09-18,27.1,32.5,23.0,0.0,0.0,토마토,5kg
2022-09-19,24.6,29.6,19.5,0.0,17280.0,토마토,5kg
2022-09-19,24.6,29.6,19.5,0.0,13880.0,토마토,5kg
2022-09-20,19.9,24.6,16.1,0.0,17480.0,토마토,5kg
2022-09-20,19.9,24.6,16.1,0.0,14080.0,토마토,5kg
2022-09-21,19.4,25.6,13.0,0.0,19520.0,토마토,5kg
2022-09-21,19.4,25.6,13.0,0.0,16120.0,토마토,5kg
2022-09-22,19.8,24.7,14.2,0.0,19520.0,토마토,5kg
2022-09-22,19.8,24.7,14.2,0.0,16120.0,토마토,5kg
2022-09-23,17.5,22.2,14.7,3.3,22320.0,토마토,5kg
2022-09-23,17.5,22.2,14.7,3.3,18920.0,토마토,5kg
2022-09-24,18.5,24.2,12.3,0.0,0.0,토마토,5kg
2022-09-24,18.5,24.2,12.3,0.0,0.0,토마토,5kg
2022-09-25,19.6,25.2,15.4,0.0,0.0,토마토,5kg
2022-09-26,20.0,25.4,14.8,0.0,21680.0,토마토,5kg
2022-09-26,20.0,25.4,14.8,0.0,18480.0,토마토,5kg
2022-09-27,20.9,28.0,14.0,0.0,24000.0,토마토,5kg
2022-09-27,20.9,28.0,14.0,0.0,20600.0,토마토,5kg
2022-09-28,20.4,26.1,16.1,0.0,28620.0,토마토,5kg
2022-09-28,20.4,26.1,16.1,0.0,25220.0,토마토,5kg
2022-09-29,20.4,26.5,16.4,0.0,32900.0,토마토,5kg
2022-09-29,20.4,26.5,16.4,0.0,29440.0,토마토,5kg
2022-09-30,20.7,27.7,14.8,0.0,35120.0,토마토,5kg
2022-09-30,20.7,27.7,14.8,0.0,31720.0,토마토,5kg
2022-10-01,20.9,27.6,14.4,0.0,0.0,토마토,5kg
2022-10-01,20.9,27.6,14.4,0.0,0.0,토마토,5kg
2022-10-02,19.4,21.6,17.2,15.8,0.0,토마토,5kg
2022-10-03,21.4,23.4,17.5,76.0,0.0,토마토,5kg
2022-10-03,21.4,23.4,17.5,76.0,0.0,토마토,5kg
2022-10-04,17.9,23.0,14.2,11.8,34500.0,토마토,5kg
2022-10-04,17.9,23.0,14.2,11.8,31100.0,토마토,5kg
2022-10-05,16.6,21.6,14.1,0.1,34760.0,토마토,5kg
2022-10-05,16.6,21.6,14.1,0.1,31360.0,토마토,5kg
2022-10-06,15.8,19.1,12.7,0.0,35160.0,토마토,5kg
2022-10-06,15.8,19.1,12.7,0.0,31760.0,토마토,5kg
2022-10-07,14.3,18.6,11.0,0.0,35300.0,토마토,5kg
2022-10-07,14.3,18.6,11.0,0.0,31900.0,토마토,5kg
2022-10-08,15.8,21.6,11.1,0.0,0.0,토마토,5kg
2022-10-08,15.8,21.6,11.1,0.0,0.0,토마토,5kg
2022-10-09,13.1,14.5,10.7,20.4,0.0,토마토,5kg
2022-10-10,9.9,11.9,8.2,0.0,0.0,토마토,5kg
2022-10-10,9.9,11.9,8.2,0.0,0.0,토마토,5kg
2022-10-11,11.1,16.4,7.4,0.0,25960.0,토마토,5kg
2022-10-11,11.1,16.4,7.4,0.0,22560.0,토마토,5kg
2022-10-12,13.5,20.6,6.5,0.0,23060.0,토마토,5kg
2022-10-12,13.5,20.6,6.5,0.0,19660.0,토마토,5kg
2022-10-13,16.3,22.7,10.7,0.0,22860.0,토마토,5kg
2022-10-13,16.3,22.7,10.7,0.0,19460.0,토마토,5kg
2022-10-14,17.1,23.0,12.4,0.0,22660.0,토마토,5kg
2022-10-14,17.1,23.0,12.4,0.0,19260.0,토마토,5kg
2022-10-15,18.2,24.4,12.6,0.0,0.0,토마토,5kg
2022-10-15,18.2,24.4,12.6,0.0,0.0,토마토,5kg
2022-10-16,16.9,20.5,15.1,0.0,0.0,토마토,5kg
2022-10-17,11.2,15.1,7.4,0.0,19360.0,토마토,5kg
2022-10-17,11.2,15.1,7.4,0.0,22760.0,토마토,5kg
2022-10-18,9.4,14.2,5.0,0.0,22720.0,토마토,5kg
2022-10-18,9.4,14.2,5.0,0.0,19320.0,토마토,5kg
2022-10-19,10.5,16.8,4.4,0.0,23060.0,토마토,5kg
2022-10-19,10.5,16.8,4.4,0.0,19660.0,토마토,5kg
2022-10-20,12.9,19.7,6.0,0.0,21680.0,토마토,5kg
2022-10-20,12.9,19.7,6.0,0.0,18280.0,토마토,5kg
2022-10-21,14.0,20.9,8.8,0.0,21580.0,토마토,5kg
2022-10-21,14.0,20.9,8.8,0.0,18180.0,토마토,5kg
2022-10-22,15.1,20.8,10.5,0.0,0.0,토마토,5kg
2022-10-22,15.1,20.8,10.5,0.0,0.0,토마토,5kg
2022-10-23,14.0,18.6,10.4,0.0,0.0,토마토,5kg
2022-10-24,10.6,14.8,7.5,0.0,17180.0,토마토,5kg
2022-10-24,10.6,14.8,7.5,0.0,20580.0,토마토,5kg
2022-10-25,11.3,17.6,5.9,0.0,21200.0,토마토,5kg
2022-10-25,11.3,17.6,5.9,0.0,17800.0,토마토,5kg
2022-10-26,12.9,17.8,8.0,0.0,21460.0,토마토,5kg
2022-10-26,12.9,17.8,8.0,0.0,18060.0,토마토,5kg
2022-10-27,13.2,18.9,8.6,0.0,20860.0,토마토,5kg
2022-10-27,13.2,18.9,8.6,0.0,17460.0,토마토,5kg
2022-10-28,13.6,20.6,8.2,0.0,20660.0,토마토,5kg
2022-10-28,13.6,20.6,8.2,0.0,17260.0,토마토,5kg
2022-10-29,14.8,21.3,10.2,0.0,0.0,토마토,5kg
2022-10-29,14.8,21.3,10.2,0.0,0.0,토마토,5kg
2022-10-30,14.9,21.3,10.4,0.0,0.0,토마토,5kg
2022-10-31,14.9,21.1,11.2,0.0,14740.0,토마토,5kg
2022-10-31,14.9,21.1,11.2,0.0,18140.0,토마토,5kg
2022-11-01,13.1,17.8,9.4,0.0,18280.0,토마토,5kg
2022-11-01,13.1,17.8,9.4,0.0,14880.0,토마토,5kg
2022-11-02,11.1,17.9,5.5,0.0,18080.0,토마토,5kg
2022-11-02,11.1,17.9,5.5,0.0,14680.0,토마토,5kg
2022-11-03,9.3,13.4,5.6,0.0,18100.0,토마토,5kg
2022-11-03,9.3,13.4,5.6,0.0,14700.0,토마토,5kg
2022-11-04,4.9,9.8,1.6,0.0,18840.0,토마토,5kg
2022-11-04,4.9,9.8,1.6,0.0,15440.0,토마토,5kg
2022-11-05,6.5,13.6,0.8,0.0,0.0,토마토,5kg
2022-11-05,6.5,13.6,0.8,0.0,0.0,토마토,5kg
2022-11-06,9.6,16.4,3.7,0.0,0.0,토마토,5kg
2022-11-07,11.4,16.6,6.1,0.0,14700.0,토마토,5kg
2022-11-07,11.4,16.6,6.1,0.0,18100.0,토마토,5kg
2022-11-08,12.9,17.9,9.7,0.0,18040.0,토마토,5kg
2022-11-08,12.9,17.9,9.7,0.0,14640.0,토마토,5kg
2022-11-09,11.4,16.0,6.7,0.0,18080.0,토마토,5kg
2022-11-09,11.4,16.0,6.7,0.0,14680.0,토마토,5kg
2022-11-10,13.5,19.1,8.8,0.0,17940.0,토마토,5kg
2022-11-10,13.5,19.1,8.8,0.0,14540.0,토마토,5kg
2022-11-11,15.6,22.1,10.9,0.0,17460.0,토마토,5kg
2022-11-11,15.6,22.1,10.9,0.0,14060.0,토마토,5kg
2022-11-12,16.3,22.0,11.6,57.9,0.0,토마토,5kg
2022-11-12,16.3,22.0,11.6,57.9,0.0,토마토,5kg
2022-11-13,10.3,17.3,8.7,0.0,0.0,토마토,5kg
2022-11-14,9.7,13.8,5.9,0.0,14460.0,토마토,5kg
2022-11-14,9.7,13.8,5.9,0.0,17860.0,토마토,5kg
2022-11-15,8.1,12.3,4.0,1.6,17460.0,토마토,5kg
2022-11-15,8.1,12.3,4.0,1.6,14060.0,토마토,5kg
2022-11-16,8.5,13.0,5.5,0.0,18180.0,토마토,5kg
2022-11-16,8.5,13.0,5.5,0.0,14780.0,토마토,5kg
2022-11-17,10.2,16.6,5.4,0.0,18320.0,토마토,5kg
2022-11-17,10.2,16.6,5.4,0.0,14920.0,토마토,5kg
2022-11-18,11.0,18.1,5.3,0.0,19340.0,토마토,5kg
2022-11-18,11.0,18.1,5.3,0.0,15940.0,토마토,5kg
2022-11-19,12.9,19.2,8.7,0.0,0.0,토마토,5kg
2022-11-19,12.9,19.2,8.7,0.0,0.0,토마토,5kg
2022-11-20,13.7,20.2,9.5,0.0,0.0,토마토,5kg
2022-11-21,11.8,16.2,9.3,0.0,14320.0,토마토,5kg
2022-11-21,11.8,16.2,9.3,0.0,17720.0,토마토,5kg
2022-11-22,10.7,13.7,7.0,0.0,17320.0,토마토,5kg
2022-11-22,10.7,13.7,7.0,0.0,13920.0,토마토,5kg
2022-11-23,10.8,15.2,6.8,0.0,16400.0,토마토,5kg
2022-11-23,10.8,15.2,6.8,0.0,13000.0,토마토,5kg
2022-11-24,9.4,14.1,5.9,0.0,15320.0,토마토,5kg
2022-11-24,9.4,14.1,5.9,0.0,11920.0,토마토,5kg
2022-11-25,12.3,17.8,7.1,1.7,14320.0,토마토,5kg
2022-11-25,12.3,17.8,7.1,1.7,10720.0,토마토,5kg
2022-11-26,6.7,12.9,1.0,0.0,0.0,토마토,5kg
2022-11-26,6.7,12.9,1.0,0.0,0.0,토마토,5kg
2022-11-27,5.4,11.5,-1.1,0.0,0.0,토마토,5kg
2022-11-28,12.3,15.0,7.5,19.5,14380.0,토마토,5kg
2022-11-28,12.3,15.0,7.5,19.5,10780.0,토마토,5kg
2022-11-29,6.9,15.0,-1.6,3.8,10320.0,토마토,5kg
2022-11-29,6.9,15.0,-1.6,3.8,13760.0,토마토,5kg
2022-11-30,-5.4,-1.6,-8.1,0.0,13160.0,토마토,5kg
2022-11-30,-5.4,-1.6,-8.1,0.0,9720.0,토마토,5kg
2022-12-01,-5.4,-1.2,-9.4,0.0,13280.0,토마토,5kg
2022-12-01,-5.4,-1.2,-9.4,0.0,9800.0,토마토,5kg
2022-12-02,-2.5,3.0,-7.6,0.0,0.0,토마토,5kg
2022-12-02,-2.5,3.0,-7.6,0.0,0.0,토마토,5kg
2022-12-03,2.1,7.0,-0.3,1.1,0.0,토마토,5kg
2022-12-04,-3.5,-0.2,-5.2,0.0,0.0,토마토,5kg
2022-12-05,-3.1,1.9,-7.0,0.0,13080.0,토마토,5kg
2022-12-05,-3.1,1.9,-7.0,0.0,9600.0,토마토,5kg
2022-12-06,0.9,5.3,-3.9,0.1,13200.0,토마토,5kg
2022-12-06,0.9,5.3,-3.9,0.1,9720.0,토마토,5kg
2022-12-07,4.9,9.0,1.2,0.1,9720.0,토마토,5kg
2022-12-07,4.9,9.0,1.2,0.1,13200.0,토마토,5kg
2022-12-08,3.7,9.1,0.1,0.0,13280.0,토마토,5kg
2022-12-08,3.7,9.1,0.1,0.0,9800.0,토마토,5kg
2022-12-09,4.5,10.2,0.9,0.0,13220.0,토마토,5kg
2022-12-09,4.5,10.2,0.9,0.0,9740.0,토마토,5kg
2022-12-10,2.6,6.7,-0.6,0.0,0.0,토마토,5kg
2022-12-10,2.6,6.7,-0.6,0.0,0.0,토마토,5kg
2022-12-11,1.6,6.8,-1.5,0.0,0.0,토마토,5kg
2022-12-12,2.0,6.3,-2.0,5.4,12740.0,토마토,5kg
2022-12-12,2.0,6.3,-2.0,5.4,9232.0,토마토,5kg
2022-12-13,0.0,3.1,-6.4,0.6,12540.0,토마토,5kg
2022-12-13,0.0,3.1,-6.4,0.6,9032.0,토마토,5kg
2022-12-14,-8.4,-4.9,-11.0,0.0,9232.0,토마토,5kg
2022-12-14,-8.4,-4.9,-11.0,0.0,12820.0,토마토,5kg
2022-12-15,-4.5,-1.3,-8.5,2.4,12980.0,토마토,5kg
2022-12-15,-4.5,-1.3,-8.5,2.4,9392.0,토마토,5kg
2022-12-16,-6.3,-2.2,-9.6,0.0,12980.0,토마토,5kg
2022-12-16,-6.3,-2.2,-9.6,0.0,9392.0,토마토,5kg
2022-12-17,-7.0,-3.2,-9.8,0.2,0.0,토마토,5kg
2022-12-17,-7.0,-3.2,-9.8,0.2,0.0,토마토,5kg
2022-12-18,-9.5,-5.6,-12.4,0.0,0.0,토마토,5kg
2022-12-19,-7.0,-2.5,-12.0,0.0,11980.0,토마토,5kg
2022-12-19,-7.0,-2.5,-12.0,0.0,8752.0,토마토,5kg
2022-12-20,-3.2,2.9,-9.5,0.0,11980.0,토마토,5kg
2022-12-20,-3.2,2.9,-9.5,0.0,8752.0,토마토,5kg
2022-12-21,-0.1,2.6,-2.6,3.6,8692.0,토마토,5kg
2022-12-21,-0.1,2.6,-2.6,3.6,11920.0,토마토,5kg
2022-12-22,-7.8,-2.6,-11.3,0.0,11920.0,토마토,5kg
2022-12-22,-7.8,-2.6,-11.3,0.0,8692.0,토마토,5kg
2022-12-23,-11.8,-8.6,-13.7,0.0,12120.0,토마토,5kg
2022-12-23,-11.8,-8.6,-13.7,0.0,8892.0,토마토,5kg
2022-12-24,-8.4,-2.0,-13.5,0.0,0.0,토마토,5kg
2022-12-24,-8.4,-2.0,-13.5,0.0,0.0,토마토,5kg
2022-12-25,-5.4,0.2,-9.6,0.0,0.0,토마토,5kg
2022-12-26,-3.9,1.7,-7.9,0.0,12120.0,토마토,5kg
2022-12-26,-3.9,1.7,-7.9,0.0,8720.0,토마토,5kg
2022-12-27,-2.6,3.3,-7.3,0.0,8464.0,토마토,5kg
2022-12-27,-2.6,3.3,-7.3,0.0,11840.0,토마토,5kg
2022-12-28,-3.3,0.1,-6.0,0.1,8726.0,토마토,5kg
2022-12-28,-3.3,0.1,-6.0,0.1,12120.0,토마토,5kg
2022-12-29,-2.9,2.1,-7.8,0.0,12600.0,토마토,5kg
2022-12-29,-2.9,2.1,-7.8,0.0,9200.0,토마토,5kg
2022-12-30,-1.8,2.3,-4.4,0.0,12600.0,토마토,5kg
2022-12-30,-1.8,2.3,-4.4,0.0,9200.0,토마토,5kg
2022-12-31,-1.2,2.1,-5.1,0.0,0.0,토마토,5kg
2022-12-31,-1.2,2.1,-5.1,0.0,0.0,토마토,5kg
2023-01-01,-0.2,3.8,-4.3,0.0,0.0,토마토,5kg
2023-01-02,-4.5,-0.4,-7.4,0.0,12400.0,토마토,5kg
2023-01-02,-4.5,-0.4,-7.4,0.0,9000.0,토마토,5kg
2023-01-03,-5.0,0.6,-9.0,0.0,13280.0,토마토,5kg
2023-01-03,-5.0,0.6,-9.0,0.0,9680.0,토마토,5kg
2023-01-04,-1.8,3.3,-5.7,0.0,9880.0,토마토,5kg
2023-01-04,-1.8,3.3,-5.7,0.0,13480.0,토마토,5kg
2023-01-05,-1.6,3.6,-5.6,0.0,12900.0,토마토,5kg
2023-01-05,-1.6,3.6,-5.6,0.0,9300.0,토마토,5kg
2023-01-06,0.6,5.7,-4.7,3.9,12860.0,토마토,5kg
2023-01-06,0.6,5.7,-4.7,3.9,9310.0,토마토,5kg
2023-01-07,1.5,3.8,-1.4,0.1,0.0,토마토,5kg
2023-01-07,1.5,3.8,-1.4,0.1,0.0,토마토,5kg
2023-01-08,1.3,6.3,-3.7,0.0,0.0,토마토,5kg
2023-01-09,3.1,7.0,-1.3,0.0,12580.0,토마토,5kg
2023-01-09,3.1,7.0,-1.3,0.0,9030.0,토마토,5kg
2023-01-10,1.6,9.1,-3.9,0.0,12380.0,토마토,5kg
2023-01-10,1.6,9.1,-3.9,0.0,8836.0,토마토,5kg
2023-01-11,2.6,9.2,-2.0,0.0,9016.0,토마토,5kg
2023-01-11,2.6,9.2,-2.0,0.0,12560.0,토마토,5kg
2023-01-12,5.9,12.5,-0.6,0.0,13860.0,토마토,5kg
2023-01-12,5.9,12.5,-0.6,0.0,10260.0,토마토,5kg
2023-01-13,8.3,10.1,5.1,37.3,14460.0,토마토,5kg
2023-01-13,8.3,10.1,5.1,37.3,10860.0,토마토,5kg
2023-01-14,6.6,8.4,3.8,1.6,0.0,토마토,5kg
2023-01-14,6.6,8.4,3.8,1.6,0.0,토마토,5kg
2023-01-15,-0.2,3.8,-3.5,3.2,0.0,토마토,5kg
2023-01-16,-4.6,-1.2,-6.8,0.0,13620.0,토마토,5kg
2023-01-16,-4.6,-1.2,-6.8,0.0,10020.0,토마토,5kg
2023-01-17,-3.7,-0.4,-7.0,0.0,13540.0,토마토,5kg
2023-01-17,-3.7,-0.4,-7.0,0.0,9940.0,토마토,5kg
2023-01-18,-1.9,2.2,-4.6,0.0,10326.0,토마토,5kg
2023-01-18,-1.9,2.2,-4.6,0.0,13980.0,토마토,5kg
2023-01-19,-0.4,4.3,-6.0,1.0,14180.0,토마토,5kg
2023-01-19,-0.4,4.3,-6.0,1.0,10526.0,토마토,5kg
2023-01-20,-3.3,2.0,-7.7,0.0,14580.0,토마토,5kg
2023-01-20,-3.3,2.0,-7.7,0.0,10926.0,토마토,5kg
2023-01-21,-4.5,1.5,-10.5,0.0,0.0,토마토,5kg
2023-01-21,-4.5,1.5,-10.5,0.0,0.0,토마토,5kg
2023-01-22,-0.6,2.6,-2.8,0.0,0.0,토마토,5kg
2023-01-23,-0.8,4.6,-6.9,0.0,0.0,토마토,5kg
2023-01-23,-0.8,4.6,-6.9,0.0,0.0,토마토,5kg
2023-01-24,-14.7,-6.9,-17.0,0.0,0.0,토마토,5kg
2023-01-24,-14.7,-6.9,-17.0,0.0,0.0,토마토,5kg
2023-01-25,-11.3,-5.4,-17.3,0.0,14180.0,토마토,5kg
2023-01-25,-11.3,-5.4,-17.3,0.0,10526.0,토마토,5kg
2023-01-26,-6.0,-3.5,-9.0,0.8,13360.0,토마토,5kg
2023-01-26,-6.0,-3.5,-9.0,0.8,9766.0,토마토,5kg
2023-01-27,-7.3,-3.8,-9.6,0.0,10492.0,토마토,5kg
2023-01-27,-7.3,-3.8,-9.6,0.0,14080.0,토마토,5kg
2023-01-28,-6.0,-0.6,-11.2,0.0,0.0,토마토,5kg
2023-01-28,-6.0,-0.6,-11.2,0.0,0.0,토마토,5kg
2023-01-29,-1.8,4.9,-8.0,0.0,0.0,토마토,5kg
2023-01-30,-0.9,4.2,-4.4,0.0,13880.0,토마토,5kg
2023-01-30,-0.9,4.2,-4.4,0.0,10292.0,토마토,5kg
2023-01-31,2.4,7.8,-3.5,0.0,13880.0,토마토,5kg
2023-01-31,2.4,7.8,-3.5,0.0,10292.0,토마토,5kg
2023-02-01,0.9,6.0,-3.0,0.0,13960.0,토마토,5kg
2023-02-01,0.9,6.0,-3.0,0.0,10360.0,토마토,5kg
2023-02-02,-2.4,1.4,-5.1,0.0,14980.0,토마토,5kg
2023-02-02,-2.4,1.4,-5.1,0.0,11380.0,토마토,5kg
2023-02-03,-1.6,3.4,-3.9,0.0,11980.0,토마토,5kg
2023-02-03,-1.6,3.4,-3.9,0.0,15580.0,토마토,5kg
2023-02-04,-0.2,6.0,-5.2,0.0,0.0,토마토,5kg
2023-02-04,-0.2,6.0,-5.2,0.0,0.0,토마토,5kg
2023-02-05,1.7,7.1,-3.3,0.0,0.0,토마토,5kg
2023-02-06,3.0,8.8,-1.7,0.0,16080.0,토마토,5kg
2023-02-06,3.0,8.8,-1.7,0.0,12480.0,토마토,5kg
2023-02-07,3.5,9.5,-0.6,0.0,17000.0,토마토,5kg
2023-02-07,3.5,9.5,-0.6,0.0,13400.0,토마토,5kg
2023-02-08,2.1,7.8,-1.3,0.0,18080.0,토마토,5kg
2023-02-08,2.1,7.8,-1.3,0.0,14480.0,토마토,5kg
2023-02-09,4.0,9.9,-2.8,0.0,17960.0,토마토,5kg
2023-02-09,4.0,9.9,-2.8,0.0,14360.0,토마토,5kg
2023-02-10,3.8,6.2,1.1,0.6,14360.0,토마토,5kg
2023-02-10,3.8,6.2,1.1,0.6,17960.0,토마토,5kg
2023-02-11,2.8,8.5,-1.2,0.0,0.0,토마토,5kg
2023-02-11,2.8,8.5,-1.2,0.0,0.0,토마토,5kg
2023-02-12,3.7,7.6,-0.9,0.0,0.0,토마토,5kg
2023-02-13,5.9,8.4,2.7,0.0,18100.0,토마토,5kg
2023-02-13,5.9,8.4,2.7,0.0,14500.0,토마토,5kg
2023-02-14,1.7,6.6,-2.5,0.0,18240.0,토마토,5kg
2023-02-14,1.7,6.6,-2.5,0.0,14640.0,토마토,5kg
2023-02-15,3.2,8.9,-1.2,0.0,18580.0,토마토,5kg
2023-02-15,3.2,8.9,-1.2,0.0,14900.0,토마토,5kg
2023-02-16,2.3,4.5,-0.7,0.0,18340.0,토마토,5kg
2023-02-16,2.3,4.5,-0.7,0.0,14660.0,토마토,5kg
2023-02-17,3.4,9.8,-1.5,0.0,15940.0,토마토,5kg
2023-02-17,3.4,9.8,-1.5,0.0,19620.0,토마토,5kg
2023-02-18,5.7,8.1,3.0,0.0,0.0,토마토,5kg
2023-02-18,5.7,8.1,3.0,0.0,0.0,토마토,5kg
2023-02-19,3.5,6.1,0.2,0.4,0.0,토마토,5kg
2023-02-20,-0.5,2.4,-3.5,0.0,21100.0,토마토,5kg
2023-02-20,-0.5,2.4,-3.5,0.0,17460.0,토마토,5kg
2023-02-21,-1.3,4.8,-5.3,0.0,21380.0,토마토,5kg
2023-02-21,-1.3,4.8,-5.3,0.0,17900.0,토마토,5kg
2023-02-22,1.2,8.4,-4.5,0.0,21360.0,토마토,5kg
2023-02-22,1.2,8.4,-4.5,0.0,17880.0,토마토,5kg
2023-02-23,2.9,9.2,-1.8,0.0,21940.0,토마토,5kg
2023-02-23,2.9,9.2,-1.8,0.0,18460.0,토마토,5kg
2023-02-24,3.5,8.5,-0.4,0.0,18300.0,토마토,5kg
2023-02-24,3.5,8.5,-0.4,0.0,21780.0,토마토,5kg
2023-02-25,0.7,5.7,-2.9,0.0,0.0,토마토,5kg
2023-02-25,0.7,5.7,-2.9,0.0,0.0,토마토,5kg
2023-02-26,2.2,9.4,-3.4,0.0,0.0,토마토,5kg
2023-02-27,4.4,12.4,-1.8,0.0,21020.0,토마토,5kg
2023-02-27,4.4,12.4,-1.8,0.0,17540.0,토마토,5kg
2023-02-28,4.3,8.7,-0.7,0.0,21660.0,토마토,5kg
2023-02-28,4.3,8.7,-0.7,0.0,18180.0,토마토,5kg
2023-03-01,6.0,9.0,2.9,0.0,0.0,토마토,5kg
2023-03-01,6.0,9.0,2.9,0.0,0.0,토마토,5kg
2023-03-02,2.2,6.6,-1.8,0.0,21500.0,토마토,5kg
2023-03-02,2.2,6.6,-1.8,0.0,18140.0,토마토,5kg
2023-03-03,4.6,10.4,-1.9,0.0,17960.0,토마토,5kg
2023-03-03,4.6,10.4,-1.9,0.0,21120.0,토마토,5kg
2023-03-04,7.7,14.1,3.7,0.0,0.0,토마토,5kg
2023-03-04,7.7,14.1,3.7,0.0,0.0,토마토,5kg
2023-03-05,8.0,15.4,2.5,0.0,0.0,토마토,5kg
2023-03-06,9.2,16.5,2.2,0.0,20420.0,토마토,5kg
2023-03-06,9.2,16.5,2.2,0.0,17220.0,토마토,5kg
2023-03-07,11.7,19.4,6.3,0.0,19460.0,토마토,5kg
2023-03-07,11.7,19.4,6.3,0.0,16660.0,토마토,5kg
2023-03-08,12.5,17.7,7.4,1.2,19500.0,토마토,5kg
2023-03-08,12.5,17.7,7.4,1.2,16700.0,토마토,5kg
2023-03-09,10.3,13.1,7.4,3.7,18380.0,토마토,5kg
2023-03-09,10.3,13.1,7.4,3.7,15060.0,토마토,5kg
2023-03-10,13.5,22.2,6.2,0.0,16200.0,토마토,5kg
2023-03-10,13.5,22.2,6.2,0.0,19160.0,토마토,5kg
2023-03-11,15.2,22.8,10.2,0.0,0.0,토마토,5kg
2023-03-11,15.2,22.8,10.2,0.0,0.0,토마토,5kg
2023-03-12,5.9,12.6,0.6,5.6,0.0,토마토,5kg
2023-03-13,2.9,7.6,-1.9,0.0,17220.0,토마토,5kg
2023-03-13,2.9,7.6,-1.9,0.0,14340.0,토마토,5kg
2023-03-14,9.2,15.4,3.3,0.0,18000.0,토마토,5kg
2023-03-14,9.2,15.4,3.3,0.0,15160.0,토마토,5kg
2023-03-15,8.6,14.4,3.5,0.0,17480.0,토마토,5kg
2023-03-15,8.6,14.4,3.5,0.0,14640.0,토마토,5kg
2023-03-16,4.6,9.0,0.4,0.0,17960.0,토마토,5kg
2023-03-16,4.6,9.0,0.4,0.0,15120.0,토마토,5kg
2023-03-17,7.2,12.7,0.7,0.0,14980.0,토마토,5kg
2023-03-17,7.2,12.7,0.7,0.0,17820.0,토마토,5kg
2023-03-18,7.7,14.0,2.5,0.0,0.0,토마토,5kg
2023-03-18,7.7,14.0,2.5,0.0,0.0,토마토,5kg
2023-03-19,8.3,15.2,2.3,0.0,0.0,토마토,5kg
2023-03-20,9.5,17.1,2.6,0.0,19140.0,토마토,5kg
2023-03-20,9.5,17.1,2.6,0.0,16300.0,토마토,5kg
2023-03-21,13.0,22.2,5.0,0.0,19720.0,토마토,5kg
2023-03-21,13.0,22.2,5.0,0.0,16800.0,토마토,5kg
2023-03-22,17.0,25.1,9.2,0.0,19800.0,토마토,5kg
2023-03-22,17.0,25.1,9.2,0.0,16880.0,토마토,5kg
2023-03-23,17.4,23.3,12.3,0.0,19600.0,토마토,5kg
2023-03-23,17.4,23.3,12.3,0.0,16680.0,토마토,5kg
2023-03-24,12.5,18.3,7.6,0.0,19640.0,토마토,5kg
2023-03-24,12.5,18.3,7.6,0.0,16760.0,토마토,5kg
2023-03-25,12.5,18.7,8.0,0.0,0.0,토마토,5kg
2023-03-25,12.5,18.7,8.0,0.0,0.0,토마토,5kg
2023-03-26,9.4,14.0,4.7,0.0,0.0,토마토,5kg
2023-03-27,7.3,14.5,1.9,0.0,18860.0,토마토,5kg
2023-03-27,7.3,14.5,1.9,0.0,16020.0,토마토,5kg
2023-03-28,9.2,15.7,2.8,0.0,18860.0,토마토,5kg
2023-03-28,9.2,15.7,2.8,0.0,16020.0,토마토,5kg
2023-03-29,11.8,19.7,5.1,0.0,19260.0,토마토,5kg
2023-03-29,11.8,19.7,5.1,0.0,16460.0,토마토,5kg
2023-03-30,13.3,21.2,6.4,0.0,19320.0,토마토,5kg
2023-03-30,13.3,21.2,6.4,0.0,16520.0,토마토,5kg
2023-03-31,15.0,23.9,7.5,0.0,18700.0,토마토,5kg
2023-03-31,15.0,23.9,7.5,0.0,15900.0,토마토,5kg
2023-04-01,17.5,25.6,9.4,0.0,0.0,토마토,5kg
2023-04-01,17.5,25.6,9.4,0.0,0.0,토마토,5kg
2023-04-02,18.8,25.2,11.9,0.0,0.0,토마토,5kg
2023-04-03,19.0,25.9,11.3,0.0,18680.0,토마토,5kg
2023-04-03,19.0,25.9,11.3,0.0,15880.0,토마토,5kg
2023-04-04,17.6,21.7,12.7,6.9,18680.0,토마토,5kg
2023-04-04,17.6,21.7,12.7,6.9,15720.0,토마토,5kg
2023-04-05,11.9,14.9,8.7,50.3,18800.0,토마토,5kg
2023-04-05,11.9,14.9,8.7,50.3,15800.0,토마토,5kg
2023-04-06,8.8,9.7,7.4,2.7,19240.0,토마토,5kg
2023-04-06,8.8,9.7,7.4,2.7,16400.0,토마토,5kg
2023-04-07,8.9,15.7,4.6,0.0,18640.0,토마토,5kg
2023-04-07,8.9,15.7,4.6,0.0,15760.0,토마토,5kg
2023-04-08,8.8,14.9,3.1,0.0,0.0,토마토,5kg
2023-04-08,8.8,14.9,3.1,0.0,0.0,토마토,5kg
2023-04-09,10.8,17.8,3.5,0.0,0.0,토마토,5kg
2023-04-10,13.2,19.1,6.2,0.0,18940.0,토마토,5kg
2023-04-10,13.2,19.1,6.2,0.0,15920.0,토마토,5kg
2023-04-11,13.1,17.4,9.2,2.9,18460.0,토마토,5kg
2023-04-11,13.1,17.4,9.2,2.9,15440.0,토마토,5kg
2023-04-12,10.1,15.3,4.8,0.0,17980.0,토마토,5kg
2023-04-12,10.1,15.3,4.8,0.0,15040.0,토마토,5kg
2023-04-13,11.9,17.2,5.1,0.0,17780.0,토마토,5kg
2023-04-13,11.9,17.2,5.1,0.0,14880.0,토마토,5kg
2023-04-14,16.2,21.3,11.9,0.0,18620.0,토마토,5kg
2023-04-14,16.2,21.3,11.9,0.0,15920.0,토마토,5kg
2023-04-15,13.5,16.6,9.3,4.6,0.0,토마토,5kg
2023-04-15,13.5,16.6,9.3,4.6,0.0,토마토,5kg
2023-04-16,10.8,16.1,7.5,0.0,0.0,토마토,5kg
2023-04-17,13.1,18.1,6.8,0.0,17520.0,토마토,5kg
2023-04-17,13.1,18.1,6.8,0.0,14820.0,토마토,5kg
2023-04-18,14.0,18.4,10.7,1.5,17280.0,토마토,5kg
2023-04-18,14.0,18.4,10.7,1.5,14580.0,토마토,5kg
2023-04-19,19.1,28.4,11.5,0.0,17360.0,토마토,5kg
2023-04-19,19.1,28.4,11.5,0.0,14620.0,토마토,5kg
2023-04-20,15.8,18.9,14.5,0.5,17080.0,토마토,5kg
2023-04-20,15.8,18.9,14.5,0.5,14340.0,토마토,5kg
2023-04-21,16.7,22.8,11.4,0.0,16920.0,토마토,5kg
2023-04-21,16.7,22.8,11.4,0.0,14180.0,토마토,5kg
2023-04-22,16.9,22.5,12.2,0.0,0.0,토마토,5kg
2023-04-22,16.9,22.5,12.2,0.0,0.0,토마토,5kg
2023-04-23,16.1,22.1,10.7,0.0,0.0,토마토,5kg
2023-04-24,15.8,21.3,11.5,0.0,16220.0,토마토,5kg
2023-04-24,15.8,21.3,11.5,0.0,13620.0,토마토,5kg
2023-04-25,10.9,13.2,9.0,0.4,15940.0,토마토,5kg
2023-04-25,10.9,13.2,9.0,0.4,13340.0,토마토,5kg
2023-04-26,10.2,13.5,7.4,0.0,15800.0,토마토,5kg
2023-04-26,10.2,13.5,7.4,0.0,13240.0,토마토,5kg
2023-04-27,12.9,20.0,5.1,0.0,15900.0,토마토,5kg
2023-04-27,12.9,20.0,5.1,0.0,13360.0,토마토,5kg
2023-04-28,15.7,21.3,9.0,1.9,16080.0,토마토,5kg
2023-04-28,15.7,21.3,9.0,1.9,13520.0,토마토,5kg
2023-04-29,13.2,15.8,9.9,25.1,0.0,토마토,5kg
2023-04-29,13.2,15.8,9.9,25.1,0.0,토마토,5kg
2023-04-30,12.7,17.9,7.9,0.1,0.0,토마토,5kg
2023-05-01,14.6,20.8,9.8,0.0,0.0,토마토,5kg
2023-05-01,14.6,20.8,9.8,0.0,0.0,토마토,5kg
2023-05-02,16.7,23.7,9.1,0.0,14860.0,토마토,5kg
2023-05-02,16.7,23.7,9.1,0.0,12380.0,토마토,5kg
2023-05-03,19.5,26.2,12.4,0.0,14940.0,토마토,5kg
2023-05-03,19.5,26.2,12.4,0.0,12380.0,토마토,5kg
2023-05-04,21.4,25.8,15.6,0.0,14740.0,토마토,5kg
2023-05-04,21.4,25.8,15.6,0.0,12180.0,토마토,5kg
2023-05-05,18.4,21.6,15.5,30.2,0.0,토마토,5kg
2023-05-05,18.4,21.6,15.5,30.2,0.0,토마토,5kg
2023-05-06,12.6,15.5,11.7,47.5,0.0,토마토,5kg
2023-05-07,14.4,18.6,11.1,0.0,0.0,토마토,5kg
2023-05-08,15.3,22.0,7.9,0.0,11840.0,토마토,5kg
2023-05-08,15.3,22.0,7.9,0.0,14480.0,토마토,5kg
2023-05-09,17.0,24.4,10.0,0.0,14460.0,토마토,5kg
2023-05-09,17.0,24.4,10.0,0.0,11800.0,토마토,5kg
2023-05-10,18.4,26.0,10.7,0.0,14640.0,토마토,5kg
2023-05-10,18.4,26.0,10.7,0.0,11920.0,토마토,5kg
2023-05-11,19.5,26.7,12.8,0.0,14740.0,토마토,5kg
2023-05-11,19.5,26.7,12.8,0.0,11940.0,토마토,5kg
2023-05-12,18.4,24.7,13.1,0.0,14780.0,토마토,5kg
2023-05-12,18.4,24.7,13.1,0.0,11980.0,토마토,5kg
2023-05-13,17.8,23.9,12.6,0.0,0.0,토마토,5kg
2023-05-13,17.8,23.9,12.6,0.0,0.0,토마토,5kg
2023-05-14,18.1,23.8,12.9,0.0,0.0,토마토,5kg
2023-05-15,20.6,27.9,12.8,0.0,11800.0,토마토,5kg
2023-05-15,20.6,27.9,12.8,0.0,14520.0,토마토,5kg
2023-05-16,24.0,31.2,17.2,0.0,14440.0,토마토,5kg
2023-05-16,24.0,31.2,17.2,0.0,11720.0,토마토,5kg
2023-05-17,23.5,28.7,18.6,0.0,14160.0,토마토,5kg
2023-05-17,23.5,28.7,18.6,0.0,11400.0,토마토,5kg
2023-05-18,21.2,27.6,18.8,1.3,14080.0,토마토,5kg
2023-05-18,21.2,27.6,18.8,1.3,11400.0,토마토,5kg
2023-05-19,22.3,27.8,16.7,0.0,14040.0,토마토,5kg
2023-05-19,22.3,27.8,16.7,0.0,11400.0,토마토,5kg
2023-05-20,21.2,26.7,16.6,0.0,0.0,토마토,5kg
2023-05-20,21.2,26.7,16.6,0.0,0.0,토마토,5kg
2023-05-21,17.8,21.9,15.3,0.2,0.0,토마토,5kg
2023-05-22,20.3,26.8,15.9,0.0,11340.0,토마토,5kg
2023-05-22,20.3,26.8,15.9,0.0,13880.0,토마토,5kg
2023-05-23,20.5,26.9,14.1,0.0,11080.0,토마토,5kg
2023-05-23,20.5,26.9,14.1,0.0,13520.0,토마토,5kg
2023-05-24,20.6,25.9,14.8,0.0,13440.0,토마토,5kg
2023-05-24,20.6,25.9,14.8,0.0,11000.0,토마토,5kg
2023-05-25,21.2,27.4,15.7,0.0,13400.0,토마토,5kg
2023-05-25,21.2,27.4,15.7,0.0,10960.0,토마토,5kg
2023-05-26,21.4,27.3,15.8,0.5,13240.0,토마토,5kg
2023-05-26,21.4,27.3,15.8,0.5,10760.0,토마토,5kg
2023-05-27,19.3,20.7,18.6,31.8,0.0,토마토,5kg
2023-05-27,19.3,20.7,18.6,31.8,0.0,토마토,5kg
2023-05-28,19.2,20.2,18.4,41.8,0.0,토마토,5kg
2023-05-29,23.2,28.5,19.0,2.3,0.0,토마토,5kg
2023-05-29,23.2,28.5,19.0,2.3,0.0,토마토,5kg
2023-05-30,24.0,28.9,20.5,0.0,9712.0,토마토,5kg
2023-05-30,24.0,28.9,20.5,0.0,12180.0,토마토,5kg
2023-05-31,22.8,28.2,18.8,0.0,11460.0,토마토,5kg
2023-05-31,22.8,28.2,18.8,0.0,9020.0,토마토,5kg
2023-06-01,22.8,26.3,19.7,0.0,11880.0,토마토,5kg
2023-06-01,22.8,26.3,19.7,0.0,9424.0,토마토,5kg
2023-06-02,20.4,25.0,17.9,0.0,12760.0,토마토,5kg
2023-06-02,20.4,25.0,17.9,0.0,10124.0,토마토,5kg
2023-06-03,22.0,27.8,16.6,0.0,0.0,토마토,5kg
2023-06-03,22.0,27.8,16.6,0.0,0.0,토마토,5kg
2023-06-04,22.1,28.0,16.9,0.0,0.0,토마토,5kg
2023-06-05,21.5,26.3,17.6,0.0,10932.0,토마토,5kg
2023-06-05,21.5,26.3,17.6,0.0,13520.0,토마토,5kg
2023-06-06,20.3,25.2,17.3,0.0,0.0,토마토,5kg
2023-06-06,20.3,25.2,17.3,0.0,0.0,토마토,5kg
2023-06-07,21.4,25.7,18.9,0.0,13080.0,토마토,5kg
2023-06-07,21.4,25.7,18.9,0.0,10704.0,토마토,5kg
2023-06-08,20.4,23.9,18.3,1.9,14080.0,토마토,5kg
2023-06-08,20.4,23.9,18.3,1.9,11692.0,토마토,5kg
2023-06-09,23.3,28.4,18.3,1.2,14360.0,토마토,5kg
2023-06-09,23.3,28.4,18.3,1.2,11960.0,토마토,5kg
2023-06-10,23.2,28.5,19.6,0.8,0.0,토마토,5kg
2023-06-10,23.2,28.5,19.6,0.8,0.0,토마토,5kg
2023-06-11,22.1,27.3,17.9,32.2,0.0,토마토,5kg
2023-06-12,22.2,27.5,18.4,0.0,14020.0,토마토,5kg
2023-06-12,22.2,27.5,18.4,0.0,11620.0,토마토,5kg
2023-06-13,22.0,26.0,19.2,0.0,11560.0,토마토,5kg
2023-06-13,22.0,26.0,19.2,0.0,13960.0,토마토,5kg
2023-06-14,20.6,25.0,17.5,30.6,14200.0,토마토,5kg
2023-06-14,20.6,25.0,17.5,30.6,11760.0,토마토,5kg
2023-06-15,22.7,28.3,17.7,0.0,14360.0,토마토,5kg
2023-06-15,22.7,28.3,17.7,0.0,11760.0,토마토,5kg
2023-06-16,23.7,28.9,19.1,0.0,14300.0,토마토,5kg
2023-06-16,23.7,28.9,19.1,0.0,11860.0,토마토,5kg
2023-06-17,24.2,30.2,18.9,0.0,0.0,토마토,5kg
2023-06-17,24.2,30.2,18.9,0.0,0.0,토마토,5kg
2023-06-18,25.9,32.6,20.8,0.0,0.0,토마토,5kg
2023-06-19,28.5,34.0,23.3,0.0,14620.0,토마토,5kg
2023-06-19,28.5,34.0,23.3,0.0,12140.0,토마토,5kg
2023-06-20,24.7,26.4,21.4,6.4,12660.0,토마토,5kg
2023-06-20,24.7,26.4,21.4,6.4,15060.0,토마토,5kg
2023-06-21,20.5,22.1,19.2,24.9,14760.0,토마토,5kg
2023-06-21,20.5,22.1,19.2,24.9,12320.0,토마토,5kg
2023-06-22,22.5,26.4,18.9,0.0,14820.0,토마토,5kg
2023-06-22,22.5,26.4,18.9,0.0,12380.0,토마토,5kg
2023-06-23,24.4,29.9,20.0,0.0,15100.0,토마토,5kg
2023-06-23,24.4,29.9,20.0,0.0,12580.0,토마토,5kg
2023-06-24,26.4,31.1,21.9,0.0,0.0,토마토,5kg
2023-06-24,26.4,31.1,21.9,0.0,0.0,토마토,5kg
2023-06-25,28.2,33.1,22.8,0.0,0.0,토마토,5kg
2023-06-26,24.2,27.5,22.3,30.3,14420.0,토마토,5kg
2023-06-26,24.2,27.5,22.3,30.3,11980.0,토마토,5kg
2023-06-27,25.3,29.1,21.4,2.5,11580.0,토마토,5kg
2023-06-27,25.3,29.1,21.4,2.5,14020.0,토마토,5kg
2023-06-28,26.5,30.1,24.2,0.0,14020.0,토마토,5kg
2023-06-28,26.5,30.1,24.2,0.0,11580.0,토마토,5kg
2023-06-29,24.2,25.9,23.2,63.8,14100.0,토마토,5kg
2023-06-29,24.2,25.9,23.2,63.8,11640.0,토마토,5kg
2023-06-30,25.3,29.1,23.2,1.0,13080.0,토마토,5kg
2023-06-30,25.3,29.1,23.2,1.0,10672.0,토마토,5kg
2023-07-01,27.7,32.9,23.3,0.0,0.0,토마토,5kg
2023-07-01,27.7,32.9,23.3,0.0,0.0,토마토,5kg
2023-07-02,26.7,30.6,23.5,0.0,0.0,토마토,5kg
2023-07-03,29.1,34.9,24.1,0.0,13220.0,토마토,5kg
2023-07-03,29.1,34.9,24.1,0.0,10760.0,토마토,5kg
2023-07-04,26.1,29.2,24.5,61.8,10680.0,토마토,5kg
2023-07-04,26.1,29.2,24.5,61.8,13020.0,토마토,5kg
2023-07-05,24.5,27.1,22.1,15.3,14380.0,토마토,5kg
2023-07-05,24.5,27.1,22.1,15.3,11800.0,토마토,5kg
2023-07-06,27.3,31.8,22.4,0.0,16280.0,토마토,5kg
2023-07-06,27.3,31.8,22.4,0.0,13180.0,토마토,5kg
2023-07-07,26.7,31.4,23.3,0.0,16280.0,토마토,5kg
2023-07-07,26.7,31.4,23.3,0.0,13740.0,토마토,5kg
2023-07-08,25.6,29.7,22.4,0.0,0.0,토마토,5kg
2023-07-08,25.6,29.7,22.4,0.0,0.0,토마토,5kg
2023-07-09,24.7,27.0,21.6,47.5,0.0,토마토,5kg
2023-07-10,26.3,30.9,22.9,11.5,15880.0,토마토,5kg
2023-07-10,26.3,30.9,22.9,11.5,13300.0,토마토,5kg
2023-07-11,23.5,25.9,21.6,58.3,13380.0,토마토,5kg
2023-07-11,23.5,25.9,21.6,58.3,16040.0,토마토,5kg
2023-07-12,25.8,29.1,22.0,0.7,17180.0,토마토,5kg
2023-07-12,25.8,29.1,22.0,0.7,14320.0,토마토,5kg
2023-07-13,25.2,26.5,24.7,91.6,18860.0,토마토,5kg
2023-07-13,25.2,26.5,24.7,91.6,16240.0,토마토,5kg
2023-07-14,24.6,25.1,23.9,72.7,18540.0,토마토,5kg
2023-07-14,24.6,25.1,23.9,72.7,15620.0,토마토,5kg
2023-07-15,24.5,25.7,23.7,2.3,0.0,토마토,5kg
2023-07-15,24.5,25.7,23.7,2.3,0.0,토마토,5kg
2023-07-16,24.6,25.4,23.7,9.7,0.0,토마토,5kg
2023-07-17,25.5,27.8,23.7,1.4,17800.0,토마토,5kg
2023-07-17,25.5,27.8,23.7,1.4,14880.0,토마토,5kg
2023-07-18,25.2,27.7,24.1,2.3,17000.0,토마토,5kg
2023-07-18,25.2,27.7,24.1,2.3,14080.0,토마토,5kg
2023-07-19,27.2,32.4,22.5,0.0,14080.0,토마토,5kg
2023-07-19,27.2,32.4,22.5,0.0,17200.0,토마토,5kg
2023-07-20,27.9,32.8,24.0,0.0,15920.0,토마토,5kg
2023-07-20,27.9,32.8,24.0,0.0,12740.0,토마토,5kg
2023-07-21,29.5,34.3,24.6,0.0,15740.0,토마토,5kg
2023-07-21,29.5,34.3,24.6,0.0,13080.0,토마토,5kg
2023-07-22,27.7,32.5,24.6,12.3,0.0,토마토,5kg
2023-07-22,27.7,32.5,24.6,12.3,0.0,토마토,5kg
2023-07-23,25.2,25.8,24.5,40.2,0.0,토마토,5kg
2023-07-24,26.9,30.0,24.6,0.4,15740.0,토마토,5kg
2023-07-24,26.9,30.0,24.6,0.4,13080.0,토마토,5kg
2023-07-25,27.8,30.5,25.8,5.6,15140.0,토마토,5kg
2023-07-25,27.8,30.5,25.8,5.6,12480.0,토마토,5kg
2023-07-26,27.6,31.1,24.9,1.0,12800.0,토마토,5kg
2023-07-26,27.6,31.1,24.9,1.0,15540.0,토마토,5kg
2023-07-27,28.4,32.2,24.4,0.0,15660.0,토마토,5kg
2023-07-27,28.4,32.2,24.4,0.0,13000.0,토마토,5kg
2023-07-28,29.5,34.1,25.4,0.0,15940.0,토마토,5kg
2023-07-28,29.5,34.1,25.4,0.0,13260.0,토마토,5kg
2023-07-29,29.1,33.3,26.1,0.0,0.0,토마토,5kg
2023-07-29,29.1,33.3,26.1,0.0,0.0,토마토,5kg
2023-07-30,28.8,34.9,24.9,25.0,0.0,토마토,5kg
2023-07-31,28.7,33.4,25.6,0.3,15620.0,토마토,5kg
2023-07-31,28.7,33.4,25.6,0.3,13020.0,토마토,5kg
2023-08-01,29.9,34.2,25.5,0.0,16160.0,토마토,5kg
2023-08-01,29.9,34.2,25.5,0.0,13500.0,토마토,5kg
2023-08-02,29.7,33.7,26.8,0.0,13920.0,토마토,5kg
2023-08-02,29.7,33.7,26.8,0.0,16700.0,토마토,5kg
2023-08-03,29.5,33.8,25.8,0.0,16240.0,토마토,5kg
2023-08-03,29.5,33.8,25.8,0.0,13400.0,토마토,5kg
2023-08-04,30.0,34.4,26.5,0.0,15940.0,토마토,5kg
2023-08-04,30.0,34.4,26.5,0.0,13100.0,토마토,5kg
2023-08-05,30.3,34.9,26.4,0.0,0.0,토마토,5kg
2023-08-05,30.3,34.9,26.4,0.0,0.0,토마토,5kg
2023-08-06,29.8,33.0,27.0,4.9,0.0,토마토,5kg
2023-08-07,30.4,34.6,27.3,0.0,16760.0,토마토,5kg
2023-08-07,30.4,34.6,27.3,0.0,14200.0,토마토,5kg
2023-08-08,30.9,35.8,26.4,0.0,16440.0,토마토,5kg
2023-08-08,30.9,35.8,26.4,0.0,13600.0,토마토,5kg
2023-08-09,28.3,31.6,25.1,0.2,13960.0,토마토,5kg
2023-08-09,28.3,31.6,25.1,0.2,16720.0,토마토,5kg
2023-08-10,22.2,25.1,20.9,86.1,16680.0,토마토,5kg
2023-08-10,22.2,25.1,20.9,86.1,13920.0,토마토,5kg
2023-08-11,23.5,24.9,21.6,46.7,17560.0,토마토,5kg
2023-08-11,23.5,24.9,21.6,46.7,14680.0,토마토,5kg
2023-08-12,23.3,24.1,22.5,1.5,0.0,토마토,5kg
2023-08-12,23.3,24.1,22.5,1.5,0.0,토마토,5kg
2023-08-13,27.0,31.1,22.6,0.0,0.0,토마토,5kg
2023-08-14,28.1,31.9,24.8,0.0,17680.0,토마토,5kg
2023-08-14,28.1,31.9,24.8,0.0,14800.0,토마토,5kg
2023-08-15,28.6,32.7,24.7,0.0,0.0,토마토,5kg
2023-08-15,28.6,32.7,24.7,0.0,0.0,토마토,5kg
2023-08-16,27.3,31.6,24.7,0.3,14740.0,토마토,5kg
2023-08-16,27.3,31.6,24.7,0.3,17380.0,토마토,5kg
2023-08-17,28.2,32.4,24.5,0.0,15040.0,토마토,5kg
2023-08-17,28.2,32.4,24.5,0.0,17720.0,토마토,5kg
2023-08-18,29.1,33.3,25.5,0.1,18480.0,토마토,5kg
2023-08-18,29.1,33.3,25.5,0.1,15640.0,토마토,5kg
2023-08-19,29.1,33.6,26.4,0.0,0.0,토마토,5kg
2023-08-19,29.1,33.6,26.4,0.0,0.0,토마토,5kg
2023-08-20,28.3,31.8,25.5,0.0,0.0,토마토,5kg
2023-08-21,29.5,33.6,26.0,0.0,20460.0,토마토,5kg
2023-08-21,29.5,33.6,26.0,0.0,17200.0,토마토,5kg
2023-08-22,27.6,32.2,25.8,42.6,21380.0,토마토,5kg
2023-08-22,27.6,32.2,25.8,42.6,17940.0,토마토,5kg
2023-08-23,24.8,27.2,23.2,41.8,22360.0,토마토,5kg
2023-08-23,24.8,27.2,23.2,41.8,18880.0,토마토,5kg
2023-08-24,25.1,27.8,22.3,5.2,21000.0,토마토,5kg
2023-08-24,25.1,27.8,22.3,5.2,25480.0,토마토,5kg
2023-08-25,26.5,30.0,24.0,0.0,26440.0,토마토,5kg
2023-08-25,26.5,30.0,24.0,0.0,22100.0,토마토,5kg
2023-08-26,26.4,30.3,23.3,0.0,0.0,토마토,5kg
2023-08-26,26.4,30.3,23.3,0.0,0.0,토마토,5kg
2023-08-27,26.1,29.6,22.7,0.0,0.0,토마토,5kg
2023-08-28,22.7,25.6,20.8,10.4,25620.0,토마토,5kg
2023-08-28,22.7,25.6,20.8,10.4,21300.0,토마토,5kg
2023-08-29,23.9,25.5,22.5,54.8,28900.0,토마토,5kg
2023-08-29,23.9,25.5,22.5,54.8,24100.0,토마토,5kg
2023-08-30,22.8,24.5,21.5,3.5,24040.0,토마토,5kg
2023-08-30,22.8,24.5,21.5,3.5,29520.0,토마토,5kg
2023-08-31,23.9,28.9,21.0,0.0,23440.0,토마토,5kg
2023-08-31,23.9,28.9,21.0,0.0,28920.0,토마토,5kg
2023-09-01,24.5,29.6,19.7,0.0,30740.0,토마토,5kg
2023-09-01,24.5,29.6,19.7,0.0,25700.0,토마토,5kg
2023-09-02,25.4,30.8,19.7,0.0,0.0,토마토,5kg
2023-09-02,25.4,30.8,19.7,0.0,0.0,토마토,5kg
2023-09-03,25.8,28.8,23.1,0.1,0.0,토마토,5kg
2023-09-04,27.0,30.2,24.3,0.3,29940.0,토마토,5kg
2023-09-04,27.0,30.2,24.3,0.3,24300.0,토마토,5kg
2023-09-05,28.5,32.8,25.0,0.0,29700.0,토마토,5kg
2023-09-05,28.5,32.8,25.0,0.0,23760.0,토마토,5kg
2023-09-06,27.9,32.1,24.0,0.0,30500.0,토마토,5kg
2023-09-06,27.9,32.1,24.0,0.0,25060.0,토마토,5kg
2023-09-07,26.3,31.6,20.9,0.0,23720.0,토마토,5kg
2023-09-07,26.3,31.6,20.9,0.0,29560.0,토마토,5kg
2023-09-08,25.3,30.5,19.6,0.0,30440.0,토마토,5kg
2023-09-08,25.3,30.5,19.6,0.0,24600.0,토마토,5kg
2023-09-09,25.8,31.2,20.8,0.0,0.0,토마토,5kg
2023-09-09,25.8,31.2,20.8,0.0,0.0,토마토,5kg
2023-09-10,25.7,29.6,22.0,0.0,0.0,토마토,5kg
2023-09-11,25.5,29.8,23.1,0.0,30560.0,토마토,5kg
2023-09-11,25.5,29.8,23.1,0.0,25360.0,토마토,5kg
2023-09-12,25.7,29.8,21.7,0.0,32080.0,토마토,5kg
2023-09-12,25.7,29.8,21.7,0.0,26220.0,토마토,5kg
2023-09-13,22.1,24.6,19.6,15.9,30540.0,토마토,5kg
2023-09-13,22.1,24.6,19.6,15.9,25120.0,토마토,5kg
2023-09-14,23.4,27.2,19.2,0.0,30740.0,토마토,5kg
2023-09-14,23.4,27.2,19.2,0.0,25260.0,토마토,5kg
2023-09-15,22.3,24.3,20.3,2.1,30680.0,토마토,5kg
2023-09-15,22.3,24.3,20.3,2.1,25120.0,토마토,5kg
2023-09-16,23.9,26.6,22.0,38.7,0.0,토마토,5kg
2023-09-16,23.9,26.6,22.0,38.7,0.0,토마토,5kg
2023-09-17,24.7,28.0,22.0,3.0,0.0,토마토,5kg
2023-09-18,24.7,28.9,22.1,0.0,25520.0,토마토,5kg
2023-09-18,24.7,28.9,22.1,0.0,31400.0,토마토,5kg
2023-09-19,24.1,27.2,21.6,0.0,30680.0,토마토,5kg
2023-09-19,24.1,27.2,21.6,0.0,25260.0,토마토,5kg
2023-09-20,20.6,23.9,18.8,35.8,31040.0,토마토,5kg
2023-09-20,20.6,23.9,18.8,35.8,26020.0,토마토,5kg
2023-09-21,20.1,23.6,17.5,0.0,31920.0,토마토,5kg
2023-09-21,20.1,23.6,17.5,0.0,26980.0,토마토,5kg
2023-09-22,20.5,26.7,15.2,0.0,33520.0,토마토,5kg
2023-09-22,20.5,26.7,15.2,0.0,28060.0,토마토,5kg
2023-09-23,21.8,27.6,16.3,0.0,28400.0,토마토,5kg
2023-09-23,21.8,27.6,16.3,0.0,24000.0,토마토,5kg
2023-09-24,21.8,26.2,17.9,0.0,0.0,토마토,5kg
2023-09-24,21.8,26.2,17.9,0.0,0.0,토마토,5kg
2023-09-25,21.6,26.0,17.9,1.9,33400.0,토마토,5kg
2023-09-25,21.6,26.0,17.9,1.9,27060.0,토마토,5kg
2023-09-26,19.9,20.8,18.6,27.8,33340.0,토마토,5kg
2023-09-26,19.9,20.8,18.6,27.8,28180.0,토마토,5kg
2023-09-27,21.5,23.7,20.0,4.4,31400.0,토마토,5kg
2023-09-27,21.5,23.7,20.0,4.4,26980.0,토마토,5kg
2023-09-28,22.7,27.3,19.6,0.0,0.0,토마토,5kg
2023-09-28,22.7,27.3,19.6,0.0,0.0,토마토,5kg
2023-09-29,21.1,26.9,17.4,0.0,0.0,토마토,5kg
2023-09-29,21.1,26.9,17.4,0.0,0.0,토마토,5kg
2023-09-30,19.7,22.2,17.1,4.5,0.0,토마토,5kg
2023-09-30,19.7,22.2,17.1,4.5,0.0,토마토,5kg
2023-10-01,18.4,23.7,14.4,0.0,0.0,토마토,5kg
2023-10-02,18.2,24.6,12.9,0.0,0.0,토마토,5kg
2023-10-02,18.2,24.6,12.9,0.0,0.0,토마토,5kg
2023-10-03,17.5,22.5,14.4,0.0,0.0,토마토,5kg
2023-10-03,17.5,22.5,14.4,0.0,0.0,토마토,5kg
2023-10-04,17.3,23.2,14.2,14.7,25220.0,토마토,5kg
2023-10-04,17.3,23.2,14.2,14.7,20980.0,토마토,5kg
2023-10-05,14.2,19.2,9.9,0.0,23880.0,토마토,5kg
2023-10-05,14.2,19.2,9.9,0.0,19640.0,토마토,5kg
2023-10-06,15.5,21.5,9.6,0.0,23400.0,토마토,5kg
2023-10-06,15.5,21.5,9.6,0.0,19140.0,토마토,5kg
2023-10-07,16.8,21.2,11.7,0.0,0.0,토마토,5kg
2023-10-07,16.8,21.2,11.7,0.0,0.0,토마토,5kg
2023-10-08,17.1,19.5,15.2,0.0,0.0,토마토,5kg
2023-10-09,17.4,22.4,14.1,1.2,0.0,토마토,5kg
2023-10-09,17.4,22.4,14.1,1.2,0.0,토마토,5kg
2023-10-10,17.1,23.5,11.9,0.0,25860.0,토마토,5kg
2023-10-10,17.1,23.5,11.9,0.0,21300.0,토마토,5kg
2023-10-11,17.6,24.0,12.9,0.0,27920.0,토마토,5kg
2023-10-11,17.6,24.0,12.9,0.0,22500.0,토마토,5kg
2023-10-12,17.5,24.1,12.0,0.0,32080.0,토마토,5kg
2023-10-12,17.5,24.1,12.0,0.0,26660.0,토마토,5kg
2023-10-13,17.5,21.5,14.3,0.0,35300.0,토마토,5kg
2023-10-13,17.5,21.5,14.3,0.0,29560.0,토마토,5kg
2023-10-14,14.7,18.2,12.9,5.8,0.0,토마토,5kg
2023-10-14,14.7,18.2,12.9,5.8,0.0,토마토,5kg
2023-10-15,16.1,21.2,10.9,0.0,0.0,토마토,5kg
2023-10-16,14.7,19.6,10.7,0.0,33000.0,토마토,5kg
2023-10-16,14.7,19.6,10.7,0.0,40300.0,토마토,5kg
2023-10-17,13.8,20.9,7.5,0.0,48380.0,토마토,5kg
2023-10-17,13.8,20.9,7.5,0.0,40200.0,토마토,5kg
2023-10-18,15.7,21.6,9.2,0.0,47660.0,토마토,5kg
2023-10-18,15.7,21.6,9.2,0.0,39320.0,토마토,5kg
2023-10-19,17.0,18.9,14.9,8.2,46880.0,토마토,5kg
2023-10-19,17.0,18.9,14.9,8.2,39260.0,토마토,5kg
2023-10-20,11.6,15.1,7.2,0.0,46240.0,토마토,5kg
2023-10-20,11.6,15.1,7.2,0.0,38340.0,토마토,5kg
2023-10-21,10.4,16.6,5.9,1.1,0.0,토마토,5kg
2023-10-21,10.4,16.6,5.9,1.1,0.0,토마토,5kg
2023-10-22,12.5,18.7,5.4,0.0,0.0,토마토,5kg
2023-10-23,15.2,21.4,11.1,0.0,33560.0,토마토,5kg
2023-10-23,15.2,21.4,11.1,0.0,41500.0,토마토,5kg
2023-10-24,15.6,19.3,11.2,0.0,41300.0,토마토,5kg
2023-10-24,15.6,19.3,11.2,0.0,33240.0,토마토,5kg
2023-10-25,16.6,21.9,12.7,0.0,38960.0,토마토,5kg
2023-10-25,16.6,21.9,12.7,0.0,32700.0,토마토,5kg
2023-10-26,17.2,21.1,14.6,0.0,36860.0,토마토,5kg
2023-10-26,17.2,21.1,14.6,0.0,30840.0,토마토,5kg
2023-10-27,15.7,20.2,12.6,0.0,34800.0,토마토,5kg
2023-10-27,15.7,20.2,12.6,0.0,28760.0,토마토,5kg
2023-10-28,14.2,20.7,9.4,0.0,0.0,토마토,5kg
2023-10-28,14.2,20.7,9.4,0.0,0.0,토마토,5kg
2023-10-29,14.9,21.8,9.8,0.0,0.0,토마토,5kg
2023-10-30,15.1,21.9,9.7,0.0,25240.0,토마토,5kg
2023-10-30,15.1,21.9,9.7,0.0,31200.0,토마토,5kg
2023-10-31,16.5,20.8,12.7,0.0,28760.0,토마토,5kg
2023-10-31,16.5,20.8,12.7,0.0,22900.0,토마토,5kg
2023-11-01,19.0,20.6,17.2,0.0,27220.0,토마토,5kg
2023-11-01,19.0,20.6,17.2,0.0,21720.0,토마토,5kg
2023-11-02,20.8,25.9,18.7,0.0,27960.0,토마토,5kg
2023-11-02,20.8,25.9,18.7,0.0,22460.0,토마토,5kg
2023-11-03,19.5,22.4,17.7,8.5,25660.0,토마토,5kg
2023-11-03,19.5,22.4,17.7,8.5,20140.0,토마토,5kg
2023-11-04,17.4,20.9,14.1,0.0,0.0,토마토,5kg
2023-11-04,17.4,20.9,14.1,0.0,0.0,토마토,5kg
2023-11-05,17.3,20.4,15.1,10.4,0.0,토마토,5kg
2023-11-06,13.3,19.3,6.6,45.8,20720.0,토마토,5kg
2023-11-06,13.3,19.3,6.6,45.8,26600.0,토마토,5kg
2023-11-07,5.8,9.9,3.6,0.0,24460.0,토마토,5kg
2023-11-07,5.8,9.9,3.6,0.0,18940.0,토마토,5kg
2023-11-08,8.4,16.1,1.8,0.0,24360.0,토마토,5kg
2023-11-08,8.4,16.1,1.8,0.0,18660.0,토마토,5kg
2023-11-09,11.4,18.4,5.9,5.1,24560.0,토마토,5kg
2023-11-09,11.4,18.4,5.9,5.1,18860.0,토마토,5kg
2023-11-10,3.4,9.1,0.5,0.0,24240.0,토마토,5kg
2023-11-10,3.4,9.1,0.5,0.0,18560.0,토마토,5kg
2023-11-11,1.7,6.7,-1.9,0.0,0.0,토마토,5kg
2023-11-11,1.7,6.7,-1.9,0.0,0.0,토마토,5kg
2023-11-12,1.2,5.7,-2.0,0.0,0.0,토마토,5kg
2023-11-13,2.0,6.7,-2.2,0.0,17500.0,토마토,5kg
2023-11-13,2.0,6.7,-2.2,0.0,23160.0,토마토,5kg
2023-11-14,5.0,10.8,-0.8,0.0,16920.0,토마토,5kg
2023-11-14,5.0,10.8,-0.8,0.0,21600.0,토마토,5kg
2023-11-15,7.0,12.5,2.0,0.0,22040.0,토마토,5kg
2023-11-15,7.0,12.5,2.0,0.0,17320.0,토마토,5kg
2023-11-16,6.6,7.4,5.7,8.4,21380.0,토마토,5kg
2023-11-16,6.6,7.4,5.7,8.4,16800.0,토마토,5kg
2023-11-17,1.6,5.9,-1.9,0.0,21900.0,토마토,5kg
2023-11-17,1.6,5.9,-1.9,0.0,17260.0,토마토,5kg
2023-11-18,0.6,5.7,-3.8,0.0,0.0,토마토,5kg
2023-11-18,0.6,5.7,-3.8,0.0,0.0,토마토,5kg
2023-11-19,5.9,13.4,-0.3,0.0,0.0,토마토,5kg
2023-11-20,6.2,12.8,1.8,0.0,21800.0,토마토,5kg
2023-11-20,6.2,12.8,1.8,0.0,17200.0,토마토,5kg
2023-11-21,7.4,14.8,1.4,0.0,17340.0,토마토,5kg
2023-11-21,7.4,14.8,1.4,0.0,21920.0,토마토,5kg
2023-11-22,9.5,15.1,2.9,0.0,21760.0,토마토,5kg
2023-11-22,9.5,15.1,2.9,0.0,16940.0,토마토,5kg
2023-11-23,9.9,14.6,1.9,0.1,22100.0,토마토,5kg
2023-11-23,9.9,14.6,1.9,0.1,17320.0,토마토,5kg
2023-11-24,-1.5,2.2,-4.4,0.0,21260.0,토마토,5kg
2023-11-24,-1.5,2.2,-4.4,0.0,16320.0,토마토,5kg
2023-11-25,-1.3,4.0,-5.9,0.0,0.0,토마토,5kg
2023-11-25,-1.3,4.0,-5.9,0.0,0.0,토마토,5kg
2023-11-26,4.0,7.2,-0.1,0.0,0.0,토마토,5kg
2023-11-27,6.2,9.3,4.4,3.6,21660.0,토마토,5kg
2023-11-27,6.2,9.3,4.4,3.6,16720.0,토마토,5kg
2023-11-28,1.3,5.2,-1.2,0.0,16520.0,토마토,5kg
2023-11-28,1.3,5.2,-1.2,0.0,21460.0,토마토,5kg
2023-11-29,-1.4,3.0,-4.0,0.0,22720.0,토마토,5kg
2023-11-29,-1.4,3.0,-4.0,0.0,17600.0,토마토,5kg
2023-11-30,-4.3,-0.5,-7.3,0.0,23740.0,토마토,5kg
2023-11-30,-4.3,-0.5,-7.3,0.0,18640.0,토마토,5kg
2023-12-01,-3.2,0.7,-6.8,0.0,0.0,토마토,5kg
2023-12-01,-3.2,0.7,-6.8,0.0,0.0,토마토,5kg
2023-12-02,2.0,8.0,-4.4,0.0,0.0,토마토,5kg
2023-12-03,0.8,6.0,-2.8,0.0,0.0,토마토,5kg
2023-12-04,2.7,9.4,-3.0,0.0,24280.0,토마토,5kg
2023-12-04,2.7,9.4,-3.0,0.0,19160.0,토마토,5kg
2023-12-05,6.8,12.6,3.8,0.0,19160.0,토마토,5kg
2023-12-05,6.8,12.6,3.8,0.0,24280.0,토마토,5kg
2023-12-06,6.1,8.7,3.9,3.8,24140.0,토마토,5kg
2023-12-06,6.1,8.7,3.9,3.8,19160.0,토마토,5kg
2023-12-07,6.6,11.4,0.8,0.0,24140.0,토마토,5kg
2023-12-07,6.6,11.4,0.8,0.0,19160.0,토마토,5kg
2023-12-08,11.2,16.8,5.1,0.0,22860.0,토마토,5kg
2023-12-08,11.2,16.8,5.1,0.0,18420.0,토마토,5kg
2023-12-09,13.7,16.2,11.7,0.0,0.0,토마토,5kg
2023-12-09,13.7,16.2,11.7,0.0,0.0,토마토,5kg
2023-12-10,11.4,15.5,6.7,0.0,0.0,토마토,5kg
2023-12-11,8.9,12.3,5.0,11.4,22600.0,토마토,5kg
2023-12-11,8.9,12.3,5.0,11.4,18200.0,토마토,5kg
2023-12-12,5.4,9.3,3.5,0.4,23200.0,토마토,5kg
2023-12-12,5.4,9.3,3.5,0.4,18540.0,토마토,5kg
2023-12-13,6.8,10.3,2.6,0.0,18740.0,토마토,5kg
2023-12-13,6.8,10.3,2.6,0.0,23400.0,토마토,5kg
2023-12-14,7.6,9.1,6.2,17.0,22920.0,토마토,5kg
2023-12-14,7.6,9.1,6.2,17.0,18380.0,토마토,5kg
2023-12-15,4.9,6.2,3.7,31.1,22720.0,토마토,5kg
2023-12-15,4.9,6.2,3.7,31.1,18180.0,토마토,5kg
2023-12-16,-4.1,3.8,-9.9,1.5,0.0,토마토,5kg
2023-12-16,-4.1,3.8,-9.9,1.5,0.0,토마토,5kg
2023-12-17,-9.8,-6.4,-12.4,0.0,0.0,토마토,5kg
2023-12-18,-7.7,-3.6,-12.2,0.0,23060.0,토마토,5kg
2023-12-18,-7.7,-3.6,-12.2,0.0,18260.0,토마토,5kg
2023-12-19,-3.7,0.2,-8.2,0.3,21860.0,토마토,5kg
2023-12-19,-3.7,0.2,-8.2,0.3,17400.0,토마토,5kg
2023-12-20,-7.4,-2.1,-11.9,0.8,17720.0,토마토,5kg
2023-12-20,-7.4,-2.1,-11.9,0.8,22200.0,토마토,5kg
2023-12-21,-11.7,-8.0,-14.4,0.0,22260.0,토마토,5kg
2023-12-21,-11.7,-8.0,-14.4,0.0,17800.0,토마토,5kg
2023-12-22,-11.6,-8.0,-14.7,0.0,21860.0,토마토,5kg
2023-12-22,-11.6,-8.0,-14.7,0.0,17400.0,토마토,5kg
2023-12-23,-6.8,-0.9,-12.7,0.0,0.0,토마토,5kg
2023-12-23,-6.8,-0.9,-12.7,0.0,0.0,토마토,5kg
2023-12-24,-2.2,3.0,-5.6,1.1,0.0,토마토,5kg
2023-12-25,-0.7,2.1,-2.7,0.7,0.0,토마토,5kg
2023-12-25,-0.7,2.1,-2.7,0.7,0.0,토마토,5kg
2023-12-26,1.9,7.2,-2.6,0.0,21660.0,토마토,5kg
2023-12-26,1.9,7.2,-2.6,0.0,17200.0,토마토,5kg
2023-12-27,1.5,6.8,-2.8,0.0,17120.0,토마토,5kg
2023-12-27,1.5,6.8,-2.8,0.0,21600.0,토마토,5kg
2023-12-28,1.2,4.4,-1.7,0.0,21600.0,토마토,5kg
2023-12-28,1.2,4.4,-1.7,0.0,17160.0,토마토,5kg
2023-12-29,1.3,4.6,-1.5,0.0,21600.0,토마토,5kg
2023-12-29,1.3,4.6,-1.5,0.0,17160.0,토마토,5kg
2023-12-30,0.6,2.1,-0.9,13.1,0.0,토마토,5kg
2023-12-30,0.6,2.1,-0.9,13.1,0.0,토마토,5kg
2023-12-31,2.1,4.3,0.6,4.7,0.0,토마토,5kg
2024-01-01,3.3,7.3,-0.3,0.0,0.0,토마토,5kg
2024-01-01,3.3,7.3,-0.3,0.0,0.0,토마토,5kg
2024-01-02,2.9,4.3,2.2,0.0,21600.0,토마토,5kg
2024-01-02,2.9,4.3,2.2,0.0,17160.0,토마토,5kg
2024-01-03,1.8,4.0,-1.1,0.6,16500.0,토마토,5kg
2024-01-03,1.8,4.0,-1.1,0.6,20920.0,토마토,5kg
2024-01-04,1.4,4.7,-3.3,0.0,21260.0,토마토,5kg
2024-01-04,1.4,4.7,-3.3,0.0,16780.0,토마토,5kg
2024-01-05,5.0,9.1,1.4,0.0,21460.0,토마토,5kg
2024-01-05,5.0,9.1,1.4,0.0,17180.0,토마토,5kg
2024-01-06,0.7,5.2,-2.7,2.4,0.0,토마토,5kg
2024-01-06,0.7,5.2,-2.7,2.4,0.0,토마토,5kg
2024-01-07,-4.4,-0.9,-8.3,0.0,0.0,토마토,5kg
2024-01-08,-4.7,0.0,-10.3,0.0,21600.0,토마토,5kg
2024-01-08,-4.7,0.0,-10.3,0.0,17100.0,토마토,5kg
2024-01-09,-0.6,0.4,-1.9,1.6,21660.0,토마토,5kg
2024-01-09,-0.6,0.4,-1.9,1.6,17180.0,토마토,5kg
2024-01-10,-1.0,3.3,-4.1,0.0,21540.0,토마토,5kg
2024-01-10,-1.0,3.3,-4.1,0.0,17040.0,토마토,5kg
2024-01-11,1.7,4.5,-2.4,0.0,17440.0,토마토,5kg
2024-01-11,1.7,4.5,-2.4,0.0,21940.0,토마토,5kg
2024-01-12,0.9,4.2,-1.4,0.0,22400.0,토마토,5kg
2024-01-12,0.9,4.2,-1.4,0.0,17800.0,토마토,5kg
2024-01-13,0.4,6.4,-3.8,0.0,0.0,토마토,5kg
2024-01-13,0.4,6.4,-3.8,0.0,0.0,토마토,5kg
2024-01-14,-0.6,2.4,-3.3,3.1,0.0,토마토,5kg
2024-01-15,-3.7,0.9,-6.9,0.0,23840.0,토마토,5kg
2024-01-15,-3.7,0.9,-6.9,0.0,19040.0,토마토,5kg
2024-01-16,-2.1,4.3,-7.2,0.0,23720.0,토마토,5kg
2024-01-16,-2.1,4.3,-7.2,0.0,18760.0,토마토,5kg
2024-01-17,0.6,1.9,-2.3,9.7,24580.0,토마토,5kg
2024-01-17,0.6,1.9,-2.3,9.7,19780.0,토마토,5kg
2024-01-18,4.5,9.4,1.4,0.5,22060.0,토마토,5kg
2024-01-18,4.5,9.4,1.4,0.5,26340.0,토마토,5kg
2024-01-19,5.4,9.0,4.0,0.0,26280.0,토마토,5kg
2024-01-19,5.4,9.0,4.0,0.0,21860.0,토마토,5kg
2024-01-20,3.4,4.9,1.9,0.4,0.0,토마토,5kg
2024-01-20,3.4,4.9,1.9,0.4,0.0,토마토,5kg
2024-01-21,1.7,4.3,-2.4,0.4,0.0,토마토,5kg
2024-01-22,-8.7,-2.4,-11.9,0.2,28140.0,토마토,5kg
2024-01-22,-8.7,-2.4,-11.9,0.2,23380.0,토마토,5kg
2024-01-23,-11.7,-8.2,-14.0,0.0,29980.0,토마토,5kg
2024-01-23,-11.7,-8.2,-14.0,0.0,24860.0,토마토,5kg
2024-01-24,-8.0,-3.7,-11.2,0.0,29480.0,토마토,5kg
2024-01-24,-8.0,-3.7,-11.2,0.0,24320.0,토마토,5kg
2024-01-25,-5.3,-0.5,-9.7,0.0,26560.0,토마토,5kg
2024-01-25,-5.3,-0.5,-9.7,0.0,31500.0,토마토,5kg
2024-01-26,-1.7,4.0,-6.9,0.0,32040.0,토마토,5kg
2024-01-26,-1.7,4.0,-6.9,0.0,27080.0,토마토,5kg
2024-01-27,-0.5,4.6,-4.6,0.0,0.0,토마토,5kg
2024-01-27,-0.5,4.6,-4.6,0.0,0.0,토마토,5kg
2024-01-28,-1.5,3.8,-5.0,0.0,0.0,토마토,5kg
2024-01-29,-0.4,4.6,-4.8,0.0,31300.0,토마토,5kg
2024-01-29,-0.4,4.6,-4.8,0.0,26360.0,토마토,5kg
2024-01-30,1.4,8.1,-4.0,0.0,31700.0,토마토,5kg
2024-01-30,1.4,8.1,-4.0,0.0,26760.0,토마토,5kg
2024-01-31,4.7,10.6,0.7,0.0,31100.0,토마토,5kg
2024-01-31,4.7,10.6,0.7,0.0,26160.0,토마토,5kg
2024-02-01,2.4,8.2,-1.3,0.0,25780.0,토마토,5kg
2024-02-01,2.4,8.2,-1.3,0.0,30660.0,토마토,5kg
2024-02-02,3.1,7.9,0.7,0.0,30920.0,토마토,5kg
2024-02-02,3.1,7.9,0.7,0.0,26060.0,토마토,5kg
2024-02-03,4.7,8.3,-0.2,0.0,0.0,토마토,5kg
2024-02-03,4.7,8.3,-0.2,0.0,0.0,토마토,5kg
2024-02-04,7.3,12.2,3.7,0.0,0.0,토마토,5kg
2024-02-05,2.7,6.6,0.1,3.9,31200.0,토마토,5kg
2024-02-05,2.7,6.6,0.1,3.9,26240.0,토마토,5kg
2024-02-06,1.2,2.9,0.0,0.2,32260.0,토마토,5kg
2024-02-06,1.2,2.9,0.0,0.2,27200.0,토마토,5kg
2024-02-07,0.6,2.7,-0.9,0.0,32880.0,토마토,5kg
2024-02-07,0.6,2.7,-0.9,0.0,27660.0,토마토,5kg
2024-02-08,0.6,6.2,-3.0,0.0,25420.0,토마토,5kg
2024-02-08,0.6,6.2,-3.0,0.0,30760.0,토마토,5kg
2024-02-09,1.1,6.1,-2.5,0.0,0.0,토마토,5kg
2024-02-09,1.1,6.1,-2.5,0.0,0.0,토마토,5kg
2024-02-10,1.7,7.4,-1.5,0.0,0.0,토마토,5kg
2024-02-11,1.0,5.5,-3.1,0.0,0.0,토마토,5kg
2024-02-12,3.5,10.5,-2.9,0.0,0.0,토마토,5kg
2024-02-12,3.5,10.5,-2.9,0.0,0.0,토마토,5kg
2024-02-13,8.2,13.7,2.0,0.0,29000.0,토마토,5kg
2024-02-13,8.2,13.7,2.0,0.0,24040.0,토마토,5kg
2024-02-14,12.9,18.3,8.8,0.0,26220.0,토마토,5kg
2024-02-14,12.9,18.3,8.8,0.0,20040.0,토마토,5kg
2024-02-15,4.5,11.6,0.6,10.9,25780.0,토마토,5kg
2024-02-15,4.5,11.6,0.6,10.9,19640.0,토마토,5kg
2024-02-16,2.3,8.1,-1.5,0.0,25680.0,토마토,5kg
2024-02-16,2.3,8.1,-1.5,0.0,19420.0,토마토,5kg
2024-02-17,4.4,11.7,-1.2,0.0,0.0,토마토,5kg
2024-02-17,4.4,11.7,-1.2,0.0,0.0,토마토,5kg
2024-02-18,6.2,9.4,1.2,17.1,0.0,토마토,5kg
2024-02-19,9.1,11.9,4.2,8.9,26120.0,토마토,5kg
2024-02-19,9.1,11.9,4.2,8.9,19700.0,토마토,5kg
2024-02-20,4.3,6.8,2.8,2.6,25720.0,토마토,5kg
2024-02-20,4.3,6.8,2.8,2.6,19220.0,토마토,5kg
2024-02-21,1.9,4.0,0.0,17.8,25660.0,토마토,5kg
2024-02-21,1.9,4.0,0.0,17.8,19120.0,토마토,5kg
2024-02-22,0.2,1.6,-1.1,8.8,27820.0,토마토,5kg
2024-02-22,0.2,1.6,-1.1,8.8,21560.0,토마토,5kg
2024-02-23,1.8,6.1,-1.0,0.4,29380.0,토마토,5kg
2024-02-23,1.8,6.1,-1.0,0.4,23120.0,토마토,5kg
2024-02-24,2.0,5.9,-1.3,2.3,0.0,토마토,5kg
2024-02-24,2.0,5.9,-1.3,2.3,0.0,토마토,5kg
2024-02-25,2.8,5.9,0.8,1.8,0.0,토마토,5kg
2024-02-26,3.8,9.7,-1.2,0.0,30000.0,토마토,5kg
2024-02-26,3.8,9.7,-1.2,0.0,23640.0,토마토,5kg
2024-02-27,5.3,9.8,1.2,0.0,31320.0,토마토,5kg
2024-02-27,5.3,9.8,1.2,0.0,24680.0,토마토,5kg
2024-02-28,6.4,10.1,3.2,0.0,30580.0,토마토,5kg
2024-02-28,6.4,10.1,3.2,0.0,24500.0,토마토,5kg
2024-02-29,4.8,9.6,0.3,0.0,31100.0,토마토,5kg
2024-02-29,4.8,9.6,0.3,0.0,25080.0,토마토,5kg
2024-03-01,-4.1,0.3,-7.1,0.0,0.0,토마토,5kg
2024-03-01,-4.1,0.3,-7.1,0.0,0.0,토마토,5kg
2024-03-02,-0.5,4.1,-8.1,0.0,0.0,토마토,5kg
2024-03-03,4.0,7.8,0.4,0.0,0.0,토마토,5kg
2024-03-04,5.4,11.7,-1.8,0.0,31600.0,토마토,5kg
2024-03-04,5.4,11.7,-1.8,0.0,25740.0,토마토,5kg
2024-03-05,8.0,11.0,5.5,0.0,31380.0,토마토,5kg
2024-03-05,8.0,11.0,5.5,0.0,25400.0,토마토,5kg
2024-03-06,6.2,10.3,2.5,0.0,32700.0,토마토,5kg
2024-03-06,6.2,10.3,2.5,0.0,26340.0,토마토,5kg
2024-03-07,3.9,8.2,1.2,2.1,32920.0,토마토,5kg
2024-03-07,3.9,8.2,1.2,2.1,26760.0,토마토,5kg
2024-03-08,2.1,6.5,-0.7,0.0,33880.0,토마토,5kg
2024-03-08,2.1,6.5,-0.7,0.0,27880.0,토마토,5kg
2024-03-09,2.0,7.1,-2.1,0.0,0.0,토마토,5kg
2024-03-09,2.0,7.1,-2.1,0.0,0.0,토마토,5kg
2024-03-10,4.2,10.6,-1.8,0.0,0.0,토마토,5kg
2024-03-11,6.2,10.8,2.0,0.0,33280.0,토마토,5kg
2024-03-11,6.2,10.8,2.0,0.0,27880.0,토마토,5kg
2024-03-12,6.6,10.0,4.4,2.1,33140.0,토마토,5kg
2024-03-12,6.6,10.0,4.4,2.1,27920.0,토마토,5kg
2024-03-13,6.5,12.0,1.3,0.0,33400.0,토마토,5kg
2024-03-13,6.5,12.0,1.3,0.0,28600.0,토마토,5kg
2024-03-14,8.5,15.4,3.4,0.0,32620.0,토마토,5kg
2024-03-14,8.5,15.4,3.4,0.0,28260.0,토마토,5kg
2024-03-15,8.9,14.5,4.0,0.0,31280.0,토마토,5kg
2024-03-15,8.9,14.5,4.0,0.0,27140.0,토마토,5kg
2024-03-16,10.9,18.3,4.4,0.0,0.0,토마토,5kg
2024-03-16,10.9,18.3,4.4,0.0,0.0,토마토,5kg
2024-03-17,8.8,12.2,5.4,0.1,0.0,토마토,5kg
2024-03-18,7.1,13.2,1.4,0.0,28000.0,토마토,5kg
2024-03-18,7.1,13.2,1.4,0.0,31940.0,토마토,5kg
2024-03-19,6.7,9.8,3.9,0.2,31140.0,토마토,5kg
2024-03-19,6.7,9.8,3.9,0.2,27060.0,토마토,5kg
2024-03-20,4.4,8.7,1.2,0.0,31220.0,토마토,5kg
2024-03-20,4.4,8.7,1.2,0.0,27140.0,토마토,5kg
2024-03-21,5.0,11.5,-1.2,0.0,30020.0,토마토,5kg
2024-03-21,5.0,11.5,-1.2,0.0,26080.0,토마토,5kg
2024-03-22,10.4,15.2,3.8,5.4,29980.0,토마토,5kg
2024-03-22,10.4,15.2,3.8,5.4,26200.0,토마토,5kg
2024-03-23,13.0,18.2,9.3,0.1,0.0,토마토,5kg
2024-03-23,13.0,18.2,9.3,0.1,0.0,토마토,5kg
2024-03-24,16.2,23.4,10.5,0.0,0.0,토마토,5kg
2024-03-25,10.6,14.5,6.7,5.1,26040.0,토마토,5kg
2024-03-25,10.6,14.5,6.7,5.1,29900.0,토마토,5kg
2024-03-26,7.4,12.4,3.2,11.5,30420.0,토마토,5kg
2024-03-26,7.4,12.4,3.2,11.5,26540.0,토마토,5kg
2024-03-27,10.4,16.2,4.4,0.0,29900.0,토마토,5kg
2024-03-27,10.4,16.2,4.4,0.0,25880.0,토마토,5kg
2024-03-28,10.3,12.2,7.8,1.9,30220.0,토마토,5kg
2024-03-28,10.3,12.2,7.8,1.9,26400.0,토마토,5kg
2024-03-29,7.6,12.3,5.0,1.4,31260.0,토마토,5kg
2024-03-29,7.6,12.3,5.0,1.4,27540.0,토마토,5kg
2024-03-30,8.8,15.6,3.0,0.0,0.0,토마토,5kg
2024-03-30,8.8,15.6,3.0,0.0,0.0,토마토,5kg
2024-03-31,10.6,17.7,3.4,0.0,0.0,토마토,5kg
2024-04-01,12.2,19.0,5.5,0.0,26460.0,토마토,5kg
2024-04-01,12.2,19.0,5.5,0.0,29980.0,토마토,5kg
2024-04-02,15.4,23.9,7.0,0.0,29840.0,토마토,5kg
2024-04-02,15.4,23.9,7.0,0.0,26360.0,토마토,5kg
2024-04-03,16.6,19.7,13.9,0.0,30120.0,토마토,5kg
2024-04-03,16.6,19.7,13.9,0.0,26620.0,토마토,5kg
2024-04-04,15.5,20.3,12.4,0.0,30520.0,토마토,5kg
2024-04-04,15.5,20.3,12.4,0.0,27020.0,토마토,5kg
2024-04-05,14.0,18.8,10.2,0.0,30380.0,토마토,5kg
2024-04-05,14.0,18.8,10.2,0.0,26880.0,토마토,5kg
2024-04-06,12.7,18.9,8.0,0.0,0.0,토마토,5kg
2024-04-06,12.7,18.9,8.0,0.0,0.0,토마토,5kg
2024-04-07,14.8,23.4,7.7,0.0,0.0,토마토,5kg
2024-04-08,16.2,22.8,11.0,0.0,26760.0,토마토,5kg
2024-04-08,16.2,22.8,11.0,0.0,30160.0,토마토,5kg
2024-04-09,15.3,20.8,10.6,0.0,30360.0,토마토,5kg
2024-04-09,15.3,20.8,10.6,0.0,27000.0,토마토,5kg
2024-04-10,13.8,18.5,10.2,0.0,0.0,토마토,5kg
2024-04-10,13.8,18.5,10.2,0.0,0.0,토마토,5kg
2024-04-11,15.5,21.1,11.7,0.0,30580.0,토마토,5kg
2024-04-11,15.5,21.1,11.7,0.0,26880.0,토마토,5kg
2024-04-12,17.2,24.2,12.0,0.0,30640.0,토마토,5kg
2024-04-12,17.2,24.2,12.0,0.0,26880.0,토마토,5kg
2024-04-13,19.1,27.3,11.2,0.0,0.0,토마토,5kg
2024-04-13,19.1,27.3,11.2,0.0,0.0,토마토,5kg
2024-04-14,20.8,29.4,13.6,0.0,0.0,토마토,5kg
2024-04-15,16.0,20.0,11.7,17.1,24960.0,토마토,5kg
2024-04-15,16.0,20.0,11.7,17.1,28580.0,토마토,5kg
2024-04-16,13.3,17.9,11.5,2.3,27100.0,토마토,5kg
2024-04-16,13.3,17.9,11.5,2.3,23460.0,토마토,5kg
2024-04-17,15.0,21.8,9.7,0.0,26300.0,토마토,5kg
2024-04-17,15.0,21.8,9.7,0.0,23040.0,토마토,5kg
2024-04-18,17.3,24.9,10.7,0.0,26480.0,토마토,5kg
2024-04-18,17.3,24.9,10.7,0.0,23160.0,토마토,5kg
2024-04-19,17.6,24.3,11.5,0.0,26480.0,토마토,5kg
2024-04-19,17.6,24.3,11.5,0.0,22500.0,토마토,5kg
2024-04-20,14.9,17.2,13.0,4.8,0.0,토마토,5kg
2024-04-20,14.9,17.2,13.0,4.8,0.0,토마토,5kg
2024-04-21,17.2,21.7,13.3,0.0,0.0,토마토,5kg
2024-04-22,18.8,24.1,15.0,0.0,21700.0,토마토,5kg
2024-04-22,18.8,24.1,15.0,0.0,25720.0,토마토,5kg
2024-04-23,17.3,24.2,13.2,0.0,24160.0,토마토,5kg
2024-04-23,17.3,24.2,13.2,0.0,20340.0,토마토,5kg
2024-04-24,13.2,16.5,11.0,9.0,24000.0,토마토,5kg
2024-04-24,13.2,16.5,11.0,9.0,20340.0,토마토,5kg
2024-04-25,14.4,20.8,10.3,0.0,23600.0,토마토,5kg
2024-04-25,14.4,20.8,10.3,0.0,19440.0,토마토,5kg
2024-04-26,17.8,26.0,11.4,0.0,25040.0,토마토,5kg
2024-04-26,17.8,26.0,11.4,0.0,21000.0,토마토,5kg
2024-04-27,18.2,26.2,11.5,0.0,0.0,토마토,5kg
2024-04-27,18.2,26.2,11.5,0.0,0.0,토마토,5kg
2024-04-28,20.7,28.9,13.0,0.0,0.0,토마토,5kg
2024-04-29,20.9,26.1,16.9,0.0,20180.0,토마토,5kg
2024-04-29,20.9,26.1,16.9,0.0,23860.0,토마토,5kg
2024-04-30,18.6,22.5,16.0,0.0,25500.0,토마토,5kg
2024-04-30,18.6,22.5,16.0,0.0,21420.0,토마토,5kg
2024-05-01,18.5,24.0,13.9,0.0,0.0,토마토,5kg
2024-05-01,18.5,24.0,13.9,0.0,0.0,토마토,5kg
2024-05-02,18.1,23.7,12.4,0.0,25560.0,토마토,5kg
2024-05-02,18.1,23.7,12.4,0.0,21400.0,토마토,5kg
2024-05-03,19.7,27.9,12.2,0.0,26180.0,토마토,5kg
2024-05-03,19.7,27.9,12.2,0.0,22220.0,토마토,5kg
2024-05-04,21.4,28.5,14.6,0.0,0.0,토마토,5kg
2024-05-04,21.4,28.5,14.6,0.0,0.0,토마토,5kg
2024-05-05,17.8,20.6,15.7,48.3,0.0,토마토,5kg
2024-05-06,13.9,15.7,13.4,12.3,0.0,토마토,5kg
2024-05-06,13.9,15.7,13.4,12.3,0.0,토마토,5kg
2024-05-07,13.3,15.0,12.2,2.4,24940.0,토마토,5kg
2024-05-07,13.3,15.0,12.2,2.4,21060.0,토마토,5kg
2024-05-08,14.7,21.4,9.0,0.0,21840.0,토마토,5kg
2024-05-08,14.7,21.4,9.0,0.0,26380.0,토마토,5kg
2024-05-09,16.1,21.8,10.9,0.0,25700.0,토마토,5kg
2024-05-09,16.1,21.8,10.9,0.0,21380.0,토마토,5kg
2024-05-10,17.9,23.8,12.5,0.0,24880.0,토마토,5kg
2024-05-10,17.9,23.8,12.5,0.0,20740.0,토마토,5kg
2024-05-11,17.0,22.0,14.0,31.7,0.0,토마토,5kg
2024-05-11,17.0,22.0,14.0,31.7,0.0,토마토,5kg
2024-05-12,16.6,21.6,11.9,0.0,0.0,토마토,5kg
2024-05-13,18.3,24.5,11.9,0.0,24080.0,토마토,5kg
2024-05-13,18.3,24.5,11.9,0.0,20200.0,토마토,5kg
2024-05-14,18.8,24.7,12.7,0.0,22600.0,토마토,5kg
2024-05-14,18.8,24.7,12.7,0.0,19200.0,토마토,5kg
2024-05-15,12.6,18.8,7.2,20.6,0.0,토마토,5kg
2024-05-15,12.6,18.8,7.2,20.6,0.0,토마토,5kg
2024-05-16,13.7,19.8,6.9,0.1,22660.0,토마토,5kg
2024-05-16,13.7,19.8,6.9,0.1,18920.0,토마토,5kg
2024-05-17,18.3,24.9,10.8,0.0,23680.0,토마토,5kg
2024-05-17,18.3,24.9,10.8,0.0,19820.0,토마토,5kg
2024-05-18,20.7,26.5,16.0,0.0,0.0,토마토,5kg
2024-05-18,20.7,26.5,16.0,0.0,0.0,토마토,5kg
2024-05-19,21.5,27.9,15.9,0.0,0.0,토마토,5kg
2024-05-20,19.4,22.8,16.8,0.0,22620.0,토마토,5kg
2024-05-20,19.4,22.8,16.8,0.0,19180.0,토마토,5kg
2024-05-21,21.7,28.3,16.3,0.0,21780.0,토마토,5kg
2024-05-21,21.7,28.3,16.3,0.0,18900.0,토마토,5kg
2024-05-22,20.5,25.5,16.4,0.0,18760.0,토마토,5kg
2024-05-22,20.5,25.5,16.4,0.0,21720.0,토마토,5kg
2024-05-23,20.2,26.4,15.8,0.0,21800.0,토마토,5kg
2024-05-23,20.2,26.4,15.8,0.0,18540.0,토마토,5kg
2024-05-24,20.1,24.7,15.7,0.0,21740.0,토마토,5kg
2024-05-24,20.1,24.7,15.7,0.0,18400.0,토마토,5kg
2024-05-25,21.4,24.7,18.7,0.0,0.0,토마토,5kg
2024-05-25,21.4,24.7,18.7,0.0,0.0,토마토,5kg
2024-05-26,19.9,23.7,17.0,8.7,0.0,토마토,5kg
2024-05-27,18.5,22.6,14.1,0.0,19620.0,토마토,5kg
2024-05-27,18.5,22.6,14.1,0.0,16340.0,토마토,5kg
2024-05-28,20.4,26.1,14.3,0.0,19220.0,토마토,5kg
2024-05-28,20.4,26.1,14.3,0.0,16340.0,토마토,5kg
2024-05-29,21.2,26.8,15.4,0.0,14800.0,토마토,5kg
2024-05-29,21.2,26.8,15.4,0.0,17680.0,토마토,5kg
2024-05-30,20.7,24.6,16.2,0.0,16660.0,토마토,5kg
2024-05-30,20.7,24.6,16.2,0.0,13960.0,토마토,5kg
2024-05-31,20.4,25.4,16.9,1.0,15920.0,토마토,5kg
2024-05-31,20.4,25.4,16.9,1.0,13320.0,토마토,5kg
2024-06-01,20.7,25.2,17.5,0.0,0.0,토마토,5kg
2024-06-01,20.7,25.2,17.5,0.0,0.0,토마토,5kg
2024-06-02,20.4,25.8,15.7,0.0,0.0,토마토,5kg
2024-06-03,22.2,28.7,15.7,0.0,14660.0,토마토,5kg
2024-06-03,22.2,28.7,15.7,0.0,12120.0,토마토,5kg
2024-06-04,22.8,29.3,16.3,0.0,15440.0,토마토,5kg
2024-06-04,22.8,29.3,16.3,0.0,13480.0,토마토,5kg
2024-06-05,23.6,30.1,18.1,0.0,13000.0,토마토,5kg
2024-06-05,23.6,30.1,18.1,0.0,15540.0,토마토,5kg
2024-06-06,24.1,31.4,19.3,0.0,0.0,토마토,5kg
2024-06-06,24.1,31.4,19.3,0.0,0.0,토마토,5kg
2024-06-07,23.1,28.0,18.3,0.8,15200.0,토마토,5kg
2024-06-07,23.1,28.0,18.3,0.8,12660.0,토마토,5kg
2024-06-08,20.3,25.0,17.9,16.9,0.0,토마토,5kg
2024-06-08,20.3,25.0,17.9,16.9,0.0,토마토,5kg
2024-06-09,22.9,28.8,17.4,0.0,0.0,토마토,5kg
2024-06-10,24.7,31.1,19.0,0.0,15720.0,토마토,5kg
2024-06-10,24.7,31.1,19.0,0.0,13320.0,토마토,5kg
2024-06-11,25.4,31.6,21.7,0.0,15520.0,토마토,5kg
2024-06-11,25.4,31.6,21.7,0.0,13120.0,토마토,5kg
2024-06-12,24.8,31.8,19.2,0.0,15520.0,토마토,5kg
2024-06-12,24.8,31.8,19.2,0.0,13120.0,토마토,5kg
2024-06-13,26.4,32.8,20.0,0.0,15560.0,토마토,5kg
2024-06-13,26.4,32.8,20.0,0.0,12860.0,토마토,5kg
2024-06-14,26.3,33.0,21.4,0.0,13300.0,토마토,5kg
2024-06-14,26.3,33.0,21.4,0.0,16080.0,토마토,5kg
2024-06-15,24.2,28.2,21.8,6.1,0.0,토마토,5kg
2024-06-15,24.2,28.2,21.8,6.1,0.0,토마토,5kg
2024-06-16,24.3,29.5,19.9,0.0,0.0,토마토,5kg
2024-06-17,24.8,30.2,18.9,0.0,15620.0,토마토,5kg
2024-06-17,24.8,30.2,18.9,0.0,12480.0,토마토,5kg
2024-06-18,26.0,32.9,20.4,0.0,15100.0,토마토,5kg
2024-06-18,26.0,32.9,20.4,0.0,12480.0,토마토,5kg
2024-06-19,28.8,35.8,21.4,0.0,14360.0,토마토,5kg
2024-06-19,28.8,35.8,21.4,0.0,12100.0,토마토,5kg
2024-06-20,29.4,35.4,23.4,0.0,12860.0,토마토,5kg
2024-06-20,29.4,35.4,23.4,0.0,10680.0,토마토,5kg
2024-06-21,28.1,33.9,22.9,0.0,10260.0,토마토,5kg
2024-06-21,28.1,33.9,22.9,0.0,12520.0,토마토,5kg
2024-06-22,24.2,26.1,22.6,16.5,0.0,토마토,5kg
2024-06-22,24.2,26.1,22.6,16.5,0.0,토마토,5kg
2024-06-23,25.1,30.1,22.5,5.1,0.0,토마토,5kg
2024-06-24,24.3,27.9,21.2,0.0,11960.0,토마토,5kg
2024-06-24,24.3,27.9,21.2,0.0,9640.0,토마토,5kg
2024-06-25,22.9,27.2,19.1,0.0,11960.0,토마토,5kg
2024-06-25,22.9,27.2,19.1,0.0,9432.0,토마토,5kg
2024-06-26,24.9,31.6,18.9,0.0,12080.0,토마토,5kg
2024-06-26,24.9,31.6,18.9,0.0,9572.0,토마토,5kg
2024-06-27,26.3,31.6,20.6,0.0,11960.0,토마토,5kg
2024-06-27,26.3,31.6,20.6,0.0,9580.0,토마토,5kg
2024-06-28,26.6,32.5,21.3,0.0,9300.0,토마토,5kg
2024-06-28,26.6,32.5,21.3,0.0,11800.0,토마토,5kg
2024-06-29,26.7,32.3,21.6,38.3,0.0,토마토,5kg
2024-06-29,26.7,32.3,21.6,38.3,0.0,토마토,5kg
2024-06-30,23.5,24.9,22.0,32.2,0.0,토마토,5kg
2024-07-01,26.3,31.3,22.0,0.0,11620.0,토마토,5kg
2024-07-01,26.3,31.3,22.0,0.0,9480.0,토마토,5kg
2024-07-02,23.2,25.2,21.9,65.1,11680.0,토마토,5kg
2024-07-02,23.2,25.2,21.9,65.1,9480.0,토마토,5kg
2024-07-03,24.7,25.9,23.6,0.8,11880.0,토마토,5kg
2024-07-03,24.7,25.9,23.6,0.8,9480.0,토마토,5kg
2024-07-04,26.8,30.6,23.2,3.6,9660.0,토마토,5kg
2024-07-04,26.8,30.6,23.2,3.6,12400.0,토마토,5kg
2024-07-05,23.4,26.1,21.3,4.1,10760.0,토마토,5kg
2024-07-05,23.4,26.1,21.3,4.1,13380.0,토마토,5kg
2024-07-06,25.1,30.0,22.1,2.8,0.0,토마토,5kg
2024-07-06,25.1,30.0,22.1,2.8,0.0,토마토,5kg
2024-07-07,24.4,28.2,21.5,28.7,0.0,토마토,5kg
2024-07-08,23.8,24.5,23.1,21.1,13800.0,토마토,5kg
2024-07-08,23.8,24.5,23.1,21.1,11080.0,토마토,5kg
2024-07-09,24.5,26.7,22.7,0.3,13880.0,토마토,5kg
2024-07-09,24.5,26.7,22.7,0.3,11100.0,토마토,5kg
2024-07-10,26.6,31.1,22.7,1.4,13780.0,토마토,5kg
2024-07-10,26.6,31.1,22.7,1.4,11040.0,토마토,5kg
2024-07-11,25.7,28.9,23.3,0.0,14100.0,토마토,5kg
2024-07-11,25.7,28.9,23.3,0.0,11420.0,토마토,5kg
2024-07-12,25.6,30.2,21.8,0.0,13980.0,토마토,5kg
2024-07-12,25.6,30.2,21.8,0.0,11300.0,토마토,5kg
2024-07-13,28.1,33.3,23.5,0.0,0.0,토마토,5kg
2024-07-13,28.1,33.3,23.5,0.0,0.0,토마토,5kg
2024-07-14,28.4,32.1,24.9,0.4,0.0,토마토,5kg
2024-07-15,28.4,31.3,24.5,0.0,13120.0,토마토,5kg
2024-07-15,28.4,31.3,24.5,0.0,10460.0,토마토,5kg
2024-07-16,27.0,30.7,24.6,17.0,12240.0,토마토,5kg
2024-07-16,27.0,30.7,24.6,17.0,9900.0,토마토,5kg
2024-07-17,25.4,28.1,24.1,98.8,12320.0,토마토,5kg
2024-07-17,25.4,28.1,24.1,98.8,9820.0,토마토,5kg
2024-07-18,24.3,25.6,23.1,128.8,12320.0,토마토,5kg
2024-07-18,24.3,25.6,23.1,128.8,9820.0,토마토,5kg
2024-07-19,27.0,30.8,24.2,0.1,12420.0,토마토,5kg
2024-07-19,27.0,30.8,24.2,0.1,9860.0,토마토,5kg
2024-07-20,27.2,30.6,25.1,14.9,0.0,토마토,5kg
2024-07-20,27.2,30.6,25.1,14.9,0.0,토마토,5kg
2024-07-21,26.5,29.8,22.5,8.5,0.0,토마토,5kg
2024-07-22,26.6,27.9,24.3,79.9,12520.0,토마토,5kg
2024-07-22,26.6,27.9,24.3,79.9,9926.0,토마토,5kg
2024-07-23,26.4,27.3,25.8,2.0,12520.0,토마토,5kg
2024-07-23,26.4,27.3,25.8,2.0,9852.0,토마토,5kg
2024-07-24,28.1,30.9,26.0,14.7,12800.0,토마토,5kg
2024-07-24,28.1,30.9,26.0,14.7,10146.0,토마토,5kg
2024-07-25,28.8,32.2,25.4,25.3,13260.0,토마토,5kg
2024-07-25,28.8,32.2,25.4,25.3,10486.0,토마토,5kg
2024-07-26,28.7,32.7,25.2,5.5,13180.0,토마토,5kg
2024-07-26,28.7,32.7,25.2,5.5,10426.0,토마토,5kg
2024-07-27,28.9,31.7,27.5,33.5,0.0,토마토,5kg
2024-07-27,28.9,31.7,27.5,33.5,0.0,토마토,5kg
2024-07-28,29.2,32.2,27.3,0.0,0.0,토마토,5kg
2024-07-29,27.4,27.8,26.8,0.0,14600.0,토마토,5kg
2024-07-29,27.4,27.8,26.8,0.0,11740.0,토마토,5kg
2024-07-30,28.6,31.9,26.3,0.0,14060.0,토마토,5kg
2024-07-30,28.6,31.9,26.3,0.0,11100.0,토마토,5kg
2024-07-31,29.4,33.3,27.0,0.0,14360.0,토마토,5kg
2024-07-31,29.4,33.3,27.0,0.0,11480.0,토마토,5kg
2024-08-01,29.9,33.2,27.3,0.3,14620.0,토마토,5kg
2024-08-01,29.9,33.2,27.3,0.3,11580.0,토마토,5kg
2024-08-02,29.6,32.5,28.2,0.0,11740.0,토마토,5kg
2024-08-02,29.6,32.5,28.2,0.0,14580.0,토마토,5kg
2024-08-03,30.2,34.2,27.2,0.0,0.0,토마토,5kg
2024-08-03,30.2,34.2,27.2,0.0,0.0,토마토,5kg
2024-08-04,31.8,36.2,27.3,0.0,0.0,토마토,5kg
2024-08-05,30.0,33.7,26.9,1.3,14580.0,토마토,5kg
2024-08-05,30.0,33.7,26.9,1.3,11740.0,토마토,5kg
2024-08-06,29.5,33.5,25.6,0.0,15360.0,토마토,5kg
2024-08-06,29.5,33.5,25.6,0.0,12480.0,토마토,5kg
2024-08-07,29.6,33.4,27.2,3.4,15360.0,토마토,5kg
2024-08-07,29.6,33.4,27.2,3.4,12480.0,토마토,5kg
2024-08-08,28.5,31.6,26.9,0.0,16100.0,토마토,5kg
2024-08-08,28.5,31.6,26.9,0.0,12820.0,토마토,5kg
2024-08-09,29.3,33.6,25.6,0.0,16060.0,토마토,5kg
2024-08-09,29.3,33.6,25.6,0.0,12620.0,토마토,5kg
2024-08-10,30.0,33.6,26.4,0.0,0.0,토마토,5kg
2024-08-10,30.0,33.6,26.4,0.0,0.0,토마토,5kg
2024-08-11,30.8,34.4,27.8,0.0,0.0,토마토,5kg
2024-08-12,31.1,34.1,28.2,0.0,14980.0,토마토,5kg
2024-08-12,31.1,34.1,28.2,0.0,12060.0,토마토,5kg
2024-08-13,31.3,36.4,28.1,0.0,15580.0,토마토,5kg
2024-08-13,31.3,36.4,28.1,0.0,12620.0,토마토,5kg
2024-08-14,30.0,34.9,27.3,3.0,16200.0,토마토,5kg
2024-08-14,30.0,34.9,27.3,3.0,13320.0,토마토,5kg
2024-08-15,29.2,34.6,26.7,6.4,0.0,토마토,5kg
2024-08-15,29.2,34.6,26.7,6.4,0.0,토마토,5kg
2024-08-16,29.8,34.3,26.8,0.0,18300.0,토마토,5kg
2024-08-16,29.8,34.3,26.8,0.0,14860.0,토마토,5kg
2024-08-17,29.8,34.0,27.2,11.0,0.0,토마토,5kg
2024-08-17,29.8,34.0,27.2,11.0,0.0,토마토,5kg
2024-08-18,29.5,33.9,27.0,0.0,0.0,토마토,5kg
2024-08-19,29.7,35.3,26.3,2.3,19740.0,토마토,5kg
2024-08-19,29.7,35.3,26.3,2.3,15700.0,토마토,5kg
2024-08-20,31.4,35.4,27.0,0.0,19260.0,토마토,5kg
2024-08-20,31.4,35.4,27.0,0.0,15600.0,토마토,5kg
2024-08-21,28.4,30.8,26.9,42.2,19680.0,토마토,5kg
2024-08-21,28.4,30.8,26.9,42.2,15760.0,토마토,5kg
2024-08-22,28.6,30.3,27.1,0.6,20160.0,토마토,5kg
2024-08-22,28.6,30.3,27.1,0.6,15820.0,토마토,5kg
2024-08-23,28.4,31.8,26.4,0.0,20800.0,토마토,5kg
2024-08-23,28.4,31.8,26.4,0.0,16220.0,토마토,5kg
2024-08-24,27.6,30.9,25.1,2.0,0.0,토마토,5kg
2024-08-24,27.6,30.9,25.1,2.0,0.0,토마토,5kg
2024-08-25,28.5,32.7,24.9,0.0,0.0,토마토,5kg
2024-08-26,28.1,30.6,25.6,0.0,19000.0,토마토,5kg
2024-08-26,28.1,30.6,25.6,0.0,14860.0,토마토,5kg
2024-08-27,26.5,30.3,24.6,0.3,18240.0,토마토,5kg
2024-08-27,26.5,30.3,24.6,0.3,14340.0,토마토,5kg
2024-08-28,28.2,33.2,23.0,0.0,18700.0,토마토,5kg
2024-08-28,28.2,33.2,23.0,0.0,14900.0,토마토,5kg
2024-08-29,28.4,33.5,23.4,0.0,19340.0,토마토,5kg
2024-08-29,28.4,33.5,23.4,0.0,15640.0,토마토,5kg
2024-08-30,28.0,32.9,23.7,0.0,20480.0,토마토,5kg
2024-08-30,28.0,32.9,23.7,0.0,16720.0,토마토,5kg
2024-08-31,27.6,33.0,22.6,0.0,0.0,토마토,5kg
2024-08-31,27.6,33.0,22.6,0.0,0.0,토마토,5kg
2024-09-01,27.1,31.6,24.6,0.0,0.0,토마토,5kg
2024-09-02,24.5,26.9,22.2,2.7,23460.0,토마토,5kg
2024-09-02,24.5,26.9,22.2,2.7,19500.0,토마토,5kg
2024-09-03,27.0,32.0,23.2,0.0,23880.0,토마토,5kg
2024-09-03,27.0,32.0,23.2,0.0,19920.0,토마토,5kg
2024-09-04,27.9,33.3,23.2,0.0,24700.0,토마토,5kg
2024-09-04,27.9,33.3,23.2,0.0,20680.0,토마토,5kg
2024-09-05,26.3,28.8,25.6,6.9,25540.0,토마토,5kg
2024-09-05,26.3,28.8,25.6,6.9,21540.0,토마토,5kg
2024-09-06,24.0,25.7,23.3,0.7,26420.0,토마토,5kg
2024-09-06,24.0,25.7,23.3,0.7,22520.0,토마토,5kg
2024-09-07,26.5,31.3,22.8,0.0,0.0,토마토,5kg
2024-09-07,26.5,31.3,22.8,0.0,0.0,토마토,5kg
2024-09-08,27.2,32.8,22.6,0.0,0.0,토마토,5kg
2024-09-09,28.5,34.1,24.1,0.0,27200.0,토마토,5kg
2024-09-09,28.5,34.1,24.1,0.0,23760.0,토마토,5kg
2024-09-10,29.4,33.9,25.6,0.0,28880.0,토마토,5kg
2024-09-10,29.4,33.9,25.6,0.0,24800.0,토마토,5kg
2024-09-11,29.0,34.6,25.4,0.4,28780.0,토마토,5kg
2024-09-11,29.0,34.6,25.4,0.4,25000.0,토마토,5kg
2024-09-12,25.4,27.1,24.8,32.7,30820.0,토마토,5kg
2024-09-12,25.4,27.1,24.8,32.7,26400.0,토마토,5kg
2024-09-13,25.9,28.0,24.2,7.6,31180.0,토마토,5kg
2024-09-13,25.9,28.0,24.2,7.6,26560.0,토마토,5kg
2024-09-14,28.0,32.2,25.2,0.0,0.0,토마토,5kg
2024-09-14,28.0,32.2,25.2,0.0,0.0,토마토,5kg
2024-09-15,27.5,32.4,24.2,0.0,0.0,토마토,5kg
2024-09-16,26.8,32.2,21.3,9.5,0.0,토마토,5kg
2024-09-16,26.8,32.2,21.3,9.5,0.0,토마토,5kg
2024-09-17,28.6,33.2,25.8,0.0,0.0,토마토,5kg
2024-09-17,28.6,33.2,25.8,0.0,0.0,토마토,5kg
2024-09-18,29.4,33.6,26.5,0.7,0.0,토마토,5kg
2024-09-18,29.4,33.6,26.5,0.7,0.0,토마토,5kg
2024-09-19,29.1,32.6,25.6,0.0,31180.0,토마토,5kg
2024-09-19,29.1,32.6,25.6,0.0,26560.0,토마토,5kg
2024-09-20,25.0,28.6,17.9,54.5,26920.0,토마토,5kg
2024-09-20,25.0,28.6,17.9,54.5,22280.0,토마토,5kg
2024-09-21,19.3,21.9,17.1,27.0,0.0,토마토,5kg
2024-09-21,19.3,21.9,17.1,27.0,0.0,토마토,5kg
2024-09-22,21.0,26.7,16.9,0.0,0.0,토마토,5kg
2024-09-23,20.8,26.1,16.6,0.0,25680.0,토마토,5kg
2024-09-23,20.8,26.1,16.6,0.0,22120.0,토마토,5kg
2024-09-24,21.0,26.9,15.6,0.0,26320.0,토마토,5kg
2024-09-24,21.0,26.9,15.6,0.0,22640.0,토마토,5kg
2024-09-25,23.3,27.3,18.6,0.0,24840.0,토마토,5kg
2024-09-25,23.3,27.3,18.6,0.0,21020.0,토마토,5kg
2024-09-26,23.6,28.0,21.1,1.2,27500.0,토마토,5kg
2024-09-26,23.6,28.0,21.1,1.2,22280.0,토마토,5kg
2024-09-27,22.7,28.0,19.1,0.0,29400.0,토마토,5kg
2024-09-27,22.7,28.0,19.1,0.0,23560.0,토마토,5kg
2024-09-28,23.2,27.9,19.2,0.0,0.0,토마토,5kg
2024-09-28,23.2,27.9,19.2,0.0,0.0,토마토,5kg
2024-09-29,23.5,29.0,19.1,0.0,0.0,토마토,5kg
2024-09-30,23.0,28.5,18.3,0.0,25520.0,토마토,5kg
2024-09-30,23.0,28.5,18.3,0.0,30660.0,토마토,5kg
2024-10-01,18.3,21.7,13.3,2.5,0.0,토마토,5kg
2024-10-01,18.3,21.7,13.3,2.5,0.0,토마토,5kg
2024-10-02,14.9,19.9,11.6,0.0,34180.0,토마토,5kg
2024-10-02,14.9,19.9,11.6,0.0,29160.0,토마토,5kg
2024-10-03,16.4,22.5,10.8,0.0,0.0,토마토,5kg
2024-10-03,16.4,22.5,10.8,0.0,0.0,토마토,5kg
2024-10-04,17.6,24.2,11.9,0.0,39180.0,토마토,5kg
2024-10-04,17.6,24.2,11.9,0.0,33080.0,토마토,5kg
2024-10-05,17.5,24.4,11.6,0.0,0.0,토마토,5kg
2024-10-05,17.5,24.4,11.6,0.0,0.0,토마토,5kg
2024-10-06,15.4,17.9,12.3,0.0,0.0,토마토,5kg
2024-10-07,16.9,20.7,14.0,0.0,40500.0,토마토,5kg
2024-10-07,16.9,20.7,14.0,0.0,46940.0,토마토,5kg
2024-10-08,17.7,23.9,12.7,0.0,52220.0,토마토,5kg
2024-10-08,17.7,23.9,12.7,0.0,44240.0,토마토,5kg
2024-10-09,18.8,24.4,13.9,0.0,0.0,토마토,5kg
2024-10-09,18.8,24.4,13.9,0.0,0.0,토마토,5kg
2024-10-10,18.8,24.1,15.3,0.0,53120.0,토마토,5kg
2024-10-10,18.8,24.1,15.3,0.0,45720.0,토마토,5kg
2024-10-11,18.6,24.4,13.9,0.0,55640.0,토마토,5kg
2024-10-11,18.6,24.4,13.9,0.0,48940.0,토마토,5kg
2024-10-12,18.3,24.7,13.4,0.0,0.0,토마토,5kg
2024-10-12,18.3,24.7,13.4,0.0,0.0,토마토,5kg
2024-10-13,18.3,22.6,12.6,0.0,0.0,토마토,5kg
2024-10-14,19.3,21.5,17.6,0.0,50280.0,토마토,5kg
2024-10-14,19.3,21.5,17.6,0.0,56300.0,토마토,5kg
2024-10-15,19.2,21.9,17.6,0.5,55680.0,토마토,5kg
2024-10-15,19.2,21.9,17.6,0.5,49680.0,토마토,5kg
2024-10-16,18.2,24.2,14.4,0.0,52820.0,토마토,5kg
2024-10-16,18.2,24.2,14.4,0.0,47380.0,토마토,5kg
2024-10-17,19.0,25.7,13.8,0.0,51060.0,토마토,5kg
2024-10-17,19.0,25.7,13.8,0.0,46460.0,토마토,5kg
2024-10-18,17.4,18.8,16.2,47.1,45240.0,토마토,5kg
2024-10-18,17.4,18.8,16.2,47.1,40500.0,토마토,5kg
2024-10-19,16.6,21.1,12.4,1.0,0.0,토마토,5kg
2024-10-19,16.6,21.1,12.4,1.0,0.0,토마토,5kg
2024-10-20,13.4,17.8,10.5,0.0,0.0,토마토,5kg
2024-10-21,14.8,19.3,9.7,0.0,34720.0,토마토,5kg
2024-10-21,14.8,19.3,9.7,0.0,40600.0,토마토,5kg
2024-10-22,15.5,16.6,14.9,20.6,37760.0,토마토,5kg
2024-10-22,15.5,16.6,14.9,20.6,32440.0,토마토,5kg
2024-10-23,12.7,15.5,9.4,2.3,36600.0,토마토,5kg
2024-10-23,12.7,15.5,9.4,2.3,30640.0,토마토,5kg
2024-10-24,12.5,18.4,7.1,0.0,34740.0,토마토,5kg
2024-10-24,12.5,18.4,7.1,0.0,29660.0,토마토,5kg
2024-10-25,14.9,21.5,8.7,0.0,32580.0,토마토,5kg
2024-10-25,14.9,21.5,8.7,0.0,28140.0,토마토,5kg
2024-10-26,17.0,24.0,10.7,0.0,0.0,토마토,5kg
2024-10-26,17.0,24.0,10.7,0.0,0.0,토마토,5kg
2024-10-27,16.0,18.8,14.0,0.0,0.0,토마토,5kg
2024-10-28,15.7,20.4,12.3,0.0,27880.0,토마토,5kg
2024-10-28,15.7,20.4,12.3,0.0,32040.0,토마토,5kg
2024-10-29,15.0,18.3,13.4,0.0,26480.0,토마토,5kg
2024-10-29,15.0,18.3,13.4,0.0,30460.0,토마토,5kg
2024-10-30,15.7,21.4,11.4,0.0,28820.0,토마토,5kg
2024-10-30,15.7,21.4,11.4,0.0,24680.0,토마토,5kg
2024-10-31,15.9,22.6,11.0,0.0,28220.0,토마토,5kg
2024-10-31,15.9,22.6,11.0,0.0,24320.0,토마토,5kg
2024-11-01,15.3,18.7,12.9,0.0,29180.0,토마토,5kg
2024-11-01,15.3,18.7,12.9,0.0,25220.0,토마토,5kg
2024-11-02,18.1,25.1,13.0,0.0,0.0,토마토,5kg
2024-11-02,18.1,25.1,13.0,0.0,0.0,토마토,5kg
2024-11-03,17.6,23.5,13.0,0.0,0.0,토마토,5kg
2024-11-04,14.8,18.3,8.9,0.1,29740.0,토마토,5kg
2024-11-04,14.8,18.3,8.9,0.1,25580.0,토마토,5kg
2024-11-05,9.1,14.7,5.6,0.0,29400.0,토마토,5kg
2024-11-05,9.1,14.7,5.6,0.0,25240.0,토마토,5kg
2024-11-06,7.5,12.5,4.1,0.0,25200.0,토마토,5kg
2024-11-06,7.5,12.5,4.1,0.0,29680.0,토마토,5kg
2024-11-07,7.8,15.7,1.6,0.0,29260.0,토마토,5kg
2024-11-07,7.8,15.7,1.6,0.0,25040.0,토마토,5kg
2024-11-08,10.2,18.1,3.1,0.0,29600.0,토마토,5kg
2024-11-08,10.2,18.1,3.1,0.0,25140.0,토마토,5kg
2024-11-09,12.9,20.3,6.8,0.0,0.0,토마토,5kg
2024-11-09,12.9,20.3,6.8,0.0,0.0,토마토,5kg
2024-11-10,14.4,21.0,10.3,0.0,0.0,토마토,5kg
2024-11-11,14.6,21.8,9.7,0.0,29600.0,토마토,5kg
2024-11-11,14.6,21.8,9.7,0.0,25180.0,토마토,5kg
2024-11-12,14.3,19.2,11.0,0.0,31420.0,토마토,5kg
2024-11-12,14.3,19.2,11.0,0.0,27000.0,토마토,5kg
2024-11-13,14.2,21.3,8.3,0.0,28920.0,토마토,5kg
2024-11-13,14.2,21.3,8.3,0.0,33360.0,토마토,5kg
2024-11-14,14.8,16.8,13.2,0.1,34140.0,토마토,5kg
2024-11-14,14.8,16.8,13.2,0.1,30120.0,토마토,5kg
2024-11-15,17.0,21.5,13.7,0.0,34760.0,토마토,5kg
2024-11-15,17.0,21.5,13.7,0.0,31040.0,토마토,5kg
2024-11-16,17.0,22.6,14.4,6.5,0.0,토마토,5kg
2024-11-16,17.0,22.6,14.4,6.5,0.0,토마토,5kg
2024-11-17,7.0,14.4,2.1,0.0,0.0,토마토,5kg
2024-11-18,2.8,7.9,-0.7,0.0,30640.0,토마토,5kg
2024-11-18,2.8,7.9,-0.7,0.0,27060.0,토마토,5kg
2024-11-19,5.7,11.3,0.3,0.0,30880.0,토마토,5kg
2024-11-19,5.7,11.3,0.3,0.0,27400.0,토마토,5kg
2024-11-20,6.5,9.6,2.4,0.0,27680.0,토마토,5kg
2024-11-20,6.5,9.6,2.4,0.0,32000.0,토마토,5kg
2024-11-21,9.7,14.1,6.0,0.0,31740.0,토마토,5kg
2024-11-21,9.7,14.1,6.0,0.0,28100.0,토마토,5kg
2024-11-22,6.2,10.6,3.3,0.0,31900.0,토마토,5kg
2024-11-22,6.2,10.6,3.3,0.0,28280.0,토마토,5kg
2024-11-23,6.4,12.6,1.5,0.0,0.0,토마토,5kg
2024-11-23,6.4,12.6,1.5,0.0,0.0,토마토,5kg
2024-11-24,7.4,14.2,2.6,0.0,0.0,토마토,5kg
2024-11-25,10.1,15.4,3.6,0.0,29960.0,토마토,5kg
2024-11-25,10.1,15.4,3.6,0.0,26600.0,토마토,5kg
2024-11-26,5.8,12.7,1.0,26.0,27060.0,토마토,5kg
2024-11-26,5.8,12.7,1.0,26.0,30440.0,토마토,5kg
2024-11-27,-0.4,1.2,-1.3,22.4,26380.0,토마토,5kg
2024-11-27,-0.4,1.2,-1.3,22.4,30080.0,토마토,5kg
2024-11-28,0.8,3.4,-1.7,4.9,29940.0,토마토,5kg
2024-11-28,0.8,3.4,-1.7,4.9,26460.0,토마토,5kg
2024-11-29,0.2,3.4,-3.4,0.0,29500.0,토마토,5kg
2024-11-29,0.2,3.4,-3.4,0.0,26260.0,토마토,5kg
2024-11-30,2.5,5.6,-0.5,0.0,0.0,토마토,5kg
2024-11-30,2.5,5.6,-0.5,0.0,0.0,토마토,5kg
2024-12-01,5.2,8.2,1.6,0.5,0.0,토마토,5kg
2024-12-02,6.4,13.0,0.6,0.0,29200.0,토마토,5kg
2024-12-02,6.4,13.0,0.6,0.0,26060.0,토마토,5kg
2024-12-03,1.3,5.2,-2.4,0.0,29360.0,토마토,5kg
2024-12-03,1.3,5.2,-2.4,0.0,26160.0,토마토,5kg
2024-12-04,3.1,6.9,-0.6,0.0,26400.0,토마토,5kg
2024-12-04,3.1,6.9,-0.6,0.0,29720.0,토마토,5kg
2024-12-05,3.9,8.8,-0.1,1.8,29660.0,토마토,5kg
2024-12-05,3.9,8.8,-0.1,1.8,26420.0,토마토,5kg
2024-12-06,2.1,5.2,-0.4,0.0,0.0,토마토,5kg
2024-12-06,2.1,5.2,-0.4,0.0,0.0,토마토,5kg
2024-12-07,0.2,4.6,-2.5,0.0,0.0,토마토,5kg
2024-12-08,-0.2,4.1,-3.9,0.0,0.0,토마토,5kg
2024-12-09,1.0,7.4,-3.8,0.0,28980.0,토마토,5kg
2024-12-09,1.0,7.4,-3.8,0.0,25740.0,토마토,5kg
2024-12-10,2.6,6.9,-1.9,0.0,26960.0,토마토,5kg
2024-12-10,2.6,6.9,-1.9,0.0,23820.0,토마토,5kg
2024-12-11,3.0,8.2,0.2,0.0,22840.0,토마토,5kg
2024-12-11,3.0,8.2,0.2,0.0,26500.0,토마토,5kg
2024-12-12,0.5,5.4,-3.2,0.0,22940.0,토마토,5kg
2024-12-12,0.5,5.4,-3.2,0.0,25960.0,토마토,5kg
2024-12-13,1.0,4.5,-1.5,0.0,25400.0,토마토,5kg
2024-12-13,1.0,4.5,-1.5,0.0,22200.0,토마토,5kg
2024-12-14,-0.8,2.5,-3.6,0.0,0.0,토마토,5kg
2024-12-14,-0.8,2.5,-3.6,0.0,0.0,토마토,5kg
2024-12-15,1.2,5.4,-2.2,0.0,0.0,토마토,5kg
2024-12-16,-0.2,3.9,-3.3,0.0,24660.0,토마토,5kg
2024-12-16,-0.2,3.9,-3.3,0.0,21840.0,토마토,5kg
2024-12-17,-0.8,3.8,-3.5,0.0,23980.0,토마토,5kg
2024-12-17,-0.8,3.8,-3.5,0.0,20820.0,토마토,5kg
2024-12-18,-3.4,0.9,-6.2,0.0,24180.0,토마토,5kg
2024-12-18,-3.4,0.9,-6.2,0.0,21100.0,토마토,5kg
2024-12-19,-1.4,4.9,-6.7,0.0,19940.0,토마토,5kg
2024-12-19,-1.4,4.9,-6.7,0.0,23240.0,토마토,5kg
2024-12-20,1.4,5.3,-2.1,0.4,23160.0,토마토,5kg
2024-12-20,1.4,5.3,-2.1,0.4,19900.0,토마토,5kg
2024-12-21,-0.7,1.9,-4.7,2.9,0.0,토마토,5kg
2024-12-21,-0.7,1.9,-4.7,2.9,0.0,토마토,5kg
2024-12-22,-3.4,1.0,-7.7,0.0,0.0,토마토,5kg
2024-12-23,0.3,6.7,-5.0,0.0,23140.0,토마토,5kg
2024-12-23,0.3,6.7,-5.0,0.0,19820.0,토마토,5kg
2024-12-24,-0.4,5.1,-4.3,0.0,22920.0,토마토,5kg
2024-12-24,-0.4,5.1,-4.3,0.0,19700.0,토마토,5kg
2024-12-25,2.7,6.5,-1.1,0.1,0.0,토마토,5kg
2024-12-25,2.7,6.5,-1.1,0.1,0.0,토마토,5kg
2024-12-26,0.1,4.2,-4.8,0.0,18540.0,토마토,5kg
2024-12-26,0.1,4.2,-4.8,0.0,21840.0,토마토,5kg
2024-12-27,-2.6,1.8,-5.9,0.0,19300.0,토마토,5kg
2024-12-27,-2.6,1.8,-5.9,0.0,22580.0,토마토,5kg
2024-12-28,-3.0,1.1,-6.7,0.0,0.0,토마토,5kg
2024-12-28,-3.0,1.1,-6.7,0.0,0.0,토마토,5kg
2024-12-29,1.1,6.1,-4.2,0.0,0.0,토마토,5kg
2024-12-30,5.5,10.1,1.9,0.0,21660.0,토마토,5kg
2024-12-30,5.5,10.1,1.9,0.0,18460.0,토마토,5kg
2024-12-31,0.6,4.9,-2.0,0.0,21540.0,토마토,5kg
2024-12-31,0.6,4.9,-2.0,0.0,18100.0,토마토,5kg
2025-01-01,2.6,8.9,-2.5,0.0,0.0,토마토,5kg
2025-01-01,2.6,8.9,-2.5,0.0,0.0,토마토,5kg
2025-01-02,0.5,6.0,-2.9,0.0,21540.0,토마토,5kg
2025-01-02,0.5,6.0,-2.9,0.0,18100.0,토마토,5kg
2025-01-03,-1.1,3.2,-5.1,0.0,18420.0,토마토,5kg
2025-01-03,-1.1,3.2,-5.1,0.0,21820.0,토마토,5kg
2025-01-04,-0.1,5.7,-5.4,0.0,0.0,토마토,5kg
2025-01-04,-0.1,5.7,-5.4,0.0,0.0,토마토,5kg
2025-01-05,1.2,2.5,-0.7,6.7,0.0,토마토,5kg
2025-01-06,1.0,3.4,-3.0,3.0,20440.0,토마토,5kg
2025-01-06,1.0,3.4,-3.0,3.0,17260.0,토마토,5kg
2025-01-07,-2.6,1.5,-5.7,0.1,19380.0,토마토,5kg
2025-01-07,-2.6,1.5,-5.7,0.1,16540.0,토마토,5kg
2025-01-08,-3.4,0.2,-6.1,0.0,19160.0,토마토,5kg
2025-01-08,-3.4,0.2,-6.1,0.0,16260.0,토마토,5kg
2025-01-09,-9.7,-6.1,-11.6,0.0,19180.0,토마토,5kg
2025-01-09,-9.7,-6.1,-11.6,0.0,16260.0,토마토,5kg
2025-01-10,-7.3,-1.7,-12.2,0.0,16260.0,토마토,5kg
2025-01-10,-7.3,-1.7,-12.2,0.0,19180.0,토마토,5kg
2025-01-11,-5.1,0.4,-9.5,0.0,0.0,토마토,5kg
2025-01-11,-5.1,0.4,-9.5,0.0,0.0,토마토,5kg
2025-01-12,-3.4,2.5,-8.2,0.0,0.0,토마토,5kg
2025-01-13,-0.4,4.1,-5.6,1.3,19360.0,토마토,5kg
2025-01-13,-0.4,4.1,-5.6,1.3,16800.0,토마토,5kg
2025-01-14,2.3,5.2,-1.7,0.1,18180.0,토마토,5kg
2025-01-14,2.3,5.2,-1.7,0.1,15920.0,토마토,5kg
2025-01-15,-3.5,-0.5,-5.3,0.0,18680.0,토마토,5kg
2025-01-15,-3.5,-0.5,-5.3,0.0,16440.0,토마토,5kg
2025-01-16,-0.5,2.8,-4.9,0.0,19000.0,토마토,5kg
2025-01-16,-0.5,2.8,-4.9,0.0,16620.0,토마토,5kg
2025-01-17,-0.5,5.6,-4.9,0.0,16540.0,토마토,5kg
2025-01-17,-0.5,5.6,-4.9,0.0,18960.0,토마토,5kg
2025-01-18,1.0,7.5,-4.0,0.0,0.0,토마토,5kg
2025-01-18,1.0,7.5,-4.0,0.0,0.0,토마토,5kg
2025-01-19,3.8,9.0,-1.2,0.0,0.0,토마토,5kg
2025-01-20,3.9,7.5,0.9,0.0,18800.0,토마토,5kg
2025-01-20,3.9,7.5,0.9,0.0,16520.0,토마토,5kg
2025-01-21,2.4,6.3,-1.0,0.0,18800.0,토마토,5kg
2025-01-21,2.4,6.3,-1.0,0.0,16600.0,토마토,5kg
2025-01-22,3.6,7.7,0.5,0.0,18920.0,토마토,5kg
2025-01-22,3.6,7.7,0.5,0.0,16460.0,토마토,5kg
2025-01-23,2.0,7.7,-2.4,0.0,18020.0,토마토,5kg
2025-01-23,2.0,7.7,-2.4,0.0,15820.0,토마토,5kg
2025-01-24,3.1,10.6,-2.7,0.0,17840.0,토마토,5kg
2025-01-24,3.1,10.6,-2.7,0.0,15620.0,토마토,5kg
2025-01-25,5.2,11.4,1.2,0.0,0.0,토마토,5kg
2025-01-25,5.2,11.4,1.2,0.0,0.0,토마토,5kg
2025-01-26,4.6,7.5,1.8,0.0,0.0,토마토,5kg
2025-01-27,0.2,5.1,-2.7,5.6,0.0,토마토,5kg
2025-01-27,0.2,5.1,-2.7,5.6,0.0,토마토,5kg
2025-01-28,-3.9,-2.5,-5.3,0.1,0.0,토마토,5kg
2025-01-28,-3.9,-2.5,-5.3,0.1,0.0,토마토,5kg
2025-01-29,-4.6,-1.3,-6.4,0.2,0.0,토마토,5kg
2025-01-29,-4.6,-1.3,-6.4,0.2,0.0,토마토,5kg
2025-01-30,-3.8,-1.0,-7.5,0.0,0.0,토마토,5kg
2025-01-30,-3.8,-1.0,-7.5,0.0,0.0,토마토,5kg
2025-01-31,-0.8,0.7,-2.6,2.4,17840.0,토마토,5kg
2025-01-31,-0.8,0.7,-2.6,2.4,15620.0,토마토,5kg
2025-02-01,1.6,7.9,-2.0,0.0,0.0,토마토,5kg
2025-02-01,1.6,7.9,-2.0,0.0,0.0,토마토,5kg
2025-02-02,1.5,6.8,-2.5,0.0,0.0,토마토,5kg
2025-02-03,-4.1,0.6,-8.2,0.0,17300.0,토마토,5kg
2025-02-03,-4.1,0.6,-8.2,0.0,14940.0,토마토,5kg
2025-02-04,-9.0,-5.3,-11.5,0.0,17340.0,토마토,5kg
2025-02-04,-9.0,-5.3,-11.5,0.0,14920.0,토마토,5kg
2025-02-05,-8.6,-3.7,-11.8,0.0,17820.0,토마토,5kg
2025-02-05,-8.6,-3.7,-11.8,0.0,15320.0,토마토,5kg
2025-02-06,-5.6,-0.2,-11.5,2.3,18600.0,토마토,5kg
2025-02-06,-5.6,-0.2,-11.5,2.3,15720.0,토마토,5kg
2025-02-07,-8.0,-4.7,-10.7,0.4,19220.0,토마토,5kg
2025-02-07,-8.0,-4.7,-10.7,0.4,16220.0,토마토,5kg
2025-02-08,-7.9,-3.4,-11.5,0.0,0.0,토마토,5kg
2025-02-08,-7.9,-3.4,-11.5,0.0,0.0,토마토,5kg
2025-02-09,-4.7,1.7,-9.6,0.0,0.0,토마토,5kg
2025-02-10,-2.6,2.6,-7.5,0.0,19360.0,토마토,5kg
2025-02-10,-2.6,2.6,-7.5,0.0,16320.0,토마토,5kg
2025-02-11,0.5,7.0,-5.7,0.0,19580.0,토마토,5kg
2025-02-11,0.5,7.0,-5.7,0.0,16360.0,토마토,5kg
2025-02-12,0.5,2.5,-2.9,2.5,19680.0,토마토,5kg
2025-02-12,0.5,2.5,-2.9,2.5,16600.0,토마토,5kg
2025-02-13,0.2,6.1,-5.8,0.0,19500.0,토마토,5kg
2025-02-13,0.2,6.1,-5.8,0.0,16283.0,토마토,5kg
2025-02-14,3.7,10.1,-1.6,0.0,20580.0,토마토,5kg
2025-02-14,3.7,10.1,-1.6,0.0,17540.0,토마토,5kg
2025-02-15,4.1,7.8,0.4,0.0,0.0,토마토,5kg
2025-02-15,4.1,7.8,0.4,0.0,0.0,토마토,5kg
2025-02-16,4.3,9.7,0.4,0.0,0.0,토마토,5kg
2025-02-17,-0.3,3.5,-3.4,0.0,22060.0,토마토,5kg
2025-02-17,-0.3,3.5,-3.4,0.0,18440.0,토마토,5kg
2025-02-18,-2.3,2.6,-5.2,0.0,21580.0,토마토,5kg
2025-02-18,-2.3,2.6,-5.2,0.0,17640.0,토마토,5kg
2025-02-19,-3.0,1.2,-5.8,0.0,21680.0,토마토,5kg
2025-02-19,-3.0,1.2,-5.8,0.0,17680.0,토마토,5kg
2025-02-20,-2.9,1.9,-6.5,0.0,21800.0,토마토,5kg
2025-02-20,-2.9,1.9,-6.5,0.0,17840.0,토마토,5kg
2025-02-21,-2.5,2.6,-6.4,0.0,22140.0,토마토,5kg
2025-02-21,-2.5,2.6,-6.4,0.0,18340.0,토마토,5kg
2025-02-22,-2.3,2.7,-5.6,0.0,0.0,토마토,5kg
2025-02-22,-2.3,2.7,-5.6,0.0,0.0,토마토,5kg
2025-02-23,-3.6,0.5,-6.5,0.0,0.0,토마토,5kg
2025-02-24,-1.3,4.7,-6.3,0.0,18580.0,토마토,5kg
2025-02-24,-1.3,4.7,-6.3,0.0,21940.0,토마토,5kg
2025-02-25,2.1,6.1,-3.1,0.0,21940.0,토마토,5kg
2025-02-25,2.1,6.1,-3.1,0.0,18500.0,토마토,5kg
2025-02-26,3.7,9.1,0.7,0.0,21040.0,토마토,5kg
2025-02-26,3.7,9.1,0.7,0.0,17840.0,토마토,5kg
2025-02-27,5.8,14.2,-2.0,0.0,21040.0,토마토,5kg
2025-02-27,5.8,14.2,-2.0,0.0,17840.0,토마토,5kg
2025-02-28,7.8,13.7,3.7,0.0,21040.0,토마토,5kg
2025-02-28,7.8,13.7,3.7,0.0,17840.0,토마토,5kg
2025-03-01,8.5,13.0,3.4,0.6,0.0,토마토,5kg
2025-03-01,8.5,13.0,3.4,0.6,0.0,토마토,5kg
2025-03-02,8.3,15.6,2.2,11.8,0.0,토마토,5kg
2025-03-03,3.1,7.1,1.0,10.4,0.0,토마토,5kg
2025-03-03,3.1,7.1,1.0,10.4,0.0,토마토,5kg
2025-03-04,2.5,3.4,0.9,4.0,20540.0,토마토,5kg
2025-03-04,2.5,3.4,0.9,4.0,17460.0,토마토,5kg
2025-03-05,4.8,9.2,2.3,0.0,20400.0,토마토,5kg
2025-03-05,4.8,9.2,2.3,0.0,17260.0,토마토,5kg
2025-03-06,4.8,10.4,-0.4,0.0,20480.0,토마토,5kg
2025-03-06,4.8,10.4,-0.4,0.0,17300.0,토마토,5kg
2025-03-07,5.3,11.1,0.0,0.0,20000.0,토마토,5kg
2025-03-07,5.3,11.1,0.0,0.0,16960.0,토마토,5kg
2025-03-08,5.8,11.2,2.8,0.0,0.0,토마토,5kg
2025-03-08,5.8,11.2,2.8,0.0,0.0,토마토,5kg
2025-03-09,6.9,13.5,1.2,0.0,0.0,토마토,5kg
2025-03-10,8.0,14.9,2.4,0.0,17380.0,토마토,5kg
2025-03-10,8.0,14.9,2.4,0.0,20400.0,토마토,5kg
2025-03-11,9.4,16.6,2.9,0.0,19640.0,토마토,5kg
2025-03-11,9.4,16.6,2.9,0.0,16760.0,토마토,5kg
2025-03-12,8.5,11.8,6.7,0.0,19880.0,토마토,5kg
2025-03-12,8.5,11.8,6.7,0.0,16840.0,토마토,5kg
2025-03-13,8.9,15.0,3.2,0.0,19800.0,토마토,5kg
2025-03-13,8.9,15.0,3.2,0.0,16640.0,토마토,5kg
2025-03-14,12.4,20.1,5.0,0.0,20060.0,토마토,5kg
2025-03-14,12.4,20.1,5.0,0.0,16560.0,토마토,5kg
2025-03-15,12.6,17.2,10.0,0.0,0.0,토마토,5kg
2025-03-15,12.6,17.2,10.0,0.0,0.0,토마토,5kg
2025-03-16,4.9,10.1,1.3,0.8,0.0,토마토,5kg
2025-03-17,2.5,6.8,-1.3,0.4,17600.0,토마토,5kg
2025-03-17,2.5,6.8,-1.3,0.4,21320.0,토마토,5kg
2025-03-18,2.1,5.6,0.3,9.9,21240.0,토마토,5kg
2025-03-18,2.1,5.6,0.3,9.9,17600.0,토마토,5kg
2025-03-19,2.4,7.3,-1.9,0.0,22040.0,토마토,5kg
2025-03-19,2.4,7.3,-1.9,0.0,18840.0,토마토,5kg
2025-03-20,8.2,15.0,2.2,0.0,21900.0,토마토,5kg
2025-03-20,8.2,15.0,2.2,0.0,18540.0,토마토,5kg
2025-03-21,11.6,18.7,7.9,0.0,22420.0,토마토,5kg
2025-03-21,11.6,18.7,7.9,0.0,18980.0,토마토,5kg
2025-03-22,12.8,19.9,6.1,0.0,0.0,토마토,5kg
2025-03-22,12.8,19.9,6.1,0.0,0.0,토마토,5kg
2025-03-23,15.2,24.0,7.1,0.0,0.0,토마토,5kg
2025-03-24,15.5,21.3,11.7,0.0,21920.0,토마토,5kg
2025-03-24,15.5,21.3,11.7,0.0,18700.0,토마토,5kg
2025-03-25,12.7,21.4,8.4,0.0,18380.0,토마토,5kg
2025-03-25,12.7,21.4,8.4,0.0,21400.0,토마토,5kg
2025-03-26,15.5,23.9,6.0,0.0,21120.0,토마토,5kg
2025-03-26,15.5,23.9,6.0,0.0,18160.0,토마토,5kg
2025-03-27,13.7,18.6,7.1,0.3,21660.0,토마토,5kg
2025-03-27,13.7,18.6,7.1,0.3,17840.0,토마토,5kg
2025-03-28,6.5,11.8,3.1,0.0,21460.0,토마토,5kg
2025-03-28,6.5,11.8,3.1,0.0,17680.0,토마토,5kg
2025-03-29,3.3,6.7,0.6,0.0,0.0,토마토,5kg
2025-03-29,3.3,6.7,0.6,0.0,0.0,토마토,5kg
2025-03-30,3.3,7.6,-1.8,0.0,0.0,토마토,5kg
2025-03-31,7.7,14.1,1.2,0.0,20040.0,토마토,5kg
2025-03-31,7.7,14.1,1.2,0.0,16600.0,토마토,5kg
2025-04-01,10.1,17.0,3.9,0.0,16260.0,토마토,5kg
2025-04-01,10.1,17.0,3.9,0.0,19820.0,토마토,5kg
2025-04-02,8.9,14.4,5.2,0.0,19420.0,토마토,5kg
2025-04-02,8.9,14.4,5.2,0.0,16160.0,토마토,5kg
2025-04-03,9.8,16.9,3.6,0.0,19420.0,토마토,5kg
2025-04-03,9.8,16.9,3.6,0.0,16360.0,토마토,5kg
2025-04-04,10.6,16.4,6.0,0.0,19400.0,토마토,5kg
2025-04-04,10.6,16.4,6.0,0.0,16160.0,토마토,5kg
2025-04-05,8.0,9.5,7.5,22.8,0.0,토마토,5kg
2025-04-05,8.0,9.5,7.5,22.8,0.0,토마토,5kg
2025-04-06,10.3,15.7,6.9,0.0,0.0,토마토,5kg
2025-04-07,13.5,20.1,5.5,0.0,19720.0,토마토,5kg
2025-04-07,13.5,20.1,5.5,0.0,16080.0,토마토,5kg
2025-04-08,13.8,18.9,10.7,0.0,16200.0,토마토,5kg
2025-04-08,13.8,18.9,10.7,0.0,19780.0,토마토,5kg
2025-04-09,12.7,18.0,8.4,0.8,19560.0,토마토,5kg
2025-04-09,12.7,18.0,8.4,0.8,15980.0,토마토,5kg
2025-04-10,13.2,19.1,8.8,0.0,19140.0,토마토,5kg
2025-04-10,13.2,19.1,8.8,0.0,15940.0,토마토,5kg
2025-04-11,16.2,24.2,8.1,0.0,19540.0,토마토,5kg
2025-04-11,16.2,24.2,8.1,0.0,15980.0,토마토,5kg
2025-04-12,12.9,22.5,1.4,15.4,0.0,토마토,5kg
2025-04-12,12.9,22.5,1.4,15.4,0.0,토마토,5kg
2025-04-13,5.5,8.2,1.1,4.2,0.0,토마토,5kg
2025-04-14,4.4,6.0,2.6,7.4,20000.0,토마토,5kg
2025-04-14,4.4,6.0,2.6,7.4,16980.0,토마토,5kg
2025-04-15,8.2,14.0,2.3,0.0,16320.0,토마토,5kg
2025-04-15,8.2,14.0,2.3,0.0,20200.0,토마토,5kg
2025-04-16,14.6,21.9,6.4,0.0,20080.0,토마토,5kg
2025-04-16,14.6,21.9,6.4,0.0,16520.0,토마토,5kg
2025-04-17,19.7,24.7,15.8,0.0,19860.0,토마토,5kg
2025-04-17,19.7,24.7,15.8,0.0,16420.0,토마토,5kg
2025-04-18,18.6,23.7,15.4,0.0,19520.0,토마토,5kg
2025-04-18,18.6,23.7,15.4,0.0,16480.0,토마토,5kg
2025-04-19,15.3,20.0,12.2,9.2,0.0,토마토,5kg
2025-04-19,15.3,20.0,12.2,9.2,0.0,토마토,5kg
2025-04-20,16.7,24.1,9.5,0.0,0.0,토마토,5kg
2025-04-21,20.7,27.1,14.2,0.0,19400.0,토마토,5kg
2025-04-21,20.7,27.1,14.2,0.0,15860.0,토마토,5kg
2025-04-22,17.8,20.4,14.2,34.8,15880.0,토마토,5kg
2025-04-22,17.8,20.4,14.2,34.8,19120.0,토마토,5kg
2025-04-23,16.8,22.9,10.9,0.0,15440.0,토마토,5kg
2025-04-23,16.8,22.9,10.9,0.0,18820.0,토마토,5kg
2025-04-24,14.7,19.6,10.7,0.0,18580.0,토마토,5kg
2025-04-24,14.7,19.6,10.7,0.0,14380.0,토마토,5kg
2025-04-25,12.5,17.8,7.7,0.0,18300.0,토마토,5kg
2025-04-25,12.5,17.8,7.7,0.0,13560.0,토마토,5kg
2025-04-26,13.8,20.0,7.2,0.0,0.0,토마토,5kg
2025-04-26,13.8,20.0,7.2,0.0,0.0,토마토,5kg
2025-04-27,14.9,19.1,10.7,0.0,0.0,토마토,5kg
2025-04-28,15.1,20.2,10.3,0.0,18000.0,토마토,5kg
2025-04-28,15.1,20.2,10.3,0.0,13720.0,토마토,5kg
2025-04-29,14.8,21.0,8.2,0.0,16740.0,토마토,5kg
2025-04-29,14.8,21.0,8.2,0.0,13040.0,토마토,5kg
2025-04-30,18.4,25.8,10.0,0.0,16820.0,토마토,5kg
2025-04-30,18.4,25.8,10.0,0.0,13200.0,토마토,5kg
2025-05-01,14.7,17.6,11.3,21.1,0.0,토마토,5kg
2025-05-01,14.7,17.6,11.3,21.1,0.0,토마토,5kg
2025-05-02,13.4,18.5,8.2,0.0,16340.0,토마토,5kg
2025-05-02,13.4,18.5,8.2,0.0,12880.0,토마토,5kg
2025-05-03,11.2,14.0,9.5,7.3,0.0,토마토,5kg
2025-05-03,11.2,14.0,9.5,7.3,0.0,토마토,5kg
2025-05-04,13.7,19.9,8.2,0.0,0.0,토마토,5kg
2025-05-05,12.1,15.0,9.3,0.0,0.0,토마토,5kg
2025-05-05,12.1,15.0,9.3,0.0,0.0,토마토,5kg
2025-05-06,14.4,19.5,8.5,0.0,0.0,토마토,5kg
2025-05-06,14.4,19.5,8.5,0.0,0.0,토마토,5kg
2025-05-07,14.9,21.1,9.9,0.0,15860.0,토마토,5kg
2025-05-07,14.9,21.1,9.9,0.0,12960.0,토마토,5kg
2025-05-08,17.4,24.9,9.7,0.0,12760.0,토마토,5kg
2025-05-08,17.4,24.9,9.7,0.0,15860.0,토마토,5kg
2025-05-09,15.1,17.4,14.1,17.6,15200.0,토마토,5kg
2025-05-09,15.1,17.4,14.1,17.6,12160.0,토마토,5kg
2025-05-10,12.3,15.3,11.6,14.1,0.0,토마토,5kg
2025-05-10,12.3,15.3,11.6,14.1,0.0,토마토,5kg
2025-05-11,14.7,20.2,11.4,0.0,0.0,토마토,5kg
2025-05-12,17.0,23.6,9.8,0.0,14640.0,토마토,5kg
2025-05-12,17.0,23.6,9.8,0.0,11600.0,토마토,5kg
2025-05-13,19.9,25.8,13.3,0.0,14860.0,토마토,5kg
2025-05-13,19.9,25.8,13.3,0.0,11826.0,토마토,5kg
2025-05-14,21.0,26.7,14.1,0.0,14880.0,토마토,5kg
2025-05-14,21.0,26.7,14.1,0.0,11646.0,토마토,5kg
2025-05-15,19.5,22.2,16.8,1.1,11426.0,토마토,5kg
2025-05-15,19.5,22.2,16.8,1.1,14880.0,토마토,5kg
2025-05-16,19.4,22.0,17.8,51.3,14960.0,토마토,5kg
2025-05-16,19.4,22.0,17.8,51.3,11986.0,토마토,5kg
2025-05-17,18.3,24.3,14.7,2.2,0.0,토마토,5kg
2025-05-17,18.3,24.3,14.7,2.2,0.0,토마토,5kg
2025-05-18,15.6,21.0,11.4,0.0,0.0,토마토,5kg
2025-05-19,16.1,20.9,10.5,1.6,15020.0,토마토,5kg
2025-05-19,16.1,20.9,10.5,1.6,12106.0,토마토,5kg
2025-05-20,22.2,27.3,17.4,1.0,14880.0,토마토,5kg
2025-05-20,22.2,27.3,17.4,1.0,11926.0,토마토,5kg
2025-05-21,25.5,30.8,22.3,0.0,11826.0,토마토,5kg
2025-05-21,25.5,30.8,22.3,0.0,14500.0,토마토,5kg
2025-05-22,23.9,28.5,20.0,0.8,11506.0,토마토,5kg
2025-05-22,23.9,28.5,20.0,0.8,14140.0,토마토,5kg
2025-05-23,19.4,22.2,15.4,1.2,13760.0,토마토,5kg
2025-05-23,19.4,22.2,15.4,1.2,11140.0,토마토,5kg
2025-05-24,15.6,19.3,13.0,4.3,0.0,토마토,5kg
2025-05-24,15.6,19.3,13.0,4.3,0.0,토마토,5kg
2025-05-25,17.4,22.6,11.7,0.0,0.0,토마토,5kg
2025-05-26,19.7,26.2,13.0,0.0,12812.0,토마토,5kg
2025-05-26,19.7,26.2,13.0,0.0,10346.0,토마토,5kg
2025-05-27,20.8,27.0,14.7,0.0,12692.0,토마토,5kg
2025-05-27,20.8,27.0,14.7,0.0,10486.0,토마토,5kg
2025-05-28,20.8,26.9,16.3,0.0,12592.0,토마토,5kg
2025-05-28,20.8,26.9,16.3,0.0,10386.0,토마토,5kg
2025-05-29,21.2,27.3,15.3,0.0,9966.0,토마토,5kg
2025-05-29,21.2,27.3,15.3,0.0,12112.0,토마토,5kg
2025-05-30,22.2,28.3,16.7,0.0,12072.0,토마토,5kg
2025-05-30,22.2,28.3,16.7,0.0,9866.0,토마토,5kg
2025-05-31,21.5,27.0,16.4,0.0,0.0,토마토,5kg
2025-05-31,21.5,27.0,16.4,0.0,0.0,토마토,5kg
2025-06-01,22.6,29.3,17.0,0.0,0.0,토마토,5kg
2025-06-02,21.0,23.1,19.2,0.0,11946.0,토마토,5kg
2025-06-02,21.0,23.1,19.2,0.0,9366.0,토마토,5kg
2025-06-03,20.9,25.3,17.0,0.0,0.0,토마토,5kg
2025-06-03,20.9,25.3,17.0,0.0,0.0,토마토,5kg
2025-06-04,20.5,25.3,15.2,0.0,12566.0,토마토,5kg
2025-06-04,20.5,25.3,15.2,0.0,9826.0,토마토,5kg
2025-06-05,21.7,27.1,15.6,0.0,9906.0,토마토,5kg
2025-06-05,21.7,27.1,15.6,0.0,12606.0,토마토,5kg
2025-06-06,24.1,30.0,17.7,0.0,0.0,토마토,5kg
2025-06-06,24.1,30.0,17.7,0.0,0.0,토마토,5kg
2025-06-07,23.7,28.2,19.8,0.1,0.0,토마토,5kg
2025-06-08,25.1,30.4,21.4,0.6,0.0,토마토,5kg
2025-06-09,24.2,30.2,20.6,0.0,12346.0,토마토,5kg
2025-06-09,24.2,30.2,20.6,0.0,9766.0,토마토,5kg
2025-06-10,21.7,25.3,18.8,0.0,12800.0,토마토,5kg
2025-06-10,21.7,25.3,18.8,0.0,10100.0,토마토,5kg
2025-06-11,22.7,28.5,15.9,0.0,13140.0,토마토,5kg
2025-06-11,22.7,28.5,15.9,0.0,10366.0,토마토,5kg
2025-06-12,25.5,33.1,17.9,0.0,10786.0,토마토,5kg
2025-06-12,25.5,33.1,17.9,0.0,13340.0,토마토,5kg
2025-06-13,24.0,29.4,20.1,1.5,13340.0,토마토,5kg
2025-06-13,24.0,29.4,20.1,1.5,10786.0,토마토,5kg
2025-06-14,25.6,32.1,20.3,0.0,0.0,토마토,5kg
2025-06-14,25.6,32.1,20.3,0.0,0.0,토마토,5kg
2025-06-15,26.3,33.2,21.7,11.8,0.0,토마토,5kg
2025-06-16,23.0,25.1,21.8,20.0,13640.0,토마토,5kg
2025-06-16,23.0,25.1,21.8,20.0,11006.0,토마토,5kg
2025-06-17,24.8,29.6,21.1,0.0,13700.0,토마토,5kg
2025-06-17,24.8,29.6,21.1,0.0,11066.0,토마토,5kg
2025-06-18,25.5,30.9,21.2,0.0,13580.0,토마토,5kg
2025-06-18,25.5,30.9,21.2,0.0,11200.0,토마토,5kg
2025-06-19,28.1,34.2,21.1,0.8,13620.0,토마토,5kg
2025-06-19,28.1,34.2,21.1,0.8,10720.0,토마토,5kg
2025-06-20,24.1,28.3,22.2,51.1,10390.0,토마토,5kg
2025-06-20,24.1,28.3,22.2,51.1,12980.0,토마토,5kg
2025-06-21,22.0,24.2,20.5,0.2,0.0,토마토,5kg
2025-06-21,22.0,24.2,20.5,0.2,0.0,토마토,5kg
2025-06-22,23.3,28.6,18.1,0.0,0.0,토마토,5kg
2025-06-23,26.1,31.7,19.4,0.0,12240.0,토마토,5kg
2025-06-23,26.1,31.7,19.4,0.0,9670.0,토마토,5kg
2025-06-24,25.0,28.0,20.5,2.3,11240.0,토마토,5kg
2025-06-24,25.0,28.0,20.5,2.3,9010.0,토마토,5kg
2025-06-25,20.9,22.1,19.5,8.0,11340.0,토마토,5kg
2025-06-25,20.9,22.1,19.5,8.0,9110.0,토마토,5kg
2025-06-26,22.2,24.2,19.9,1.1,11340.0,토마토,5kg
2025-06-26,22.2,24.2,19.9,1.1,9110.0,토마토,5kg
2025-06-27,25.0,29.3,21.1,0.0,8976.0,토마토,5kg
2025-06-27,25.0,29.3,21.1,0.0,11740.0,토마토,5kg
2025-06-28,26.2,28.1,24.5,0.6,0.0,토마토,5kg
2025-06-28,26.2,28.1,24.5,0.6,0.0,토마토,5kg
2025-06-29,27.1,30.2,24.9,0.0,0.0,토마토,5kg
2025-06-30,28.2,31.2,25.6,0.0,11540.0,토마토,5kg
2025-06-30,28.2,31.2,25.6,0.0,8842.0,토마토,5kg
2025-07-01,28.6,31.8,26.2,0.9,11700.0,토마토,5kg
2025-07-01,28.6,31.8,26.2,0.9,9242.0,토마토,5kg
2025-07-02,28.6,30.9,26.8,0.0,13320.0,토마토,5kg
2025-07-02,28.6,30.9,26.8,0.0,10690.0,토마토,5kg
2025-07-03,28.3,32.0,26.5,0.0,14260.0,토마토,5kg
2025-07-03,28.3,32.0,26.5,0.0,11430.0,토마토,5kg
2025-07-04,27.2,30.0,25.7,0.0,12220.0,토마토,5kg
2025-07-04,27.2,30.0,25.7,0.0,14880.0,토마토,5kg
2025-07-05,28.4,32.3,26.0,0.0,0.0,토마토,5kg
2025-07-05,28.4,32.3,26.0,0.0,0.0,토마토,5kg
2025-07-06,29.1,32.8,26.3,0.0,0.0,토마토,5kg
2025-07-07,29.1,33.2,26.7,0.0,14180.0,토마토,5kg
2025-07-07,29.1,33.2,26.7,0.0,10650.0,토마토,5kg
2025-07-08,31.3,37.8,26.9,11.8,13940.0,토마토,5kg
2025-07-08,31.3,37.8,26.9,11.8,10780.0,토마토,5kg
2025-07-09,31.9,36.0,27.4,0.0,13740.0,토마토,5kg
2025-07-09,31.9,36.0,27.4,0.0,10920.0,토마토,5kg
2025-07-10,31.4,36.2,27.3,0.0,13060.0,토마토,5kg
2025-07-10,31.4,36.2,27.3,0.0,10660.0,토마토,5kg
2025-07-11,30.2,36.1,24.6,0.0,10660.0,토마토,5kg
2025-07-11,30.2,36.1,24.6,0.0,13200.0,토마토,5kg
2025-07-12,30.3,36.5,24.4,0.0,0.0,토마토,5kg
2025-07-12,30.3,36.5,24.4,0.0,0.0,토마토,5kg
2025-07-13,27.7,31.0,25.6,0.0,0.0,토마토,5kg
2025-07-14,24.2,28.1,21.7,13.6,12520.0,토마토,5kg
2025-07-14,24.2,28.1,21.7,13.6,9940.0,토마토,5kg
2025-07-15,23.6,25.9,21.5,4.0,12920.0,토마토,5kg
2025-07-15,23.6,25.9,21.5,4.0,10400.0,토마토,5kg
2025-07-16,23.3,24.8,22.2,73.1,13040.0,토마토,5kg
2025-07-16,23.3,24.8,22.2,73.1,10540.0,토마토,5kg
2025-07-17,23.3,24.4,22.0,75.5,12880.0,토마토,5kg
2025-07-17,23.3,24.4,22.0,75.5,10380.0,토마토,5kg
2025-07-18,24.7,27.2,22.9,16.1,10480.0,토마토,5kg
2025-07-18,24.7,27.2,22.9,16.1,13160.0,토마토,5kg
2025-07-19,23.9,25.8,21.9,84.0,0.0,토마토,5kg
2025-07-19,23.9,25.8,21.9,84.0,0.0,토마토,5kg
2025-07-20,27.7,31.3,25.0,14.8,0.0,토마토,5kg
2025-07-21,28.5,31.6,25.6,0.0,13400.0,토마토,5kg
2025-07-21,28.5,31.6,25.6,0.0,10720.0,토마토,5kg
2025-07-22,28.8,32.2,26.6,0.1,14100.0,토마토,5kg
2025-07-22,28.8,32.2,26.6,0.1,10720.0,토마토,5kg
2025-07-23,28.9,33.3,25.5,0.0,15300.0,토마토,5kg
2025-07-23,28.9,33.3,25.5,0.0,11680.0,토마토,5kg
2025-07-24,29.8,34.1,25.8,0.0,17460.0,토마토,5kg
2025-07-24,29.8,34.1,25.8,0.0,13440.0,토마토,5kg
2025-07-25,31.1,36.3,25.6,0.0,19240.0,토마토,5kg
2025-07-25,31.1,36.3,25.6,0.0,15020.0,토마토,5kg
2025-07-26,32.3,37.1,27.6,0.0,0.0,토마토,5kg
2025-07-26,32.3,37.1,27.6,0.0,0.0,토마토,5kg
2025-07-27,32.8,38.0,28.3,0.0,0.0,토마토,5kg
2025-07-28,32.2,36.4,28.8,0.0,19920.0,토마토,5kg
2025-07-28,32.2,36.4,28.8,0.0,15880.0,토마토,5kg
2025-07-29,32.0,36.7,27.6,0.0,20320.0,토마토,5kg
2025-07-29,32.0,36.7,27.6,0.0,16360.0,토마토,5kg
2025-07-30,32.1,36.3,28.3,0.0,20900.0,토마토,5kg
2025-07-30,32.1,36.3,28.3,0.0,16700.0,토마토,5kg
2025-07-31,30.9,34.6,29.3,0.0,22140.0,토마토,5kg
2025-07-31,30.9,34.6,29.3,0.0,17700.0,토마토,5kg
2025-08-01,31.0,35.1,27.8,0.0,21040.0,토마토,5kg
2025-08-01,31.0,35.1,27.8,0.0,16480.0,토마토,5kg
2025-08-02,31.2,36.2,27.3,0.0,0.0,토마토,5kg
2025-08-02,31.2,36.2,27.3,0.0,0.0,토마토,5kg
2025-08-03,28.8,32.5,24.0,1.3,0.0,토마토,5kg
2025-08-04,28.1,33.9,23.7,1.9,19360.0,토마토,5kg
2025-08-04,28.1,33.9,23.7,1.9,15100.0,토마토,5kg
2025-08-05,29.1,33.5,25.4,0.0,18120.0,토마토,5kg
2025-08-05,29.1,33.5,25.4,0.0,14500.0,토마토,5kg
2025-08-06,27.1,29.3,25.8,22.0,17320.0,토마토,5kg
2025-08-06,27.1,29.3,25.8,22.0,13660.0,토마토,5kg
2025-08-07,28.2,32.3,25.4,0.0,17320.0,토마토,5kg
2025-08-07,28.2,32.3,25.4,0.0,13660.0,토마토,5kg
2025-08-08,26.6,30.2,23.9,6.3,13580.0,토마토,5kg
2025-08-08,26.6,30.2,23.9,6.3,16240.0,토마토,5kg
2025-08-09,24.9,26.4,23.1,3.5,0.0,토마토,5kg
2025-08-09,24.9,26.4,23.1,3.5,0.0,토마토,5kg
2025-08-10,27.3,33.2,21.0,0.0,0.0,토마토,5kg
2025-08-11,27.0,29.5,25.0,0.0,14760.0,토마토,5kg
2025-08-11,27.0,29.5,25.0,0.0,12380.0,토마토,5kg
2025-08-12,28.6,34.1,23.3,0.0,14600.0,토마토,5kg
2025-08-12,28.6,34.1,23.3,0.0,11940.0,토마토,5kg
2025-08-13,25.1,27.1,22.0,126.7,14760.0,토마토,5kg
2025-08-13,25.1,27.1,22.0,126.7,11940.0,토마토,5kg
2025-08-14,25.5,26.9,24.2,47.8,14760.0,토마토,5kg
2025-08-14,25.5,26.9,24.2,47.8,11940.0,토마토,5kg
2025-08-15,27.1,30.9,24.4,0.0,0.0,토마토,5kg
2025-08-15,27.1,30.9,24.4,0.0,0.0,토마토,5kg
2025-08-16,28.2,32.2,25.5,0.0,0.0,토마토,5kg
2025-08-17,28.4,32.0,26.1,0.0,0.0,토마토,5kg
2025-08-18,28.9,32.9,27.0,2.2,14660.0,토마토,5kg
2025-08-18,28.9,32.9,27.0,2.2,17660.0,토마토,5kg
2025-08-19,29.1,32.3,26.9,0.0,20720.0,토마토,5kg
2025-08-19,29.1,32.3,26.9,0.0,17520.0,토마토,5kg
2025-08-20,29.4,32.8,26.9,0.0,22220.0,토마토,5kg
2025-08-20,29.4,32.8,26.9,0.0,18780.0,토마토,5kg
2025-08-21,29.8,34.3,27.4,0.0,24620.0,토마토,5kg
2025-08-21,29.8,34.3,27.4,0.0,20580.0,토마토,5kg
2025-08-22,29.4,33.5,26.1,0.0,24660.0,토마토,5kg
2025-08-22,29.4,33.5,26.1,0.0,20880.0,토마토,5kg
2025-08-23,29.3,32.2,27.4,0.0,0.0,토마토,5kg
2025-08-23,29.3,32.2,27.4,0.0,0.0,토마토,5kg
2025-08-24,30.2,34.7,26.9,0.0,0.0,토마토,5kg
2025-08-25,28.7,32.2,26.3,17.1,19860.0,토마토,5kg
2025-08-25,28.7,32.2,26.3,17.1,23720.0,토마토,5kg
2025-08-26,27.6,31.8,25.5,5.4,22780.0,토마토,5kg
2025-08-26,27.6,31.8,25.5,5.4,19160.0,토마토,5kg
2025-08-27,26.7,30.8,23.6,0.0,23180.0,토마토,5kg
2025-08-27,26.7,30.8,23.6,0.0,19500.0,토마토,5kg
2025-08-28,28.3,31.0,24.7,0.0,21980.0,토마토,5kg
2025-08-28,28.3,31.0,24.7,0.0,18840.0,토마토,5kg
2025-08-29,29.0,32.8,27.3,32.2,21920.0,토마토,5kg
2025-08-29,29.0,32.8,27.3,32.2,18900.0,토마토,5kg
2025-08-30,28.4,31.8,25.8,23.9,0.0,토마토,5kg
2025-08-30,28.4,31.8,25.8,23.9,0.0,토마토,5kg
2025-08-31,28.5,31.8,25.1,0.0,0.0,토마토,5kg
2025-09-01,26.1,28.2,24.4,20.4,16640.0,토마토,5kg
2025-09-01,26.1,28.2,24.4,20.4,19720.0,토마토,5kg
2025-09-02,26.0,30.6,22.0,0.0,18980.0,토마토,5kg
2025-09-02,26.0,30.6,22.0,0.0,16240.0,토마토,5kg
2025-09-03,27.6,32.1,22.6,0.0,19900.0,토마토,5kg
2025-09-03,27.6,32.1,22.6,0.0,16600.0,토마토,5kg
2025-09-04,25.8,29.8,22.8,44.2,19260.0,토마토,5kg
2025-09-04,25.8,29.8,22.8,44.2,16140.0,토마토,5kg
2025-09-05,27.9,33.0,23.5,0.0,19460.0,토마토,5kg
2025-09-05,27.9,33.0,23.5,0.0,16340.0,토마토,5kg
2025-09-06,26.8,30.4,25.4,36.1,0.0,토마토,5kg
2025-09-06,26.8,30.4,25.4,36.1,0.0,토마토,5kg
2025-09-07,25.3,28.3,22.3,0.2,0.0,토마토,5kg
2025-09-08,24.4,29.5,20.6,0.0,15540.0,토마토,5kg
2025-09-08,24.4,29.5,20.6,0.0,18260.0,토마토,5kg
2025-09-09,23.7,26.9,21.4,0.0,17340.0,토마토,5kg
2025-09-09,23.7,26.9,21.4,0.0,14940.0,토마토,5kg
2025-09-10,24.8,31.5,18.4,0.0,19080.0,토마토,5kg
2025-09-10,24.8,31.5,18.4,0.0,16740.0,토마토,5kg
2025-09-11,25.8,31.7,19.9,0.0,19040.0,토마토,5kg
2025-09-11,25.8,31.7,19.9,0.0,16720.0,토마토,5kg
2025-09-12,23.9,26.3,21.1,6.8,21940.0,토마토,5kg
2025-09-12,23.9,26.3,21.1,6.8,19380.0,토마토,5kg
2025-09-13,23.3,27.6,20.4,63.7,0.0,토마토,5kg
2025-09-13,23.3,27.6,20.4,63.7,0.0,토마토,5kg
2025-09-14,24.8,29.3,21.5,0.0,0.0,토마토,5kg
2025-09-15,25.7,30.7,20.8,0.0,24280.0,토마토,5kg
2025-09-15,25.7,30.7,20.8,0.0,21320.0,토마토,5kg
2025-09-16,23.7,27.1,22.2,17.5,23180.0,토마토,5kg
2025-09-16,23.7,27.1,22.2,17.5,27460.0,토마토,5kg
2025-09-17,22.7,24.0,21.2,52.7,29540.0,토마토,5kg
2025-09-17,22.7,24.0,21.2,52.7,25700.0,토마토,5kg
2025-09-18,22.1,26.0,19.6,0.0,31640.0,토마토,5kg
2025-09-18,22.1,26.0,19.6,0.0,27020.0,토마토,5kg
2025-09-19,19.4,21.4,17.9,13.8,31020.0,토마토,5kg
2025-09-19,19.4,21.4,17.9,13.8,26700.0,토마토,5kg
2025-09-20,20.0,23.6,17.5,35.3,0.0,토마토,5kg
2025-09-20,20.0,23.6,17.5,35.3,0.0,토마토,5kg
2025-09-21,21.6,27.3,17.2,0.0,0.0,토마토,5kg
2025-09-22,21.3,25.1,17.6,0.0,30320.0,토마토,5kg
2025-09-22,21.3,25.1,17.6,0.0,26320.0,토마토,5kg
2025-09-23,22.7,26.8,19.2,0.0,26400.0,토마토,5kg
2025-09-23,22.7,26.8,19.2,0.0,30980.0,토마토,5kg
2025-09-24,22.0,23.7,20.4,35.2,29700.0,토마토,5kg
2025-09-24,22.0,23.7,20.4,35.2,24820.0,토마토,5kg
2025-09-25,22.5,26.4,20.2,0.3,27720.0,토마토,5kg
2025-09-25,22.5,26.4,20.2,0.3,24240.0,토마토,5kg
2025-09-26,21.7,27.1,17.8,0.0,27520.0,토마토,5kg
2025-09-26,21.7,27.1,17.8,0.0,24120.0,토마토,5kg
2025-09-27,22.5,27.2,17.6,0.0,0.0,토마토,5kg
2025-09-27,22.5,27.2,17.6,0.0,0.0,토마토,5kg
2025-09-28,20.0,21.9,18.4,44.5,0.0,토마토,5kg
2025-09-29,19.6,23.9,16.6,0.0,24420.0,토마토,5kg
2025-09-29,19.6,23.9,16.6,0.0,21160.0,토마토,5kg
2025-09-30,19.8,24.0,17.3,0.0,20740.0,토마토,5kg
2025-09-30,19.8,24.0,17.3,0.0,23540.0,토마토,5kg
2025-10-01,20.5,25.6,16.7,0.0,20000.0,토마토,5kg
2025-10-01,20.5,25.6,16.7,0.0,22740.0,토마토,5kg
2025-10-02,21.4,25.8,17.3,0.0,21740.0,토마토,5kg
2025-10-02,21.4,25.8,17.3,0.0,19080.0,토마토,5kg
2025-10-03,21.2,22.3,19.8,0.8,0.0,토마토,5kg
2025-10-03,21.2,22.3,19.8,0.8,0.0,토마토,5kg
2025-10-04,22.5,25.0,20.9,0.0,0.0,토마토,5kg
2025-10-05,21.4,22.3,20.6,18.1,0.0,토마토,5kg
2025-10-06,17.6,20.7,15.4,36.8,0.0,토마토,5kg
2025-10-06,17.6,20.7,15.4,36.8,0.0,토마토,5kg
2025-10-07,18.2,20.0,15.5,7.1,0.0,토마토,5kg
2025-10-07,18.2,20.0,15.5,7.1,0.0,토마토,5kg
2025-10-08,21.9,28.0,17.2,0.0,0.0,토마토,5kg
2025-10-08,21.9,28.0,17.2,0.0,0.0,토마토,5kg
2025-10-09,20.0,22.6,16.9,0.0,0.0,토마토,5kg
2025-10-09,20.0,22.6,16.9,0.0,0.0,토마토,5kg
2025-10-10,17.0,17.7,16.0,49.3,20120.0,토마토,5kg
2025-10-10,17.0,17.7,16.0,49.3,17640.0,토마토,5kg
2025-10-11,20.3,23.8,17.3,22.5,0.0,토마토,5kg
2025-10-11,20.3,23.8,17.3,22.5,0.0,토마토,5kg
2025-10-12,19.0,21.4,17.6,0.1,0.0,토마토,5kg
2025-10-13,15.7,18.3,13.9,25.1,19680.0,토마토,5kg
2025-10-13,15.7,18.3,13.9,25.1,17240.0,토마토,5kg
2025-10-14,17.9,20.9,14.4,0.6,20200.0,토마토,5kg
2025-10-14,17.9,20.9,14.4,0.6,17520.0,토마토,5kg
2025-10-15,20.2,25.3,16.1,1.5,17760.0,토마토,5kg
2025-10-15,20.2,25.3,16.1,1.5,20420.0,토마토,5kg
2025-10-16,20.2,24.8,17.0,1.3,17760.0,토마토,5kg
2025-10-16,20.2,24.8,17.0,1.3,20420.0,토마토,5kg
2025-10-17,19.9,24.8,15.6,11.3,22180.0,토마토,5kg
2025-10-17,19.9,24.8,15.6,11.3,18840.0,토마토,5kg
2025-10-18,15.8,18.6,14.2,11.2,0.0,토마토,5kg
2025-10-18,15.8,18.6,14.2,11.2,0.0,토마토,5kg
2025-10-19,14.5,19.2,8.9,0.0,0.0,토마토,5kg
2025-10-20,10.0,16.5,5.3,0.0,22180.0,토마토,5kg
2025-10-20,10.0,16.5,5.3,0.0,19220.0,토마토,5kg
2025-10-21,9.2,14.1,4.8,0.0,22260.0,토마토,5kg
2025-10-21,9.2,14.1,4.8,0.0,19180.0,토마토,5kg
2025-10-22,13.1,18.6,6.6,0.0,22660.0,토마토,5kg
2025-10-22,13.1,18.6,6.6,0.0,19160.0,토마토,5kg
2025-10-23,14.9,19.6,11.8,0.0,23740.0,토마토,5kg
2025-10-23,14.9,19.6,11.8,0.0,19700.0,토마토,5kg
2025-10-24,15.8,21.5,11.3,0.0,19900.0,토마토,5kg
2025-10-24,15.8,21.5,11.3,0.0,24280.0,토마토,5kg
2025-10-25,14.4,17.7,12.6,0.0,0.0,토마토,5kg
2025-10-25,14.4,17.7,12.6,0.0,0.0,토마토,5kg
2025-10-26,12.2,13.9,10.6,0.5,0.0,토마토,5kg
2025-10-27,8.1,12.2,3.7,0.0,24820.0,토마토,5kg
2025-10-27,8.1,12.2,3.7,0.0,20300.0,토마토,5kg
2025-10-28,8.5,14.4,3.0,0.0,26980.0,토마토,5kg
2025-10-28,8.5,14.4,3.0,0.0,22260.0,토마토,5kg
2025-10-29,11.4,18.3,6.2,0.0,28180.0,토마토,5kg
2025-10-29,11.4,18.3,6.2,0.0,23100.0,토마토,5kg
2025-10-30,12.8,18.2,7.7,0.0,28400.0,토마토,5kg
2025-10-30,12.8,18.2,7.7,0.0,24120.0,토마토,5kg
2025-10-31,15.1,20.7,11.3,0.1,24220.0,토마토,5kg
2025-10-31,15.1,20.7,11.3,0.1,28600.0,토마토,5kg
2025-11-01,12.9,17.7,10.5,2.4,0.0,토마토,5kg
2025-11-01,12.9,17.7,10.5,2.4,0.0,토마토,5kg
2025-11-02,8.0,11.7,3.7,0.2,0.0,토마토,5kg
2025-11-03,7.2,14.7,0.5,0.0,29120.0,토마토,5kg
2025-11-03,7.2,14.7,0.5,0.0,23680.0,토마토,5kg
2025-11-04,10.2,16.3,5.5,0.0,29040.0,토마토,5kg
2025-11-04,10.2,16.3,5.5,0.0,24180.0,토마토,5kg
2025-11-05,11.6,19.0,5.7,0.0,29780.0,토마토,5kg
2025-11-05,11.6,19.0,5.7,0.0,24920.0,토마토,5kg
2025-11-06,12.5,18.8,7.3,0.0,31160.0,토마토,5kg
2025-11-06,12.5,18.8,7.3,0.0,27000.0,토마토,5kg
2025-11-07,13.9,19.9,8.3,0.0,27700.0,토마토,5kg
2025-11-07,13.9,19.9,8.3,0.0,31300.0,토마토,5kg
2025-11-08,14.5,17.0,12.3,0.0,0.0,토마토,5kg
2025-11-08,14.5,17.0,12.3,0.0,0.0,토마토,5kg
2025-11-09,13.5,17.6,10.4,0.0,0.0,토마토,5kg
2025-11-10,8.3,12.7,5.4,0.0,30740.0,토마토,5kg
2025-11-10,8.3,12.7,5.4,0.0,27620.0,토마토,5kg
2025-11-11,8.9,15.1,3.9,0.0,30400.0,토마토,5kg
2025-11-11,8.9,15.1,3.9,0.0,27480.0,토마토,5kg
2025-11-12,10.8,17.7,6.0,0.0,30620.0,토마토,5kg
2025-11-12,10.8,17.7,6.0,0.0,27120.0,토마토,5kg
2025-11-13,11.1,17.6,6.7,0.0,26920.0,토마토,5kg
2025-11-13,11.1,17.6,6.7,0.0,30380.0,토마토,5kg
2025-11-14,9.1,15.1,4.5,0.0,26380.0,토마토,5kg
2025-11-14,9.1,15.1,4.5,0.0,29860.0,토마토,5kg
2025-11-15,9.8,17.5,3.6,0.0,0.0,토마토,5kg
2025-11-15,9.8,17.5,3.6,0.0,0.0,토마토,5kg
2025-11-16,11.6,18.7,5.5,0.3,0.0,토마토,5kg
2025-11-17,3.2,9.7,-0.7,0.0,28660.0,토마토,5kg
2025-11-17,3.2,9.7,-0.7,0.0,25280.0,토마토,5kg
2025-11-18,1.6,6.5,-2.0,0.0,28460.0,토마토,5kg
2025-11-18,1.6,6.5,-2.0,0.0,25280.0,토마토,5kg
2025-11-19,3.0,8.6,-1.6,0.0,27840.0,토마토,5kg
2025-11-19,3.0,8.6,-1.6,0.0,24360.0,토마토,5kg
2025-11-20,7.4,14.6,1.6,0.0,26620.0,토마토,5kg
2025-11-20,7.4,14.6,1.6,0.0,23500.0,토마토,5kg
2025-11-21,7.4,12.5,1.0,0.0,23140.0,토마토,5kg
2025-11-21,7.4,12.5,1.0,0.0,26260.0,토마토,5kg
2025-11-22,9.6,15.1,5.4,0.0,0.0,토마토,5kg
2025-11-22,9.6,15.1,5.4,0.0,0.0,토마토,5kg
2025-11-23,10.9,14.4,6.6,0.0,0.0,토마토,5kg
2025-11-24,12.4,16.8,9.6,0.0,25400.0,토마토,5kg
2025-11-24,12.4,16.8,9.6,0.0,22600.0,토마토,5kg
2025-11-25,7.4,9.6,5.3,7.8,23880.0,토마토,5kg
2025-11-25,7.4,9.6,5.3,7.8,21120.0,토마토,5kg
2025-11-26,6.4,10.9,3.5,0.0,21560.0,토마토,5kg
2025-11-26,6.4,10.9,3.5,0.0,18440.0,토마토,5kg
2025-11-27,5.1,8.7,2.5,10.0,20940.0,토마토,5kg
2025-11-27,5.1,8.7,2.5,10.0,17860.0,토마토,5kg
2025-11-28,2.3,7.0,-1.3,0.0,17240.0,토마토,5kg
2025-11-28,2.3,7.0,-1.3,0.0,20180.0,토마토,5kg
2025-11-29,5.7,9.3,0.3,0.1,0.0,토마토,5kg
2025-11-29,5.7,9.3,0.3,0.1,0.0,토마토,5kg
2025-11-30,12.4,16.1,9.1,0.0,0.0,토마토,5kg
2025-12-01,5.5,12.2,2.3,0.0,19420.0,토마토,5kg
2025-12-01,5.5,12.2,2.3,0.0,16480.0,토마토,5kg
2025-12-02,0.1,3.3,-5.4,0.0,19300.0,토마토,5kg
2025-12-02,0.1,3.3,-5.4,0.0,16540.0,토마토,5kg
2025-12-03,-5.9,-2.8,-8.1,0.0,20020.0,토마토,5kg
2025-12-03,-5.9,-2.8,-8.1,0.0,17080.0,토마토,5kg
2025-12-04,-3.2,3.5,-9.4,4.0,17020.0,토마토,5kg
2025-12-04,-3.2,3.5,-9.4,4.0,20060.0,토마토,5kg
2025-12-05,-2.6,2.5,-6.9,0.0,0.0,토마토,5kg
2025-12-05,-2.6,2.5,-6.9,0.0,0.0,토마토,5kg
2025-12-06,2.1,4.5,-2.0,0.6,0.0,토마토,5kg
2025-12-07,8.3,13.4,3.4,0.0,0.0,토마토,5kg
2025-12-08,3.4,7.3,0.8,0.0,19420.0,토마토,5kg
2025-12-08,3.4,7.3,0.8,0.0,16440.0,토마토,5kg
2025-12-09,2.8,8.7,-2.4,0.0,19220.0,토마토,5kg
2025-12-09,2.8,8.7,-2.4,0.0,16040.0,토마토,5kg
2025-12-10,4.9,8.6,0.7,0.0,19020.0,토마토,5kg
2025-12-10,4.9,8.6,0.7,0.0,15820.0,토마토,5kg
2025-12-11,4.0,8.4,-1.8,12.9,18340.0,토마토,5kg
2025-12-11,4.0,8.4,-1.8,12.9,15740.0,토마토,5kg
2025-12-12,2.0,7.0,-3.6,0.0,16340.0,토마토,5kg
2025-12-12,2.0,7.0,-3.6,0.0,18820.0,토마토,5kg
2025-12-13,2.6,4.5,-0.8,9.5,0.0,토마토,5kg
2025-12-13,2.6,4.5,-0.8,9.5,0.0,토마토,5kg
2025-12-14,-0.1,3.1,-1.5,0.1,0.0,토마토,5kg
2025-12-15,0.7,4.5,-3.5,0.0,19400.0,토마토,5kg
2025-12-15,0.7,4.5,-3.5,0.0,16840.0,토마토,5kg
2025-12-16,3.8,5.0,2.1,2.1,19560.0,토마토,5kg
2025-12-16,3.8,5.0,2.1,2.1,16940.0,토마토,5kg
2025-12-17,4.2,7.6,1.2,0.0,19240.0,토마토,5kg
2025-12-17,4.2,7.6,1.2,0.0,16900.0,토마토,5kg
2025-12-18,2.3,8.5,-1.9,0.0,19020.0,토마토,5kg
2025-12-18,2.3,8.5,-1.9,0.0,16720.0,토마토,5kg
2025-12-19,4.9,9.9,-0.7,0.0,19520.0,토마토,5kg
2025-12-19,4.9,9.9,-0.7,0.0,16740.0,토마토,5kg
2025-12-20,7.3,10.7,1.0,0.3,0.0,토마토,5kg
2025-12-20,7.3,10.7,1.0,0.3,0.0,토마토,5kg
2025-12-21,-1.1,2.5,-3.4,0.0,0.0,토마토,5kg
2025-12-22,-0.7,5.1,-5.9,0.0,19500.0,토마토,5kg
2025-12-22,-0.7,5.1,-5.9,0.0,17120.0,토마토,5kg
2025-12-23,2.6,4.3,0.1,10.8,19340.0,토마토,5kg
2025-12-23,2.6,4.3,0.1,10.8,17040.0,토마토,5kg
2025-12-24,2.8,6.3,-1.0,0.0,19780.0,토마토,5kg
2025-12-24,2.8,6.3,-1.0,0.0,16820.0,토마토,5kg
2025-12-25,-3.6,0.0,-8.9,0.0,0.0,토마토,5kg
2025-12-25,-3.6,0.0,-8.9,0.0,0.0,토마토,5kg
2025-12-26,-8.2,-4.0,-11.8,0.0,19500.0,토마토,5kg
2025-12-26,-8.2,-4.0,-11.8,0.0,16760.0,토마토,5kg
2025-12-27,-2.6,0.5,-8.3,0.0,0.0,토마토,5kg
2025-12-27,-2.6,0.5,-8.3,0.0,0.0,토마토,5kg
2025-12-28,3.2,6.1,0.0,0.6,0.0,토마토,5kg
2025-12-29,4.9,9.1,-0.1,0.3,19080.0,토마토,5kg
2025-12-29,4.9,9.1,-0.1,0.3,16420.0,토마토,5kg
2025-12-30,-0.5,3.8,-3.7,0.0,19020.0,토마토,5kg
2025-12-30,-0.5,3.8,-3.7,0.0,16420.0,토마토,5kg
2025-12-31,-5.6,-1.2,-8.9,0.0,18200.0,토마토,5kg
2025-12-31,-5.6,-1.2,-8.9,0.0,15620.0,토마토,5kg
2026-01-01,-7.4,-2.1,-10.5,0.0,0.0,토마토,5kg
2026-01-01,-7.4,-2.1,-10.5,0.0,0.0,토마토,5kg
2026-01-02,-8.0,-3.8,-11.4,0.0,18120.0,토마토,5kg
2026-01-02,-8.0,-3.8,-11.4,0.0,15620.0,토마토,5kg
2026-01-03,-4.7,0.0,-9.8,0.0,0.0,토마토,5kg
2026-01-03,-4.7,0.0,-9.8,0.0,0.0,토마토,5kg
2026-01-04,0.2,5.0,-2.7,0.0,0.0,토마토,5kg
2026-01-05,-1.9,1.8,-4.6,0.0,18000.0,토마토,5kg
2026-01-05,-1.9,1.8,-4.6,0.0,15320.0,토마토,5kg
2026-01-06,-0.9,3.9,-7.0,0.0,17460.0,토마토,5kg
2026-01-06,-0.9,3.9,-7.0,0.0,14520.0,토마토,5kg
2026-01-07,-0.2,3.1,-5.3,0.0,16980.0,토마토,5kg
2026-01-07,-0.2,3.1,-5.3,0.0,14220.0,토마토,5kg
2026-01-08,-5.1,-1.1,-8.2,0.0,17120.0,토마토,5kg
2026-01-08,-5.1,-1.1,-8.2,0.0,14500.0,토마토,5kg
2026-01-09,-0.3,4.6,-6.7,0.0,16700.0,토마토,5kg
2026-01-09,-0.3,4.6,-6.7,0.0,13840.0,토마토,5kg
2026-01-10,2.0,7.4,-4.7,1.7,0.0,토마토,5kg
2026-01-10,2.0,7.4,-4.7,1.7,0.0,토마토,5kg
2026-01-11,-6.7,-3.6,-9.0,0.0,0.0,토마토,5kg
2026-01-12,-3.8,1.2,-10.2,2.7,16820.0,토마토,5kg
2026-01-12,-3.8,1.2,-10.2,2.7,14060.0,토마토,5kg
2026-01-13,-3.3,1.9,-8.1,0.0,16540.0,토마토,5kg
2026-01-13,-3.3,1.9,-8.1,0.0,13980.0,토마토,5kg
2026-01-14,-3.3,1.5,-9.4,0.0,16700.0,토마토,5kg
2026-01-14,-3.3,1.5,-9.4,0.0,13700.0,토마토,5kg
2026-01-15,4.7,10.2,0.8,0.0,16620.0,토마토,5kg
2026-01-15,4.7,10.2,0.8,0.0,13920.0,토마토,5kg
2026-01-16,3.6,9.4,0.9,0.0,16860.0,토마토,5kg
2026-01-16,3.6,9.4,0.9,0.0,13980.0,토마토,5kg
2026-01-17,0.2,4.9,-2.8,0.0,0.0,토마토,5kg
2026-01-17,0.2,4.9,-2.8,0.0,0.0,토마토,5kg
2026-01-18,0.4,3.0,-3.7,0.0,0.0,토마토,5kg
2026-01-19,-3.9,1.5,-9.8,1.0,17140.0,토마토,5kg
2026-01-19,-3.9,1.5,-9.8,1.0,14220.0,토마토,5kg
2026-01-20,-8.4,-3.3,-11.8,0.0,17140.0,토마토,5kg
2026-01-20,-8.4,-3.3,-11.8,0.0,14220.0,토마토,5kg
2026-01-21,-9.7,-5.2,-12.2,0.0,15940.0,토마토,5kg
2026-01-21,-9.7,-5.2,-12.2,0.0,13180.0,토마토,5kg
2026-01-22,-9.1,-4.2,-13.2,0.0,15960.0,토마토,5kg
2026-01-22,-9.1,-4.2,-13.2,0.0,13160.0,토마토,5kg
2026-01-23,-5.0,0.2,-11.4,2.2,15560.0,토마토,5kg
2026-01-23,-5.0,0.2,-11.4,2.2,12720.0,토마토,5kg
2026-01-24,-5.3,-1.4,-8.8,0.0,0.0,토마토,5kg
2026-01-24,-5.3,-1.4,-8.8,0.0,0.0,토마토,5kg
2026-01-25,-6.0,-2.0,-9.3,0.0,0.0,토마토,5kg
2026-01-26,-4.2,-0.3,-8.0,0.0,16540.0,토마토,5kg
2026-01-26,-4.2,-0.3,-8.0,0.0,13640.0,토마토,5kg
2026-01-27,-4.4,-0.1,-7.4,0.0,16860.0,토마토,5kg
2026-01-27,-4.4,-0.1,-7.4,0.0,14020.0,토마토,5kg
2026-01-28,-5.4,-0.8,-9.4,0.0,17380.0,토마토,5kg
2026-01-28,-5.4,-0.8,-9.4,0.0,14660.0,토마토,5kg
2026-01-29,-5.2,-0.3,-8.7,0.0,17660.0,토마토,5kg
2026-01-29,-5.2,-0.3,-8.7,0.0,14280.0,토마토,5kg
2026-01-30,-6.4,-1.8,-9.2,0.0,17600.0,토마토,5kg
2026-01-30,-6.4,-1.8,-9.2,0.0,14780.0,토마토,5kg
2026-01-31,-4.1,1.7,-9.5,0.0,0.0,토마토,5kg
2026-01-31,-4.1,1.7,-9.5,0.0,0.0,토마토,5kg
2026-02-01,-2.0,2.1,-7.1,0.0,0.0,토마토,5kg
2026-02-02,-2.1,1.0,-4.3,2.4,18120.0,토마토,5kg
2026-02-02,-2.1,1.0,-4.3,2.4,14980.0,토마토,5kg
2026-02-03,-0.9,5.6,-7.6,0.0,18380.0,토마토,5kg
2026-02-03,-0.9,5.6,-7.6,0.0,15040.0,토마토,5kg
2026-02-04,2.8,5.7,0.9,0.0,18460.0,토마토,5kg
2026-02-04,2.8,5.7,0.9,0.0,15480.0,토마토,5kg
2026-02-05,3.6,10.1,-2.8,0.0,18880.0,토마토,5kg
2026-02-05,3.6,10.1,-2.8,0.0,15780.0,토마토,5kg
2026-02-06,-6.0,-2.4,-8.3,0.0,18960.0,토마토,5kg
2026-02-06,-6.0,-2.4,-8.3,0.0,16240.0,토마토,5kg
2026-02-07,-8.1,-4.0,-10.8,0.0,0.0,토마토,5kg
2026-02-07,-8.1,-4.0,-10.8,0.0,0.0,토마토,5kg
2026-02-08,-8.2,-3.5,-12.4,0.0,0.0,토마토,5kg
2026-02-09,-3.1,4.4,-10.1,0.0,15960.0,토마토,5kg
2026-02-09,-3.1,4.4,-10.1,0.0,18740.0,토마토,5kg
2026-02-10,1.4,4.8,-2.5,0.8,18400.0,토마토,5kg
2026-02-10,1.4,4.8,-2.5,0.8,15600.0,토마토,5kg
2026-02-11,2.7,6.9,0.0,0.0,18280.0,토마토,5kg
2026-02-11,2.7,6.9,0.0,0.0,15500.0,토마토,5kg
2026-02-12,2.8,8.5,-2.7,0.0,18580.0,토마토,5kg
2026-02-12,2.8,8.5,-2.7,0.0,15420.0,토마토,5kg
2026-02-13,5.3,7.8,3.5,0.0,18440.0,토마토,5kg
2026-02-13,5.3,7.8,3.5,0.0,15440.0,토마토,5kg
2026-02-14,7.8,12.8,4.2,0.0,0.0,토마토,5kg
2026-02-14,7.8,12.8,4.2,0.0,0.0,토마토,5kg
2026-02-15,6.6,11.6,0.6,0.0,0.0,토마토,5kg
2026-02-16,2.4,8.4,-1.6,0.0,0.0,토마토,5kg
2026-02-16,2.4,8.4,-1.6,0.0,0.0,토마토,5kg
2026-02-17,1.7,8.8,-3.3,0.0,0.0,토마토,5kg
2026-02-17,1.7,8.8,-3.3,0.0,0.0,토마토,5kg
2026-02-18,2.4,7.2,-0.7,0.0,0.0,토마토,5kg
2026-02-18,2.4,7.2,-0.7,0.0,0.0,토마토,5kg
2026-02-19,2.1,8.4,-3.3,0.0,18440.0,토마토,5kg
2026-02-19,2.1,8.4,-3.3,0.0,15440.0,토마토,5kg
2026-02-20,6.3,13.8,-1.0,0.0,17440.0,토마토,5kg
2026-02-20,6.3,13.8,-1.0,0.0,14580.0,토마토,5kg
2026-02-21,10.7,18.4,3.7,0.0,0.0,토마토,5kg
2026-02-21,10.7,18.4,3.7,0.0,0.0,토마토,5kg
2026-02-22,8.4,12.5,0.9,0.0,0.0,토마토,5kg
2026-02-23,1.8,5.7,-1.4,0.0,13860.0,토마토,5kg
2026-02-23,1.8,5.7,-1.4,0.0,16660.0,토마토,5kg
2026-02-24,2.8,5.9,0.5,0.0,16660.0,토마토,5kg
2026-02-24,2.8,5.9,0.5,0.0,13680.0,토마토,5kg
2026-02-25,7.4,16.1,-1.3,0.0,17040.0,토마토,5kg
2026-02-25,7.4,16.1,-1.3,0.0,14120.0,토마토,5kg
2026-02-26,8.3,13.7,3.1,0.0,16860.0,토마토,5kg
2026-02-26,8.3,13.7,3.1,0.0,13940.0,토마토,5kg
2026-02-27,9.6,14.8,6.1,0.0,16900.0,토마토,5kg
2026-02-27,9.6,14.8,6.1,0.0,13880.0,토마토,5kg
2026-02-28,9.3,17.2,2.2,0.0,0.0,토마토,5kg
2026-02-28,9.3,17.2,2.2,0.0,0.0,토마토,5kg
2026-03-01,9.1,12.8,5.7,0.0,0.0,토마토,5kg
2026-03-02,4.9,7.5,2.8,12.2,0.0,토마토,5kg
2026-03-02,4.9,7.5,2.8,12.2,0.0,토마토,5kg
2026-03-03,5.9,11.8,2.0,1.3,17700.0,토마토,5kg
2026-03-03,5.9,11.8,2.0,1.3,14900.0,토마토,5kg
2026-03-04,6.0,12.0,0.7,0.0,18100.0,토마토,5kg
2026-03-04,6.0,12.0,0.7,0.0,15320.0,토마토,5kg
2026-03-05,6.0,13.2,1.4,15.5,17840.0,토마토,5kg
2026-03-05,6.0,13.2,1.4,15.5,14540.0,토마토,5kg
2026-03-06,1.9,3.8,-0.4,0.0,18620.0,토마토,5kg
2026-03-06,1.9,3.8,-0.4,0.0,15760.0,토마토,5kg
2026-03-07,1.0,6.2,-2.9,0.0,0.0,토마토,5kg
2026-03-07,1.0,6.2,-2.9,0.0,0.0,토마토,5kg
2026-03-08,2.0,7.4,-3.4,0.0,0.0,토마토,5kg
2026-03-09,4.5,8.1,2.0,0.0,15180.0,토마토,5kg
2026-03-09,4.5,8.1,2.0,0.0,18380.0,토마토,5kg
2026-03-10,3.9,10.0,-0.6,0.0,15340.0,토마토,5kg
2026-03-10,3.9,10.0,-0.6,0.0,18100.0,토마토,5kg
2026-03-11,4.5,10.0,0.1,0.0,18400.0,토마토,5kg
2026-03-11,4.5,10.0,0.1,0.0,15360.0,토마토,5kg
2026-03-12,7.1,13.8,0.7,0.0,18060.0,토마토,5kg
2026-03-12,7.1,13.8,0.7,0.0,15200.0,토마토,5kg
2026-03-13,7.6,13.6,2.3,0.0,18060.0,토마토,5kg
2026-03-13,7.6,13.6,2.3,0.0,15220.0,토마토,5kg
2026-03-14,8.1,13.4,4.9,0.0,0.0,토마토,5kg
2026-03-14,8.1,13.4,4.9,0.0,0.0,토마토,5kg
2026-03-15,7.4,11.4,4.2,0.1,0.0,토마토,5kg
2026-03-16,7.4,13.8,1.8,0.0,18380.0,토마토,5kg
2026-03-16,7.4,13.8,1.8,0.0,15540.0,토마토,5kg
2026-03-17,8.8,15.7,2.3,0.0,15660.0,토마토,5kg
2026-03-17,8.8,15.7,2.3,0.0,18420.0,토마토,5kg
2026-03-18,6.8,9.4,4.2,4.8,18180.0,토마토,5kg
2026-03-18,6.8,9.4,4.2,4.8,15380.0,토마토,5kg
2026-03-19,6.1,12.9,1.4,0.0,18500.0,토마토,5kg
2026-03-19,6.1,12.9,1.4,0.0,15900.0,토마토,5kg
2026-03-20,7.5,13.9,2.5,0.0,18500.0,토마토,5kg
2026-03-20,7.5,13.9,2.5,0.0,16060.0,토마토,5kg
2026-03-21,8.4,15.7,2.0,0.0,0.0,토마토,5kg
2026-03-21,8.4,15.7,2.0,0.0,0.0,토마토,5kg
2026-03-22,11.0,18.6,5.5,0.0,0.0,토마토,5kg
2026-03-23,11.9,20.1,4.5,0.0,16580.0,토마토,5kg
2026-03-23,11.9,20.1,4.5,0.0,19080.0,토마토,5kg
2026-03-24,12.9,18.7,8.2,0.0,15900.0,토마토,5kg
2026-03-24,12.9,18.7,8.2,0.0,18460.0,토마토,5kg
2026-03-25,12.8,19.7,8.7,0.0,18640.0,토마토,5kg
2026-03-25,12.8,19.7,8.7,0.0,16100.0,토마토,5kg
2026-03-26,12.1,19.5,6.6,0.0,18940.0,토마토,5kg
2026-03-26,12.1,19.5,6.6,0.0,16200.0,토마토,5kg
2026-03-27,11.4,18.2,5.9,0.0,18720.0,토마토,5kg
2026-03-27,11.4,18.2,5.9,0.0,16040.0,토마토,5kg
2026-03-28,12.2,20.5,6.0,0.0,0.0,토마토,5kg
2026-03-28,12.2,20.5,6.0,0.0,0.0,토마토,5kg
2026-03-29,13.6,20.7,7.5,0.0,0.0,토마토,5kg
2026-03-30,16.0,21.2,11.0,1.8,18860.0,토마토,5kg
2026-03-30,16.0,21.2,11.0,1.8,16040.0,토마토,5kg
2026-03-31,14.2,18.7,10.7,8.2,15920.0,토마토,5kg
2026-03-31,14.2,18.7,10.7,8.2,18600.0,토마토,5kg
2026-04-01,13.3,18.0,9.3,0.0,19100.0,토마토,5kg
2026-04-01,13.3,18.0,9.3,0.0,16580.0,토마토,5kg
2026-04-02,11.6,18.1,6.4,0.0,18800.0,토마토,5kg
2026-04-02,11.6,18.1,6.4,0.0,16280.0,토마토,5kg
2026-04-03,14.7,22.3,7.3,0.0,18140.0,토마토,5kg
2026-04-03,14.7,22.3,7.3,0.0,15480.0,토마토,5kg
2026-04-04,14.3,21.2,8.5,0.0,0.0,토마토,5kg
2026-04-04,14.3,21.2,8.5,0.0,0.0,토마토,5kg
2026-04-05,11.5,17.2,7.2,2.1,0.0,토마토,5kg
2026-04-06,10.2,14.0,5.4,1.2,17280.0,토마토,5kg
2026-04-06,10.2,14.0,5.4,1.2,14520.0,토마토,5kg
2026-04-07,8.2,14.0,3.3,0.0,17000.0,토마토,5kg
2026-04-07,8.2,14.0,3.3,0.0,14300.0,토마토,5kg
2026-04-08,10.3,16.6,3.5,0.0,17180.0,토마토,5kg
2026-04-08,10.3,16.6,3.5,0.0,14340.0,토마토,5kg
